'Agency Name','Days after Jan 1','Hours past Midnight','Route Type','Related Non-Motorist','Collision Type',Weather,'Surface Condition',Light,'Traffic Control','Driver Substance Abuse','Non-Motorist Substance Abuse','Pedestrian Movement','Pedestrian Actions','Pedestrian Location','At Fault','Safety Equipment','Lat- Normalized','Long- Normalized','Injury Severity'
MONTGOMERY,43803,17.267,County,Pedestrian,'Single Vehicle',Cloudy,Dry,'Dark - Not Lighted','NO CONTROLS','None Detected','None Detected',Standing,None,SIDEWALK,No,None,0.465067,0.913039,'No Apparent Injury'
TAKOMA,43134,15.067,County,Pedestrian,'Single Vehicle',Clear,Dry,Dusk,'NO CONTROLS','None Detected','None Detected','Cross/Enter at Intersection',None,'ON ROADWAY AT CROSSWALK',No,None,0.497672,0.965892,'Possible Injury'
MONTGOMERY,45467,17.683,County,Pedestrian,'Single Vehicle',Clear,Dry,Daylight,'NO CONTROLS','None Detected','None Detected','Cross/Enter at Intersection',None,'ON ROADWAY AT CROSSWALK',No,None,0.486247,0.921065,'Possible Injury'
ROCKVILLE,45381,15.5,County,Pedestrian,'Single Vehicle',Clear,Dry,Daylight,'NO CONTROLS','None Detected','None Detected',Standing,None,'ON ROADWAY AT CROSSWALK',No,None,0.580907,0.904801,'Suspected Minor Injury'
ROCKVILLE,45345,10.067,County,Pedestrian,'Single Vehicle',Rain,Dry,Daylight,'NO CONTROLS','None Detected','None Detected','Cross/Enter at Intersection',None,'ON ROADWAY AT CROSSWALK',No,None,0.633878,0.877446,'Possible Injury'
ROCKVILLE,45447,18,County,Pedestrian,'Single Vehicle',Cloudy,Dry,Daylight,'NO CONTROLS','None Detected','None Detected','Cross/Enter at Intersection',None,'ON ROADWAY AT CROSSWALK',No,Yes,0.577059,0.909019,'Possible Injury'
MONTGOMERY,45342,0.233,County,Pedestrian,'Single Vehicle',Clear,Dry,'Dark - Lighted','NO CONTROLS','None Detected','None Detected',Standing,None,'ON ROADWAY AT CROSSWALK',No,None,0.605505,0.985799,'Suspected Minor Injury'
MONTGOMERY,45331,17.5,County,'Occupant of Motor Vehicle Not in Transport','Front to Front',Clear,Dry,Dusk,'NO CONTROLS','None Detected','None Detected',Standing,None,'ON ROADWAY AT CROSSWALK',No,None,0.579745,0.939711,'Suspected Minor Injury'
MONTGOMERY,45448,16.25,County,Pedestrian,'Single Vehicle',Rain,Dry,Daylight,'NO CONTROLS','None Detected','None Detected','Cross/Enter at Intersection',None,'ON ROADWAY AT CROSSWALK',No,None,0.627816,0.927358,'No Apparent Injury'
MONTGOMERY,45463,17.25,County,Pedestrian,'Single Vehicle',Clear,Dry,Daylight,'NO CONTROLS','None Detected','None Detected','Walking/Cycling Along Roadway Against Traffic (In or Adjacent to Travel Lane)',None,'ON ROADWAY AT CROSSWALK',No,None,0.690356,0.866516,'No Apparent Injury'
TAKOMA,45450,18.4,Municipality,'Scooter (electric)','Single Vehicle',Clear,Dry,Daylight,'NO CONTROLS','None Detected','None Detected','Walking/Cycling Along Roadway Against Traffic (In or Adjacent to Travel Lane)',None,'ON ROADWAY AT CROSSWALK',No,Yes,0.485975,0.957936,'No Apparent Injury'
MONTGOMERY,45375,8.333,County,Pedestrian,'Single Vehicle',Clear,Dry,Daylight,'NO CONTROLS','None Detected','None Detected','Cross/Enter at Intersection',None,'ON ROADWAY AT CROSSWALK',No,None,0.567072,0.930768,'Suspected Minor Injury'
MONTGOMERY,45331,16,County,'Scooter (electric)','Single Vehicle',Clear,Dry,Daylight,'NO CONTROLS','None Detected','None Detected','Walking/Cycling on Sidewalk',None,Sidewalk,No,None,0.593803,0.956053,'Suspected Minor Injury'
MONTGOMERY,45444,12.417,County,'Cyclist (Electric)','Single Vehicle',Clear,Dry,Daylight,'NO CONTROLS','None Detected','None Detected','Walking/Cycling on Sidewalk',None,'AT INTERSECTION UNMARKED CROSSWALK',No,None,0.608914,0.926161,'Possible Injury'
MONTGOMERY,45458,17.5,'Private Route','Cyclist (Electric)','Single Vehicle',Clear,Dry,Daylight,'NO CONTROLS','None Detected','None Detected','Cross/Enter at Intersection','Improper Passing','ON ROADWAY AT CROSSWALK',Yes,None,0.528051,0.971687,'Possible Injury'
MONTGOMERY,45438,16.167,County,Pedestrian,'Single Vehicle',Clear,Dry,Daylight,'NO CONTROLS','None Detected','None Detected','Cross/Enter at Intersection',None,'ON ROADWAY AT CROSSWALK',No,None,0.739263,0.848377,'Suspected Minor Injury'
MONTGOMERY,45466,11,'Maryland (State)','Cyclist (non-electric)','Single Vehicle',Cloudy,Dry,Daylight,'NO CONTROLS','None Detected','None Detected','Walking/Cycling Along Roadway With Traffic (In or Adjacent to Travel Lane)',Inattentive,'Travel Lane  Location',Yes,Yes,0.544995,0.860168,'Suspected Minor Injury'
MONTGOMERY,45459,10.967,County,'Scooter (electric)','Single Vehicle',Clear,Dry,Daylight,'NO CONTROLS','None Detected','None Detected','Walking/Cycling on Sidewalk',None,'Driveway Access',No,None,0.60184,0.928613,'Possible Injury'
MONTGOMERY,45468,18.617,County,'Cyclist (Electric)','Single Vehicle',Clear,Dry,Daylight,'NO CONTROLS','None Detected','None Detected','Walking/Cycling Along Roadway With Traffic (In or Adjacent to Travel Lane)',None,Shoulder/Roadside,No,Yes,0.70382,0.881493,'Suspected Minor Injury'
ROCKVILLE,45382,19.667,County,Pedestrian,'Single Vehicle',Clear,Dry,'Dark - Lighted','NO CONTROLS','None Detected','None Detected','Push/Work on Vehicle',Inattentive,'ON ROADWAY AT CROSSWALK',No,None,0.609957,0.893182,'Possible Injury'
MONTGOMERY,43366,14.6,'Maryland (State)',Pedestrian,'Single Vehicle',Rain,Wet,Daylight,'NO CONTROLS','None Detected','None Detected','Cross/Enter at Intersection',None,'ON ROADWAY AT CROSSWALK',No,None,0.804508,0.872534,'No Apparent Injury'
MONTGOMERY,45418,11.2,County,Pedestrian,'Single Vehicle',Cloudy,Dry,Daylight,'NO CONTROLS','None Detected','None Detected','Cross/Enter Not at Intersection',None,'ON ROADWAY AT CROSSWALK',No,None,0.468428,0.913754,'Suspected Minor Injury'
ROCKVILLE,45345,10.067,County,Pedestrian,'Single Vehicle',Rain,Dry,Daylight,'NO CONTROLS','None Detected','None Detected','Cross/Enter at Intersection',None,'ON ROADWAY AT CROSSWALK',No,None,0.633878,0.877446,'Possible Injury'
TAKOMA,45334,19.55,'Maryland (State)',Pedestrian,'Single Vehicle',Rain,Wet,'Dark - Lighted','NO CONTROLS','None Detected','None Detected','Cross/Enter at Intersection',None,'AT INTERSECTION MARKED CROSSWALK',No,None,0.491987,0.953759,'Suspected Minor Injury'
GAITHERSBURG,45463,17.183,'Maryland (State)',Pedestrian,'Single Vehicle',Clear,Dry,Daylight,'TRAFFIC SIGNAL','None Detected','None Detected','Cross/Enter at Intersection','FAILURE TO YIELD RIGHT OF WAY','AT INTERSECTION MARKED CROSSWALK',No,None,0.677355,0.863829,'Suspected Minor Injury'
MONTGOMERY,45353,12.25,County,Pedestrian,'Single Vehicle',Rain,Dry,Daylight,'NO CONTROLS','None Detected','None Detected','Cross/Enter Not at Intersection',Dart/Dash,'ON ROADWAY AT CROSSWALK',No,None,0.611476,0.926504,'Suspected Minor Injury'
MONTGOMERY,45454,9.867,County,'Scooter (electric)','Single Vehicle',Cloudy,Dry,Daylight,'TRAFFIC SIGNAL','None Detected','None Detected','Cross/Enter at Intersection',None,'AT INTERSECTION MARKED CROSSWALK',No,Yes,0.504728,0.948361,'Suspected Minor Injury'
MONTGOMERY,45468,12.767,'Local Route',Pedestrian,'Single Vehicle',Cloudy,Dry,Daylight,'NO CONTROLS','None Detected','None Detected','Walking/Cycling Along Roadway Against Traffic (In or Adjacent to Travel Lane)','In Roadway Improperly','Travel Lane  Location',Yes,None,0.65121,0.857686,'Suspected Minor Injury'
MONTGOMERY,45449,21.117,County,Pedestrian,'Single Vehicle',Clear,Dry,'Dark - Lighted','NO CONTROLS','None Detected','None Detected','Cross/Enter at Intersection',None,'ON ROADWAY AT CROSSWALK',No,None,0.738343,0.850151,'Suspected Minor Injury'
MONTGOMERY,45463,17.25,County,Pedestrian,'Single Vehicle',Clear,Dry,Daylight,'NO CONTROLS','None Detected','None Detected','Walking/Cycling Along Roadway Against Traffic (In or Adjacent to Travel Lane)',None,'ON ROADWAY AT CROSSWALK',No,None,0.690356,0.866516,'Suspected Minor Injury'
MONTGOMERY,45437,15.55,County,Pedestrian,'Single Vehicle',Clear,Dry,Daylight,'NO CONTROLS','None Detected','None Detected','Cross/Enter at Intersection',None,'Driveway Access',No,None,0.543919,0.926931,'Suspected Minor Injury'
GAITHERSBURG,45317,7.9,County,Pedestrian,'Single Vehicle',Clear,Dry,Daylight,'NO CONTROLS','None Detected','None Detected','Cross/Enter at Intersection',None,'AT INTERSECTION MARKED CROSSWALK',No,None,0.666807,0.875633,'Possible Injury'
MONTGOMERY,45457,6.733,Government,'Cyclist (non-electric)','Single Vehicle',Clear,Dry,Daylight,'TRAFFIC SIGNAL','None Detected','None Detected','Cross/Enter at Intersection',None,'AT INTERSECTION MARKED CROSSWALK',No,Yes,0.470489,0.900786,'Suspected Minor Injury'
MONTGOMERY,45456,9.167,County,Pedestrian,'Single Vehicle',Clear,Dry,Daylight,'NO CONTROLS','None Detected','None Detected','Cross/Enter Not at Intersection',Dart/Dash,Shoulder/Roadside,Yes,None,0.554734,0.963264,'Suspected Minor Injury'
MONTGOMERY,45464,10,County,Pedestrian,'Single Vehicle',Clear,Dry,Daylight,PERSON,'None Detected','None Detected',' Working',None,'Intersection ',No,Yes,0.569416,0.905159,'Suspected Minor Injury'
MONTGOMERY,45462,7.75,County,Pedestrian,'Single Vehicle',Clear,Dry,Daylight,'Pedestrian Crossing','None Detected','None Detected','Cross/Enter at Intersection',None,'AT INTERSECTION MARKED CROSSWALK',No,None,0.617258,0.867935,'Possible Injury'
MONTGOMERY,45459,1.65,County,'Cyclist (non-electric)','Single Vehicle',Clear,Dry,'Dark - Lighted','NO CONTROLS','None Detected','None Detected','Walking/Cycling on Sidewalk',None,'Driveway Access',No,None,0.578774,0.938649,'Suspected Minor Injury'
MONTGOMERY,45430,4.95,County,Pedestrian,'Single Vehicle',Rain,Dry,'Dark - Lighted','NO CONTROLS','None Detected','Suspect of Alcohol Use','Cross/Enter at Intersection',None,'ON ROADWAY AT CROSSWALK',No,None,0.506679,0.948459,'Suspected Minor Injury'
MONTGOMERY,45348,12.067,County,Pedestrian,'Single Vehicle',Clear,Dry,Daylight,'NO CONTROLS','None Detected','None Detected',Standing,None,'NonTrafficway Area',No,None,0.681022,0.952024,'Suspected Minor Injury'
MONTGOMERY,45444,18.45,'Maryland (State)',Pedestrian,'Single Vehicle',Clear,Dry,Daylight,'TRAFFIC SIGNAL','None Detected','None Detected','Cross/Enter at Intersection',None,'AT INTERSECTION MARKED CROSSWALK',No,None,0.504969,0.944767,'Suspected Minor Injury'
MONTGOMERY,45366,15.083,County,Pedestrian,'Single Vehicle',Cloudy,Dry,Daylight,'NO CONTROLS','None Detected','None Detected',Standing,None,'ON ROADWAY AT CROSSWALK',No,None,0.649651,0.882224,'Suspected Serious Injury'
MONTGOMERY,45334,19.55,County,Pedestrian,'Single Vehicle',Rain,Dry,'Dark - Lighted','NO CONTROLS','None Detected','None Detected','Walking/Cycling on Sidewalk',None,'ON ROADWAY AT CROSSWALK',No,None,0.506667,0.948496,'Possible Injury'
MONTGOMERY,45415,7.55,County,'Cyclist (non-electric)','Single Vehicle',Clear,Dry,Daylight,'NO CONTROLS','None Detected','None Detected','Walking/Cycling on Sidewalk',None,Sidewalk,No,Yes,0.497481,0.925147,'Suspected Minor Injury'
MONTGOMERY,45408,12.55,County,Pedestrian,'Single Vehicle',Clear,Dry,Daylight,'NO CONTROLS','None Detected','None Detected',' Working',None,'Travel Lane  Location',No,None,0.779679,0.836973,'Possible Injury'
MONTGOMERY,45462,7.75,County,Pedestrian,'Single Vehicle',Clear,Dry,Daylight,'Pedestrian Crossing','None Detected','None Detected','Cross/Enter at Intersection',None,'AT INTERSECTION MARKED CROSSWALK',No,None,0.617258,0.867935,'Possible Injury'
MONTGOMERY,45367,10.833,County,Pedestrian,'Single Vehicle',Clear,Dry,Daylight,'NO CONTROLS','None Detected','None Detected',Standing,None,'Driveway Access',No,None,0.562905,0.917912,'Suspected Minor Injury'
MONTGOMERY,45462,18.967,County,'Scooter (electric)','Single Vehicle',Clear,Dry,Daylight,'NO CONTROLS','None Detected','None Detected','Walking/Cycling on Sidewalk',None,Sidewalk,No,None,0.534761,0.954341,'Suspected Minor Injury'
MONTGOMERY,45345,13.5,County,Pedestrian,'Single Vehicle',Cloudy,Dry,Daylight,'NO CONTROLS','None Detected','None Detected',Standing,None,'ON ROADWAY AT CROSSWALK',No,None,0.587742,0.971569,'Suspected Minor Injury'
MONTGOMERY,45336,8.4,County,Pedestrian,'Single Vehicle',Clear,Dry,Daylight,'NO CONTROLS','None Detected','None Detected','Cross/Enter at Intersection',None,'AT INTERSECTION MARKED CROSSWALK',No,None,0.738691,0.849843,'Suspected Minor Injury'
ROCKVILLE,45335,15.5,County,'Wheelchair (electric)','Single Vehicle',Clear,Dry,Daylight,'NO CONTROLS','None Detected','None Detected','Walking/Cycling Along Roadway With Traffic (In or Adjacent to Travel Lane)','In Roadway Improperly','NonTrafficway Area',Yes,None,0.614029,0.89386,'No Apparent Injury'
MONTGOMERY,45463,9.983,'Maryland (State)','Cyclist (non-electric)','Single Vehicle',Clear,Dry,Daylight,'TRAFFIC SIGNAL','None Detected','None Detected',Standing,None,'Travel Lane  Location',No,Yes,0.492737,0.900292,'Possible Injury'
TAKOMA,45449,5.367,County,Pedestrian,'Single Vehicle',Clear,Dry,'Dark - Not Lighted','NO CONTROLS','None Detected','None Detected','Walking/Cycling on Sidewalk','NOT VISIBLE',Sidewalk,No,None,0.483385,0.963584,'Suspected Minor Injury'
MONTGOMERY,45352,7.667,County,Pedestrian,'Single Vehicle',Clear,Dry,Daylight,'NO CONTROLS','None Detected','None Detected',' Working',None,'ON ROADWAY AT CROSSWALK',No,None,0.59847,0.879966,'No Apparent Injury'
MONTGOMERY,45407,16.167,County,Pedestrian,'Single Vehicle',Clear,Dry,Daylight,'NO CONTROLS','None Detected','None Detected','Walking/Cycling on Sidewalk',None,Sidewalk,No,None,0.639125,0.889678,'Possible Injury'
MONTGOMERY,45457,19.15,Municipality,'Cyclist (non-electric)','Single Vehicle',Clear,Dry,Daylight,'NO CONTROLS','None Detected','None Detected',None,None,'ON ROADWAY AT CROSSWALK',No,None,0.48567,0.926225,'Suspected Minor Injury'
MONTGOMERY,45384,12.25,County,Pedestrian,'Single Vehicle',Rain,Dry,Daylight,'NO CONTROLS','None Detected','None Detected','Cross/Enter at Intersection',None,'ON ROADWAY AT CROSSWALK',No,None,0.717302,0.856619,'Possible Injury'
MONTGOMERY,45463,16.683,'Private Route',Pedestrian,'Single Vehicle',Clear,Dry,Daylight,'TRAFFIC SIGNAL','None Detected','None Detected','Cross/Enter at Intersection',None,'AT INTERSECTION MARKED CROSSWALK',No,None,0.541345,0.897268,'Suspected Minor Injury'
MONTGOMERY,45465,17.683,County,Pedestrian,'Single Vehicle',Clear,Dry,Daylight,'NO CONTROLS','None Detected','None Detected','Cross/Enter Not at Intersection',Dart/Dash,'Travel Lane  Location',Yes,None,0.707695,0.870389,'Suspected Minor Injury'
MONTGOMERY,45455,17.783,'Maryland (State)','Cyclist (non-electric)','Single Vehicle',Cloudy,Dry,Daylight,'TRAFFIC SIGNAL','None Detected','None Detected','Cross/Enter at Intersection',None,'AT INTERSECTION MARKED CROSSWALK',No,Yes,0.503846,0.946435,'Possible Injury'
GAITHERSBURG,45317,7.9,County,Pedestrian,'Single Vehicle',Clear,Dry,Daylight,'NO CONTROLS','None Detected','None Detected','Cross/Enter at Intersection',None,'AT INTERSECTION MARKED CROSSWALK',Yes,None,0.666807,0.875633,'Possible Injury'
MONTGOMERY,45405,16.8,County,Pedestrian,'Rear To Side',Clear,Dry,Daylight,'NO CONTROLS','None Detected','None Detected',Standing,None,'ON ROADWAY AT CROSSWALK',No,None,0.721685,0.843719,'Suspected Minor Injury'
MONTGOMERY,45421,12,County,Pedestrian,'Single Vehicle',Foggy,Dry,Daylight,'NO CONTROLS','None Detected','None Detected',' Working',None,'ON ROADWAY AT CROSSWALK',No,None,0.672165,0.872646,'Suspected Minor Injury'
MONTGOMERY,45465,19.567,County,'Cyclist (non-electric)','Single Vehicle',Clear,Dry,Daylight,'TRAFFIC SIGNAL','None Detected','None Detected','Cross/Enter at Intersection',None,'Intersection ',Yes,None,0.726325,0.87836,'Suspected Minor Injury'
ROCKVILLE,45465,16.567,'Maryland (State)',Pedestrian,'Single Vehicle',Clear,Dry,Daylight,'TRAFFIC SIGNAL','None Detected','None Detected','Cross/Enter at Intersection',None,'AT INTERSECTION MARKED CROSSWALK',No,None,0.64564,0.886264,'Suspected Minor Injury'
GAITHERSBURG,45317,7.9,County,Pedestrian,'Single Vehicle',Clear,Dry,Daylight,'NO CONTROLS','None Detected','None Detected','Cross/Enter at Intersection',None,'AT INTERSECTION MARKED CROSSWALK',No,None,0.666807,0.875633,'Possible Injury'
MONTGOMERY,45349,8.067,County,Pedestrian,'Single Vehicle',Clear,Dry,Daylight,'NO CONTROLS','None Detected','None Detected','Cross/Enter at Intersection',None,'ON ROADWAY AT CROSSWALK',No,None,0.740933,0.851377,'Suspected Minor Injury'
GAITHERSBURG,45420,12.4,County,Pedestrian,'Single Vehicle',Clear,Dry,Daylight,'NO CONTROLS','None Detected','None Detected',Standing,None,'ON ROADWAY AT CROSSWALK',No,None,0.654823,0.855844,'Suspected Minor Injury'
GAITHERSBURG,45352,20.083,County,Pedestrian,'Single Vehicle',Rain,Dry,'Dark - Lighted','NO CONTROLS','None Detected','Suspect of Alcohol Use','Cross/Enter at Intersection','In Roadway Improperly  NOT VISIBLE  ','NonTrafficway Area',No,None,0.679208,0.870653,'Suspected Minor Injury'
MONTGOMERY,45435,15.35,County,Pedestrian,'Single Vehicle',Clear,Dry,Daylight,'NO CONTROLS','None Detected','None Detected','Walking/Cycling on Sidewalk',None,'Driveway Access',No,None,0.596608,0.959755,'Possible Injury'
MONTGOMERY,43540,23.417,County,Pedestrian,'Single Vehicle',Clear,Dry,'Dark - Lighted','NO CONTROLS','None Detected','None Detected','Cross/Enter at Intersection',Inattentive,'ON ROADWAY AT CROSSWALK',Yes,None,0.70409,0.8727,'Suspected Serious Injury'
MONTGOMERY,45470,14.75,County,Pedestrian,'Single Vehicle',Clear,Dry,Daylight,'NO CONTROLS','None Detected','None Detected','Cross/Enter at Intersection',None,'ON ROADWAY AT CROSSWALK',No,None,0.738308,0.849969,'Suspected Serious Injury'
MONTGOMERY,45297,15.15,'Maryland (State)',Pedestrian,'Single Vehicle',Rain,Wet,Daylight,'TRAFFIC SIGNAL','None Detected','None Detected','Cross/Enter at Intersection',None,'AT INTERSECTION MARKED CROSSWALK',No,None,0.565146,0.911016,'No Apparent Injury'
ROCKVILLE,45474,16.583,'Maryland (State)','Wheelchair (electric)','Single Vehicle',Clear,Dry,Daylight,'NO CONTROLS','None Detected','None Detected','Walking/Cycling on Sidewalk',None,'Driveway Access',No,None,0.619678,0.89323,'Possible Injury'
MONTGOMERY,45292,6.383,County,Pedestrian,'Single Vehicle',Clear,Wet,'Dark - Not Lighted','NO CONTROLS','None Detected','None Detected','Push/Work on Vehicle','Disabled Vehicle-Related (Working on  Pushing  Leaving/Approaching)','Travel Lane  Location',No,None,0.57288,0.918723,'Suspected Minor Injury'
MONTGOMERY,45293,7.167,County,Pedestrian,'Single Vehicle',Clear,Dry,Daylight,'TRAFFIC SIGNAL','None Detected','None Detected','Cross/Enter at Intersection',None,'AT INTERSECTION MARKED CROSSWALK',No,None,0.546201,0.914328,'Possible Injury'
MONTGOMERY,45457,10.75,County,'Cyclist (non-electric)','Single Vehicle',Clear,Dry,Daylight,'NO CONTROLS','None Detected','None Detected','Walking/Cycling Along Roadway With Traffic (In or Adjacent to Travel Lane)',None,'ON ROADWAY AT CROSSWALK',No,Yes,0.624439,0.967534,'Suspected Minor Injury'
MONTGOMERY,45464,12.083,'Maryland (State)','Scooter (electric)','Single Vehicle',Clear,Dry,Daylight,'TRAFFIC SIGNAL','None Detected','None Detected','Cross/Enter at Intersection','Failure to Obey Traffic Signs  Signals  or Officer','AT INTERSECTION MARKED CROSSWALK',No,None,0.556682,0.964754,'Suspected Minor Injury'
MONTGOMERY,45292,6.383,County,Pedestrian,'Single Vehicle',Clear,Wet,'Dark - Not Lighted','NO CONTROLS','None Detected','None Detected','Cross/Enter at Intersection','Disabled Vehicle-Related (Working on  Pushing  Leaving/Approaching)','ON ROADWAY AT CROSSWALK',No,None,0.57288,0.918723,'Suspected Minor Injury'
MONTGOMERY,45295,13.333,County,Pedestrian,'Single Vehicle',Clear,Dry,Daylight,'NO CONTROLS','None Detected','None Detected','Cross/Enter at Intersection',None,'Driveway Access',No,None,0.738356,0.850094,'Suspected Minor Injury'
MONTGOMERY,45467,21.917,County,Pedestrian,'Single Vehicle',Clear,Dry,'Dark - Lighted','NO CONTROLS','None Detected','None Detected','Cross/Enter Not at Intersection','In Roadway Improperly  NOT VISIBLE  ','Travel Lane  Location',Yes,None,0.565448,0.915709,'Suspected Minor Injury'
GAITHERSBURG,45297,1.1,' Public Roadway','Scooter (electric)','Single Vehicle',Clear,Dry,'Dark - Lighted','NO CONTROLS','None Detected','None Detected','Cross/Enter at Intersection',None,'Intersection ',No,None,0.650738,0.857394,'No Apparent Injury'
MONTGOMERY,45469,21.967,County,Pedestrian,'Single Vehicle',Rain,Wet,'Dark - Not Lighted','NO CONTROLS','None Detected','Suspect of Alcohol Use','Cross/Enter Not at Intersection',Dart/Dash,'Travel Lane  Location',Yes,None,0.685599,0.888123,'Suspected Serious Injury'
MONTGOMERY,45473,13.483,'US (State)','Cyclist (non-electric)','Single Vehicle',Clear,Dry,Daylight,'NO CONTROLS','None Detected','None Detected','Walking/Cycling on Sidewalk',None,'Driveway Access',No,Yes,0.501104,0.948902,'No Apparent Injury'
GAITHERSBURG,45297,1.1,' Public Roadway','Scooter (electric)','Single Vehicle',Clear,Dry,'Dark - Lighted','NO CONTROLS','None Detected','None Detected','Cross/Enter at Intersection',None,'Intersection ',No,None,0.650738,0.857394,'No Apparent Injury'
MONTGOMERY,45298,17.9,County,Pedestrian,'Single Vehicle',Clear,Dry,Daylight,'TRAFFIC SIGNAL','None Detected','None Detected','Cross/Enter at Intersection',None,'AT INTERSECTION MARKED CROSSWALK',No,None,0.725103,0.8734,'Possible Injury'
MONTGOMERY,45297,16.383,County,Pedestrian,'Single Vehicle',Rain,Wet,Daylight,'TRAFFIC SIGNAL','None Detected','None Detected','Cross/Enter at Intersection',None,'AT INTERSECTION MARKED CROSSWALK',No,None,0.491272,0.918348,'Suspected Minor Injury'
MONTGOMERY,45470,19.783,County,'Cyclist (non-electric)','Single Vehicle',Clear,Dry,Daylight,'NO CONTROLS','None Detected','None Detected','Cross/Enter at Intersection','FAILURE TO YIELD RIGHT OF WAY','AT INTERSECTION UNMARKED CROSSWALK',Yes,None,0.562051,0.939106,'Suspected Minor Injury'
ROCKVILLE,45297,17.933,'Maryland (State)',Pedestrian,'Single Vehicle',Rain,Wet,Daylight,'TRAFFIC SIGNAL','None Detected','None Detected','Cross/Enter at Intersection',None,'AT INTERSECTION MARKED CROSSWALK',No,None,0.606416,0.893416,'Possible Injury'
MONTGOMERY,45294,18.85,County,Pedestrian,'Single Vehicle',Clear,Dry,'Dark - Lighted','NO CONTROLS','None Detected','None Detected','Walking/Cycling Along Roadway With Traffic (In or Adjacent to Travel Lane)','In Roadway Improperly  NOT VISIBLE','Travel Lane  Location',Yes,None,0.689408,0.903149,'Suspected Serious Injury'
GAITHERSBURG,45478,21.417,Municipality,Pedestrian,'Single Vehicle',Clear,Dry,'Dark - Lighted','TRAFFIC SIGNAL','None Detected','None Detected','Cross/Enter at Intersection',None,'AT INTERSECTION MARKED CROSSWALK',No,None,0.696033,0.862652,'Suspected Minor Injury'
MONTGOMERY,45308,13.233,County,Pedestrian,'Single Vehicle',Clear,Dry,Daylight,'NO CONTROLS','None Detected','None Detected',Standing,None,'NonTrafficway Area',No,None,0.742085,0.85206,'Suspected Minor Injury'
MONTGOMERY,45300,14.217,'Maryland (State)',Pedestrian,'Single Vehicle',Rain,Wet,Daylight,'TRAFFIC SIGNAL','None Detected','None Detected','Cross/Enter at Intersection',None,'AT INTERSECTION MARKED CROSSWALK',No,None,0.528919,0.970568,'Suspected Minor Injury'
MONTGOMERY,45300,19.383,County,Pedestrian,'Single Vehicle',Rain,Dry,'Dark - Lighted','NO CONTROLS','None Detected','None Detected','Walking/Cycling Along Roadway Against Traffic (In or Adjacent to Travel Lane)',None,'ON ROADWAY AT CROSSWALK',No,None,0.572787,0.979861,'Suspected Minor Injury'
GAITHERSBURG,45303,20.667,Municipality,Pedestrian,'Single Vehicle',Rain,Wet,'Dark - Lighted','NO CONTROLS','None Detected','None Detected','Cross/Enter at Intersection','Inattentive  ','Driveway Access',No,None,0.652893,0.866581,'Possible Injury'
MONTGOMERY,45308,13.233,County,Pedestrian,'Single Vehicle',Clear,Dry,Daylight,'NO CONTROLS','None Detected','None Detected',Standing,None,'NonTrafficway Area',No,None,0.742085,0.85206,'Suspected Minor Injury'
MONTGOMERY,45308,13.233,County,Pedestrian,'Single Vehicle',Clear,Dry,Daylight,'NO CONTROLS','None Detected','None Detected',Standing,None,'NonTrafficway Area',No,None,0.742085,0.85206,'Suspected Minor Injury'
GAITHERSBURG,45303,21.833,County,Pedestrian,'Single Vehicle',Rain,Dry,'Dark - Lighted','NO CONTROLS','None Detected','None Detected','Cross/Enter at Intersection','NOT VISIBLE','ON ROADWAY AT CROSSWALK',No,None,0.645255,0.87233,'Suspected Minor Injury'
MONTGOMERY,45298,16.767,County,Pedestrian,'Single Vehicle',Clear,Dry,Daylight,'NO CONTROLS','None Detected','None Detected','Cross/Enter Not at Intersection','FAILURE TO YIELD RIGHT OF WAY','Travel Lane  Location',No,None,0.605224,0.984444,'Suspected Minor Injury'
MONTGOMERY,45305,12.017,County,Pedestrian,'Single Vehicle',Clear,Dry,Daylight,'NO CONTROLS','None Detected','None Detected','Cross/Enter at Intersection','None  ','ON ROADWAY AT CROSSWALK',No,None,0.471832,0.914497,'No Apparent Injury'