'Agency Name','Days after Jan 1','Hours past Midnight','Route Type','Related Non-Motorist','Collision Type',Weather,'Surface Condition',Light,'Traffic Control','Driver Substance Abuse','Non-Motorist Substance Abuse','Pedestrian Movement','Pedestrian Actions','Pedestrian Location','At Fault','Safety Equipment','Lat- Normalized','Long- Normalized','Injury Severity'
MONTGOMERY,45305,12.017,County,Pedestrian,'Single Vehicle',Clear,Dry,Daylight,'NO CONTROLS','None Detected','None Detected','Cross/Enter at Intersection','None  ','ON ROADWAY AT CROSSWALK',No,None,0.471832,0.914497,'No Apparent Injury'
MONTGOMERY,45298,13.5,County,Pedestrian,'Single Vehicle',Clear,Dry,Daylight,'TRAFFIC SIGNAL','None Detected','None Detected','Cross/Enter Not at Intersection','FAILURE TO YIELD RIGHT OF WAY','Travel Lane  Location',Yes,None,0.563115,0.932286,'Suspected Minor Injury'
MONTGOMERY,45297,18.15,'Maryland (State)',Pedestrian,'Single Vehicle',Rain,Wet,'Dark - Lighted','TRAFFIC SIGNAL','None Detected','None Detected','Cross/Enter at Intersection',None,'AT INTERSECTION MARKED CROSSWALK',No,None,0.504901,0.944654,'Suspected Minor Injury'
MONTGOMERY,45293,15.05,'US (State)','Scooter (electric)','Single Vehicle',Clear,Dry,Daylight,'Pedestrian Crossing','None Detected','None Detected','Cross/Enter at Intersection','Failure to Obey Traffic Signs  Signals  or Officer','AT INTERSECTION MARKED CROSSWALK',No,None,0.493577,0.948957,'Suspected Serious Injury'
GAITHERSBURG,45305,18.767,'Private Route',Pedestrian,'Single Vehicle',Clear,Dry,'Dark - Lighted','Pedestrian Crossing','None Detected','None Detected','Cross/Enter at Intersection',Dart/Dash,'AT INTERSECTION MARKED CROSSWALK',Yes,None,0.667735,0.870081,'Suspected Minor Injury'
MONTGOMERY,45305,12.017,County,Pedestrian,'Single Vehicle',Clear,Dry,Daylight,'NO CONTROLS','None Detected','None Detected','Cross/Enter at Intersection','None  ','ON ROADWAY AT CROSSWALK',No,None,0.471832,0.914497,'No Apparent Injury'
MONTGOMERY,45303,18,'Maryland (State)',Pedestrian,'Single Vehicle',Cloudy,Dry,'Dark - Not Lighted','TRAFFIC SIGNAL','None Detected','None Detected','Cross/Enter Not at Intersection',None,'MIDBLOCK MARKED CROSSWALK',Yes,None,0.544994,0.927308,'Possible Injury'
ROCKVILLE,45311,16.667,County,Pedestrian,'Single Vehicle',Clear,Dry,Daylight,'NO CONTROLS','None Detected','None Detected','Cross/Enter at Intersection',None,'Driveway Access',Yes,None,0.57737,0.909073,'Suspected Minor Injury'
MONTGOMERY,45308,9.333,County,Pedestrian,'Single Vehicle',Clear,Snow,Daylight,'TRAFFIC SIGNAL','None Detected','Suspect of Alcohol Use','Cross/Enter at Intersection',None,'ON ROADWAY AT CROSSWALK',No,None,0.57137,0.981299,'Possible Injury'
TAKOMA,45300,13.883,County,Pedestrian,'Single Vehicle',Rain,Dry,Daylight,'NO CONTROLS','None Detected','None Detected','Cross/Enter Not at Intersection',None,'AT INTERSECTION UNMARKED CROSSWALK',No,None,0.498606,0.965335,'No Apparent Injury'
MONTGOMERY,45380,20.283,County,'Scooter (electric)','Single Vehicle',Clear,Dry,'Dark - Lighted','Pedestrian Crossing','None Detected','None Detected','Cross/Enter Not at Intersection','FAILURE TO YIELD RIGHT OF WAY','MIDBLOCK MARKED CROSSWALK',No,None,0.57556,0.905106,'Possible Injury'
MONTGOMERY,45478,8.733,'Maryland (State)','Cyclist (non-electric)','Single Vehicle',Clear,Dry,Daylight,'Pedestrian Crossing','None Detected','None Detected','Cross/Enter at Intersection',None,'AT INTERSECTION MARKED CROSSWALK',No,Yes,0.655635,0.92871,'No Apparent Injury'
MONTGOMERY,45317,15.083,'Maryland (State)','Cyclist (non-electric)','Single Vehicle',Clear,Dry,Daylight,'TRAFFIC SIGNAL','None Detected','None Detected','Walking/Cycling Along Roadway With Traffic (In or Adjacent to Travel Lane)',None,'Intersection ',No,Yes,0.480183,0.906923,'Suspected Serious Injury'
MONTGOMERY,45431,18.583,'Maryland (State)','Cyclist (Electric)','Single Vehicle',Clear,Dry,Daylight,'NO CONTROLS','None Detected','None Detected','Cross/Enter at Intersection',None,'AT INTERSECTION MARKED CROSSWALK',No,Yes,0.577649,0.907441,'Suspected Minor Injury'
GAITHERSBURG,45485,17,County,Pedestrian,'Single Vehicle',Clear,Dry,Daylight,'TRAFFIC SIGNAL','None Detected','None Detected','Cross/Enter at Intersection','FAILURE TO YIELD RIGHT OF WAY','Intersection ',Yes,None,0.643026,0.865578,'Suspected Serious Injury'
MONTGOMERY,45301,8.883,County,Pedestrian,'Single Vehicle',Cloudy,Wet,Daylight,'NO CONTROLS','None Detected','None Detected','Walking/Cycling Along Roadway Against Traffic (In or Adjacent to Travel Lane)','In Roadway Improperly','Travel Lane  Location',Yes,None,0.578974,0.926642,'Possible Injury'
GAITHERSBURG,45493,14.333,County,Pedestrian,'Single Vehicle',Cloudy,Dry,Daylight,'NO CONTROLS','None Detected','None Detected','Cross/Enter at Intersection',None,'Driveway Access',No,None,0.678053,0.870191,'Suspected Minor Injury'
MONTGOMERY,45309,22.5,'US (State)','Occupant of Motor Vehicle Not in Transport','Sideswipe  Same Direction',Clear,Dry,'Dark - Lighted','NO CONTROLS','None Detected','None Detected','Push/Work on Vehicle',None,Shoulder/Roadside,No,None,0.656397,0.994545,'Suspected Minor Injury'
MONTGOMERY,45472,11.367,County,Pedestrian,'Single Vehicle',Clear,Dry,Daylight,'NO CONTROLS','None Detected','None Detected','Cross/Enter Not at Intersection',None,'Travel Lane  Location',No,None,0.603044,0.928384,'Suspected Minor Injury'
MONTGOMERY,45486,11.35,County,Pedestrian,'Single Vehicle',Clear,Dry,Daylight,'NO CONTROLS','None Detected','None Detected','Walking/Cycling on Sidewalk',None,Sidewalk,No,None,0.556708,0.91233,'Suspected Minor Injury'
MONTGOMERY,45473,1,County,Pedestrian,'Single Vehicle',Clear,Dry,Daylight,'NO CONTROLS','None Detected','Suspect of Alcohol Use','Walking/Cycling Along Roadway Against Traffic (In or Adjacent to Travel Lane)',None,'ON ROADWAY AT CROSSWALK',No,None,0.712496,0.852172,'Suspected Minor Injury'
MONTGOMERY,45478,16.517,County,'Scooter (non-Electric)','Single Vehicle',Clear,Dry,Daylight,'STOP SIGN','None Detected','None Detected','Cross/Enter at Intersection','FAILURE TO YIELD RIGHT OF WAY','AT INTERSECTION UNMARKED CROSSWALK',Yes,None,0.781872,0.845386,'Suspected Minor Injury'
MONTGOMERY,45476,4.833,County,Pedestrian,'Single Vehicle',Clear,Dry,Dawn,'NO CONTROLS','None Detected','None Detected',' Working',None,'AT INTERSECTION MARKED CROSSWALK',No,None,0.528755,0.970406,'Suspected Minor Injury'
MONTGOMERY,45435,17.75,County,'Cyclist (non-electric)','Single Vehicle',Clear,Dry,Daylight,'NO CONTROLS','None Detected','None Detected','Walking/Cycling on Sidewalk',None,'ON ROADWAY AT CROSSWALK',No,Yes,0.604125,0.936087,'Suspected Minor Injury'
MONTGOMERY,45315,20.667,County,Pedestrian,'Single Vehicle',Cloudy,Wet,'Dark - Lighted','TRAFFIC SIGNAL','None Detected','None Detected','Cross/Enter at Intersection',None,'AT INTERSECTION MARKED CROSSWALK',No,None,0.575565,0.924337,'Suspected Minor Injury'
MONTGOMERY,45471,9.033,County,Pedestrian,'Rear To Side',Clear,Dry,Daylight,'NO CONTROLS','None Detected','None Detected',Standing,None,Shoulder/Roadside,No,None,0.554539,0.963144,'Suspected Minor Injury'
MONTGOMERY,45495,16.633,County,Pedestrian,'Single Vehicle',Clear,Dry,Daylight,'NO CONTROLS','None Detected','None Detected','Cross/Enter at Intersection',None,'AT INTERSECTION MARKED CROSSWALK',No,None,0.467411,0.923096,'Suspected Minor Injury'
MONTGOMERY,45317,12.567,County,Pedestrian,'Single Vehicle',Clear,Dry,Daylight,'NO CONTROLS','None Detected','None Detected','Cross/Enter at Intersection',None,'ON ROADWAY AT CROSSWALK',Yes,None,0.602518,0.925626,'Possible Injury'
ROCKVILLE,45318,14.117,County,Pedestrian,'Single Vehicle',Cloudy,Dry,Daylight,'NO CONTROLS','None Detected','None Detected',None,None,Sidewalk,No,None,0.578174,0.908297,'Suspected Minor Injury'
MONTGOMERY,45487,18,County,'Scooter (electric)','Single Vehicle',Clear,Dry,Daylight,'NO CONTROLS','None Detected','None Detected','Walking/Cycling on Sidewalk',None,'Driveway Access',No,None,0.508451,0.947448,'Suspected Minor Injury'
MONTGOMERY,45480,17.983,County,Pedestrian,'Single Vehicle',Clear,Dry,Daylight,'Pedestrian Crossing','None Detected','None Detected',Standing,None,'AT INTERSECTION MARKED CROSSWALK',No,None,0.703372,0.870397,'Possible Injury'
MONTGOMERY,45412,8,County,Pedestrian,'Single Vehicle',Clear,Dry,Daylight,'Pedestrian Crossing','None Detected','None Detected','Cross/Enter at Intersection',None,'AT INTERSECTION MARKED CROSSWALK',No,None,0.696051,0.871991,'No Apparent Injury'
MONTGOMERY,45309,22.5,'US (State)','Occupant of Motor Vehicle Not in Transport','Sideswipe  Same Direction',Clear,Dry,'Dark - Lighted','NO CONTROLS','None Detected','None Detected',' Working',None,Shoulder/Roadside,No,None,0.656397,0.994545,'Suspected Minor Injury'
GAITHERSBURG,45389,12,'Local Route',Pedestrian,'Single Vehicle',Clear,Dry,Daylight,'STOP SIGN','None Detected','None Detected','Cross/Enter at Intersection',None,'MIDBLOCK MARKED CROSSWALK',No,None,0.65023,0.858006,'Suspected Minor Injury'
MONTGOMERY,45458,11.967,County,Pedestrian,'Single Vehicle',Clear,Dry,Daylight,'NO CONTROLS','None Detected','None Detected','Walking/Cycling on Sidewalk',None,'Driveway Access',No,None,0.580796,0.937907,'Suspected Minor Injury'
MONTGOMERY,45489,15,County,'Scooter (electric)','Single Vehicle',Clear,Dry,Daylight,'Pedestrian Crossing','None Detected','None Detected','Cross/Enter at Intersection',Inattentive,'AT INTERSECTION UNMARKED CROSSWALK',Yes,None,0.540471,0.958709,'Suspected Minor Injury'
MONTGOMERY,45482,20.033,County,'Cyclist (non-electric)','Single Vehicle',Clear,Dry,Daylight,'NO CONTROLS','None Detected','Suspect of Drug Use','Cross/Enter at Intersection',Dart/Dash,'Driveway Access',Yes,None,0.776364,0.851093,'Possible Injury'
MONTGOMERY,45313,18.9,'US (State)',Pedestrian,'Single Vehicle',Clear,Dry,'Dark - Lighted','STOP SIGN','None Detected','None Detected','Walking/Cycling on Sidewalk',None,Sidewalk,No,None,0.547555,0.958896,'Suspected Minor Injury'
ROCKVILLE,45453,16.217,County,Pedestrian,'Single Vehicle',Clear,Dry,Daylight,'NO CONTROLS','None Detected','None Detected','Cross/Enter at Intersection',None,'NonTrafficway Area',No,None,0.585385,0.904309,'Suspected Minor Injury'
MONTGOMERY,45470,13.7,County,Pedestrian,'Single Vehicle',Clear,Dry,Daylight,'NO CONTROLS','None Detected','None Detected',Standing,None,'Travel Lane  Location',No,None,0.522388,0.908977,'Suspected Minor Injury'
MONTGOMERY,45485,16.233,'Maryland (State)','Cyclist (non-electric)','Single Vehicle',Cloudy,Wet,Daylight,'TRAFFIC SIGNAL','None Detected','None Detected','Cross/Enter at Intersection',None,'AT INTERSECTION MARKED CROSSWALK',No,None,0.504455,0.947044,'Possible Injury'
MONTGOMERY,45468,9.767,'Maryland (State)',Pedestrian,'Single Vehicle',Clear,Dry,Daylight,'NO CONTROLS','None Detected','None Detected','Cross/Enter Not at Intersection',Dart/Dash,'Travel Lane  Location',Yes,None,0.466634,0.917462,'Suspected Minor Injury'
MONTGOMERY,45420,5.617,'Maryland (State)',Pedestrian,'Single Vehicle',Clear,Dry,Dawn,'TRAFFIC SIGNAL','None Detected','None Detected',Standing,'In Roadway Improperly  Inattentive  NOT VISIBLE','Travel Lane  Location',Yes,None,0.636056,0.925348,'Fatal Injury'
MONTGOMERY,45484,13.65,County,'Cyclist (non-electric)','Single Vehicle',Clear,Dry,Daylight,'Lane Use Control Signal','None Detected','None Detected','Cross/Enter at Intersection',None,'AT INTERSECTION MARKED CROSSWALK',No,None,0.489413,0.919834,'Possible Injury'
ROCKVILLE,45492,21.25,Municipality,Pedestrian,'Single Vehicle',Clear,Dry,'Dark - Lighted','NO CONTROLS','None Detected','None Detected','Cross/Enter at Intersection',None,'AT INTERSECTION MARKED CROSSWALK',No,None,0.57986,0.907778,'Possible Injury'
MONTGOMERY,45448,15.6,County,Pedestrian,'Single Vehicle',Rain,Wet,Daylight,'TRAFFIC SIGNAL','None Detected','None Detected','Cross/Enter at Intersection',None,'AT INTERSECTION MARKED CROSSWALK',No,None,0.528662,0.970342,'Suspected Serious Injury'
ROCKVILLE,45322,19.65,Municipality,Pedestrian,'Single Vehicle',Clear,Dry,'Dark - Lighted','FLASHING TRAFFIC SIGNAL','None Detected','None Detected','Cross/Enter at Intersection','FAILURE TO YIELD RIGHT OF WAY','Intersection ',No,None,0.609071,0.896098,'Suspected Minor Injury'
MONTGOMERY,45475,15.483,County,Pedestrian,'Single Vehicle',Clear,Dry,Daylight,'NO CONTROLS','None Detected','None Detected','Cross/Enter at Intersection',None,'Driveway Access',No,None,0.566638,0.915665,'Suspected Minor Injury'
MONTGOMERY,45448,5.217,'Maryland (State)',Pedestrian,'Single Vehicle',Clear,Dry,'Dark - Lighted','Pedestrian Crossing','None Detected','None Detected','Cross/Enter at Intersection',None,'AT INTERSECTION MARKED CROSSWALK',No,None,0.502854,0.946792,'Suspected Minor Injury'
MONTGOMERY,45487,19.3,'US (State)','Scooter (electric)','Single Vehicle',Clear,Dry,Daylight,'TRAFFIC SIGNAL','None Detected','None Detected','Cross/Enter at Intersection',None,'AT INTERSECTION MARKED CROSSWALK',Yes,None,0.499988,0.948997,'Possible Injury'
MONTGOMERY,45316,21.45,County,Pedestrian,'Single Vehicle',Rain,Wet,'Dark - Not Lighted','NO CONTROLS','None Detected','Suspect of Alcohol Use','Cross/Enter Not at Intersection','In Roadway Improperly  Inattentive  NOT VISIBLE WRONG WAY RIDING OR WALKING','Travel Lane  Location',Yes,None,0.59742,0.919379,'Suspected Minor Injury'
MONTGOMERY,45474,19.033,County,Pedestrian,'Single Vehicle',Clear,Dry,Daylight,'NO CONTROLS','None Detected','None Detected','Walking/Cycling Along Roadway Against Traffic (In or Adjacent to Travel Lane)',None,'OnStreet Bike Lanes',No,None,0.529205,0.943093,'Possible Injury'
MONTGOMERY,45481,6.5,County,Pedestrian,'Single Vehicle',Clear,Dry,Daylight,'STOP SIGN','None Detected','None Detected','Cross/Enter at Intersection',None,'AT INTERSECTION UNMARKED CROSSWALK',No,None,0.691454,0.886013,'Suspected Minor Injury'
MONTGOMERY,45489,12.5,'Local Route',Pedestrian,'Single Vehicle',Clear,Dry,Daylight,'NO CONTROLS','None Detected','None Detected','Cross/Enter at Intersection',None,'Travel Lane  Location',No,None,0.505876,0.927295,'No Apparent Injury'
MONTGOMERY,45482,11.133,County,Pedestrian,'Single Vehicle',Clear,Dry,Daylight,PERSON,'None Detected','None Detected','Cross/Enter at Intersection',None,'Driveway Access',Yes,None,0.581209,0.877285,'Suspected Minor Injury'
MONTGOMERY,45316,6.35,County,Pedestrian,'Single Vehicle',Rain,Wet,'Dark - Lighted','Pedestrian Crossing','None Detected','None Detected','Cross/Enter at Intersection',None,'AT INTERSECTION MARKED CROSSWALK',No,None,0.55533,0.938253,'Suspected Serious Injury'
MONTGOMERY,45314,7,County,Pedestrian,'Single Vehicle',Clear,Dry,Dawn,'NO CONTROLS','None Detected','None Detected','Cross/Enter at Intersection',None,Shoulder/Roadside,No,None,0.722485,0.85637,'Possible Injury'
MONTGOMERY,45480,21.667,County,Pedestrian,'Front to Front',Clear,Dry,'Dark - Lighted','NO CONTROLS','None Detected','None Detected',Standing,None,'ON ROADWAY AT CROSSWALK',No,None,0.509065,0.960199,'No Apparent Injury'
MONTGOMERY,45471,9.033,County,Pedestrian,'Rear To Side',Clear,Dry,Daylight,'STOP SIGN','None Detected','None Detected',Standing,None,Shoulder/Roadside,No,None,0.554539,0.963144,'Suspected Minor Injury'
MONTGOMERY,45483,23.583,'Maryland (State)',Pedestrian,'Single Vehicle',Clear,Dry,'Dark - Lighted','NO CONTROLS','None Detected','None Detected','Cross/Enter at Intersection',Dart/Dash,'Travel Lane  Location',No,None,0.692645,0.871003,'Suspected Minor Injury'
MONTGOMERY,45474,12.667,County,Pedestrian,'Single Vehicle',Clear,Dry,Daylight,'NO CONTROLS','None Detected','None Detected',Standing,None,'ON ROADWAY AT CROSSWALK',No,None,0.558976,0.939002,'Suspected Minor Injury'
MONTGOMERY,45486,18.133,County,'Cyclist (non-electric)','Single Vehicle',Clear,Dry,Daylight,'TRAFFIC SIGNAL','None Detected','None Detected','Cross/Enter at Intersection','Failure to Obey Traffic Signs  Signals  or Officer','AT INTERSECTION MARKED CROSSWALK',Yes,None,0.524189,0.969911,'Suspected Minor Injury'
MONTGOMERY,45316,18.733,County,Pedestrian,'Single Vehicle',Rain,Wet,'Dark - Not Lighted','STOP SIGN','None Detected','None Detected','Cross/Enter at Intersection','NOT VISIBLE','AT INTERSECTION MARKED CROSSWALK',No,None,0.614383,0.937092,'Possible Injury'
MONTGOMERY,45479,11.75,'Maryland (State)','Cyclist (non-electric)','Single Vehicle',Clear,Dry,Daylight,'TRAFFIC SIGNAL','None Detected','None Detected','Cross/Enter at Intersection',None,'AT INTERSECTION MARKED CROSSWALK',No,Yes,0.571537,0.909869,'Suspected Minor Injury'
MONTGOMERY,45481,20.217,County,Pedestrian,'Single Vehicle',Clear,Dry,Daylight,'NO CONTROLS','None Detected','None Detected',Standing,None,'Driveway Access',No,None,0.743854,0.844182,'Possible Injury'
MONTGOMERY,45467,14.167,County,'Cyclist (non-electric)','Single Vehicle',Clear,Dry,Daylight,'NO CONTROLS','None Detected','None Detected','Walking/Cycling on Sidewalk',None,'Driveway Access',No,None,0.556078,0.937629,'Possible Injury'
MONTGOMERY,45490,17.783,County,Pedestrian,'Single Vehicle',Clear,Dry,Daylight,'NO CONTROLS','None Detected','Suspect of Alcohol Use','Walking/Cycling on Sidewalk',None,'Driveway Access',No,None,0.600969,0.929093,'Suspected Minor Injury'
MONTGOMERY,45411,18.65,County,Pedestrian,'Single Vehicle',Clear,Dry,Daylight,'NO CONTROLS','None Detected','None Detected','Cross/Enter Not at Intersection',Inattentive,'ON ROADWAY AT CROSSWALK',No,None,0.552633,0.935659,'Suspected Minor Injury'
MONTGOMERY,45302,6.667,County,Pedestrian,'Single Vehicle',Clear,Dry,Dawn,'NO CONTROLS','None Detected','None Detected','Cross/Enter at Intersection',None,'AT INTERSECTION MARKED CROSSWALK',No,None,0.601465,0.988111,'Possible Injury'
MONTGOMERY,45303,17.683,County,Pedestrian,'Single Vehicle',Clear,Dry,'Dark - Lighted','NO CONTROLS','None Detected','None Detected','Cross/Enter at Intersection',None,'ON ROADWAY AT CROSSWALK',No,None,0.599329,0.959058,'Suspected Minor Injury'
MONTGOMERY,45315,6.417,County,Pedestrian,'Single Vehicle',Rain,Wet,'Dark - Lighted','NO CONTROLS','None Detected','None Detected','Cross/Enter at Intersection',None,'Median/Crossing Island',No,None,0.647804,0.89165,'Suspected Minor Injury'
TAKOMA,45318,20.5,Municipality,Pedestrian,'Single Vehicle',Clear,Dry,'Dark - Lighted','NO CONTROLS','None Detected','None Detected','Cross/Enter at Intersection',None,'AT INTERSECTION MARKED CROSSWALK',No,None,0.489876,0.956527,'No Apparent Injury'
MONTGOMERY,45297,20.633,County,Pedestrian,'Single Vehicle',Clear,Dry,'Dark - Lighted','NO CONTROLS','None Detected','None Detected','Walking/Cycling Along Roadway Against Traffic (In or Adjacent to Travel Lane)',None,'Driveway Access',No,None,0.558098,0.938018,'Suspected Serious Injury'
MONTGOMERY,45436,7.7,County,'Cyclist (non-electric)','Single Vehicle',Clear,Dry,Daylight,'NO CONTROLS','None Detected','None Detected','Walking/Cycling on Sidewalk',None,'Driveway Access',No,None,0.541658,0.904477,'Suspected Minor Injury'
MONTGOMERY,45314,14.783,'Maryland (State)',Pedestrian,'Single Vehicle',Clear,Dry,Daylight,'TRAFFIC SIGNAL','None Detected','None Detected','Cross/Enter at Intersection',None,'AT INTERSECTION MARKED CROSSWALK',No,None,0.467284,0.922735,'Suspected Minor Injury'
MONTGOMERY,45484,16.4,County,'Cyclist (non-electric)','Single Vehicle',Clear,Dry,Daylight,'STOP SIGN','None Detected','None Detected','Cross/Enter at Intersection','Failure to Obey Traffic Signs  Signals  or Officer  Inattentive','Intersection ',Yes,None,0.515421,0.963629,'Suspected Serious Injury'
ROCKVILLE,45322,19.65,Municipality,Pedestrian,'Single Vehicle',Clear,Dry,'Dark - Lighted','FLASHING TRAFFIC SIGNAL','None Detected','None Detected','Cross/Enter at Intersection','FAILURE TO YIELD RIGHT OF WAY','Intersection ',No,None,0.609071,0.896098,'Suspected Minor Injury'
MONTGOMERY,45480,21.667,County,Pedestrian,'Front to Front',Clear,Dry,'Dark - Lighted','NO CONTROLS','None Detected','None Detected',Standing,None,'ON ROADWAY AT CROSSWALK',No,None,0.509065,0.960199,'No Apparent Injury'
MONTGOMERY,45480,17.45,'Maryland (State)','Cyclist (non-electric)','Single Vehicle',Clear,Dry,Daylight,'TRAFFIC SIGNAL','None Detected','None Detected','Cross/Enter at Intersection','Failure to Obey Traffic Signs  Signals  or Officer','AT INTERSECTION MARKED CROSSWALK',No,None,0.503668,0.946511,'Suspected Minor Injury'
MONTGOMERY,45475,16.583,County,Pedestrian,'Single Vehicle',Clear,Dry,Daylight,'NO CONTROLS','None Detected','None Detected','Cross/Enter at Intersection',None,'ON ROADWAY AT CROSSWALK',Yes,None,0.676731,0.864004,'Suspected Minor Injury'
MONTGOMERY,45487,19.75,'Maryland (State)',Pedestrian,'Single Vehicle',Clear,Dry,Daylight,'TRAFFIC SIGNAL','None Detected','None Detected','Cross/Enter at Intersection',None,'AT INTERSECTION MARKED CROSSWALK',No,None,0.571895,0.938278,'Suspected Minor Injury'
MONTGOMERY,45429,8.633,County,'Cyclist (non-electric)','Single Vehicle',Clear,Dry,Daylight,'STOP SIGN','None Detected','None Detected','Walking/Cycling Along Roadway Against Traffic (In or Adjacent to Travel Lane)','Inattentive  WRONG WAY RIDING OR WALKING','Travel Lane  Location',Yes,Yes,0.552897,0.939384,'No Apparent Injury'
MONTGOMERY,45500,20.983,'Maryland (State)',Pedestrian,'Single Vehicle',Clear,Dry,'Dark - Lighted','Pedestrian Crossing','None Detected','None Detected','Cross/Enter Not at Intersection',None,'Travel Lane  Location',No,None,0.513396,0.962559,'Fatal Injury'
ROCKVILLE,45499,20.167,County,Pedestrian,'Single Vehicle',Clear,Dry,Daylight,'NO CONTROLS','None Detected','None Detected',Standing,Inattentive,'ON ROADWAY AT CROSSWALK',No,None,0.580769,0.905586,'Suspected Minor Injury'
MONTGOMERY,45492,21.25,County,'Cyclist (Electric)','Single Vehicle',Cloudy,Dry,'Dark - Lighted','NO CONTROLS','None Detected','Suspect of Alcohol Use','Cross/Enter at Intersection','Failure to Obey Traffic Signs  Signals  or Officer  FAILURE TO YIELD RIGHT OF WAY','Travel Lane  Location',Yes,None,0.712078,0.855791,'Possible Injury'
MONTGOMERY,45500,15.5,'Maryland (State)',Pedestrian,'Single Vehicle',Clear,Dry,Daylight,'TRAFFIC SIGNAL','None Detected','None Detected','Cross/Enter Not at Intersection',Dart/Dash,'Travel Lane  Location',Yes,None,0.698217,0.861138,'Suspected Minor Injury'
GAITHERSBURG,45500,23.933,County,Pedestrian,'Single Vehicle',Clear,Dry,'Dark - Lighted','NO CONTROLS','None Detected','None Detected',Standing,None,'ON ROADWAY AT CROSSWALK',No,None,0.673837,0.876298,'Suspected Minor Injury'
MONTGOMERY,45496,8.717,County,Pedestrian,'Single Vehicle',Clear,Dry,Daylight,'NO CONTROLS','None Detected','None Detected','Cross/Enter at Intersection',None,'AT INTERSECTION UNMARKED CROSSWALK',No,None,0.705974,0.881856,'Suspected Minor Injury'
MONTGOMERY,45498,13.083,County,Pedestrian,'Single Vehicle',Cloudy,Dry,Daylight,'NO CONTROLS','None Detected','None Detected','Cross/Enter at Intersection',None,'ON ROADWAY AT CROSSWALK',No,None,0.555097,0.935713,'Suspected Minor Injury'
GAITHERSBURG,45503,11.183,Municipality,Pedestrian,'Single Vehicle',Clear,Dry,Daylight,'TRAFFIC SIGNAL','None Detected','None Detected','Cross/Enter at Intersection',None,'AT INTERSECTION MARKED CROSSWALK',No,None,0.683555,0.870865,'Suspected Minor Injury'
MONTGOMERY,45503,20.667,County,Pedestrian,'Single Vehicle',Clear,Dry,'Dark - Lighted','TRAFFIC SIGNAL','None Detected','None Detected','Cross/Enter at Intersection','NOT VISIBLE','Intersection ',Yes,None,0.57881,0.930255,'Suspected Minor Injury'
MONTGOMERY,45498,18.333,'Maryland (State)','Cyclist (non-electric)','Single Vehicle',Cloudy,Dry,Daylight,'TRAFFIC SIGNAL','None Detected','None Detected','Walking/Cycling Along Roadway With Traffic (In or Adjacent to Travel Lane)',None,'Intersection ',No,Yes,0.716487,0.778873,'Suspected Serious Injury'
MONTGOMERY,45492,6.467,'Maryland (State)','Cyclist (non-electric)','Single Vehicle',Cloudy,Dry,Daylight,'TRAFFIC SIGNAL','None Detected','None Detected','Walking/Cycling Along Roadway With Traffic (In or Adjacent to Travel Lane)',None,'Travel Lane  Location',No,None,0.503839,0.946431,'Suspected Minor Injury'
TAKOMA,45492,16.983,Municipality,Pedestrian,'Single Vehicle',Clear,Dry,Daylight,'NO CONTROLS','None Detected','None Detected','Cross/Enter at Intersection','ENTERING EXITING PARKED STANDING VEHICLE  ','Driveway Access',No,None,0.484058,0.958684,'Suspected Minor Injury'
MONTGOMERY,45493,10.667,'Maryland (State)','Cyclist (non-electric)','Single Vehicle',Clear,Dry,Daylight,'NO CONTROLS','None Detected','None Detected','Walking/Cycling Along Roadway With Traffic (In or Adjacent to Travel Lane)','Improper Turn/Merge)','Travel Lane  Location',No,Yes,0.591783,0.932908,'Suspected Serious Injury'