'Agency Name','Days after Jan 1','Hours past Midnight','Route Type','Related Non-Motorist','Collision Type',Weather,'Surface Condition',Light,'Traffic Control','Driver Substance Abuse','Non-Motorist Substance Abuse','Pedestrian Movement','Pedestrian Actions','Pedestrian Location','At Fault','Safety Equipment','Lat- Normalized','Long- Normalized','Injury Severity'
MONTGOMERY,45501,10.183,County,'Cyclist (non-electric)','Single Vehicle',Clear,Dry,Daylight,'NO CONTROLS','None Detected','None Detected','Walking/Cycling on Sidewalk','Improper Turn/Merge)','OnStreet Bike Lanes',Yes,None,0.489445,0.919295,'Possible Injury'
MONTGOMERY,45497,13.05,'Local Route','Cyclist (non-electric)','Single Vehicle',Clear,Dry,Daylight,'WARNING SIGN','None Detected','None Detected','Walking/Cycling on Sidewalk',None,Sidewalk,No,None,0.498551,0.948456,'No Apparent Injury'
MONTGOMERY,45496,17.6,'Maryland (State)',Pedestrian,'Single Vehicle',Clear,Dry,Daylight,'Pedestrian Crossing','None Detected','None Detected','Cross/Enter at Intersection',None,'AT INTERSECTION MARKED CROSSWALK',No,None,0.509104,0.947177,'Possible Injury'
MONTGOMERY,45495,13.667,County,Pedestrian,'Single Vehicle',Rain,Wet,Daylight,'NO CONTROLS','Suspect of Alcohol Use','Suspect of Alcohol Use','Cross/Enter at Intersection',None,Shoulder/Roadside,No,None,0.843062,0.889753,'Suspected Minor Injury'
MONTGOMERY,45509,8.167,'Local Route',Pedestrian,'Single Vehicle',Clear,Dry,Daylight,'Pedestrian Crossing','None Detected','None Detected','Cross/Enter at Intersection',None,'AT INTERSECTION MARKED CROSSWALK',No,None,0.724588,0.840218,'Possible Injury'
MONTGOMERY,45505,15.25,'Maryland (State)','Cyclist (non-electric)','Single Vehicle',Clear,Dry,Daylight,'STOP SIGN','None Detected','Suspect of Alcohol Use','Walking/Cycling Along Roadway Against Traffic (In or Adjacent to Travel Lane)','In Roadway Improperly','Travel Lane  Location',Yes,None,0.536813,0.953696,'Suspected Minor Injury'
ROCKVILLE,45505,16.8,'Maryland (State)',Pedestrian,'Single Vehicle',Clear,Dry,Daylight,'Pedestrian Crossing','None Detected','None Detected','Cross/Enter at Intersection',None,'AT INTERSECTION MARKED CROSSWALK',No,None,0.645497,0.886268,'Suspected Minor Injury'
MONTGOMERY,45509,8.167,'Local Route',Pedestrian,'Single Vehicle',Clear,Dry,Daylight,'Pedestrian Crossing','None Detected','None Detected','Cross/Enter at Intersection',None,'AT INTERSECTION MARKED CROSSWALK',No,None,0.724588,0.840218,'Suspected Minor Injury'
GAITHERSBURG,45509,17.2,County,Pedestrian,'Single Vehicle',Clear,Dry,Daylight,'NO CONTROLS','None Detected','None Detected',Standing,None,'ON ROADWAY AT CROSSWALK',No,None,0.690442,0.866604,'Possible Injury'
MONTGOMERY,45507,19.6,County,Pedestrian,'Single Vehicle',Rain,Dry,Daylight,'NO CONTROLS','None Detected','None Detected','Cross/Enter at Intersection',None,'ON ROADWAY AT CROSSWALK',No,None,0.576666,0.906532,'Possible Injury'
MONTGOMERY,45504,19.8,'US (State)','Cyclist (Electric)','Single Vehicle',Clear,Dry,Daylight,'NO CONTROLS','None Detected','None Detected','Cross/Enter at Intersection','Failure to Obey Traffic Signs  Signals  or Officer  In Roadway Improperly  Inattentive','ON ROADWAY AT CROSSWALK',Yes,None,0.505241,0.948724,'Suspected Minor Injury'
MONTGOMERY,45509,8.367,County,Pedestrian,'Single Vehicle',Clear,Dry,Daylight,'TRAFFIC SIGNAL','None Detected','None Detected','Cross/Enter at Intersection',None,'AT INTERSECTION MARKED CROSSWALK',No,None,0.588752,0.978493,'Suspected Serious Injury'
MONTGOMERY,45508,20.417,'Private Route',Pedestrian,'Single Vehicle',Clear,Dry,'Dark - Lighted','NO CONTROLS','None Detected','None Detected','Cross/Enter Not at Intersection',None,'Travel Lane  Location',No,None,0.693204,0.867758,'Suspected Minor Injury'
MONTGOMERY,45502,18.417,County,Pedestrian,'Single Vehicle',Clear,Dry,Daylight,'NO CONTROLS','None Detected','None Detected','Cross/Enter Not at Intersection',Dart/Dash,'Travel Lane  Location',Yes,None,0.717701,0.856395,'Suspected Minor Injury'
MCPARK,45501,18.333,County,Pedestrian,'Single Vehicle',Clear,Dry,Daylight,'NO CONTROLS','None Detected','None Detected',Standing,None,'ON ROADWAY AT CROSSWALK',No,None,0.45643,0.981978,'Suspected Minor Injury'
GAITHERSBURG,45503,13.033,'Local Route',Pedestrian,'Single Vehicle',Cloudy,Dry,Daylight,'NO CONTROLS','None Detected','None Detected','Cross/Enter Not at Intersection','FAILURE TO YIELD RIGHT OF WAY','Travel Lane  Location',No,None,0.683674,0.876429,'Suspected Minor Injury'
MONTGOMERY,45493,22.717,'Maryland (State)','Cyclist (non-electric)','Single Vehicle',Clear,Dry,'Dark - Not Lighted','NO CONTROLS','None Detected','None Detected','Walking/Cycling Along Roadway With Traffic (In or Adjacent to Travel Lane)','NOT VISIBLE','OnStreet Bike Lanes',No,None,0.540958,0.968991,'Suspected Minor Injury'
MONTGOMERY,45511,20.75,County,'Scooter (electric)','Single Vehicle',Rain,Wet,'Dark - Lighted','NO CONTROLS','None Detected','None Detected','Cross/Enter Not at Intersection','FAILURE TO YIELD RIGHT OF WAY','AT INTERSECTION UNMARKED CROSSWALK',Yes,Yes,0.759715,0.829957,'No Apparent Injury'
MONTGOMERY,45511,12.05,County,'Cyclist (non-electric)','Single Vehicle',Clear,Dry,Daylight,'NO CONTROLS','None Detected','None Detected','Walking/Cycling Along Roadway Against Traffic (In or Adjacent to Travel Lane)',None,Shoulder/Roadside,No,Yes,0.491384,0.934018,'Possible Injury'
MONTGOMERY,45506,10.183,County,'Cyclist (non-electric)','Single Vehicle',Clear,Dry,Daylight,'YIELD SIGN','None Detected','None Detected','Walking/Cycling Along Roadway With Traffic (In or Adjacent to Travel Lane)',None,'Median/Crossing Island',No,Yes,0.475092,0.899659,'Suspected Minor Injury'
MONTGOMERY,45512,20.75,County,Pedestrian,'Single Vehicle',Rain,Wet,'Dark - Lighted','Pedestrian Crossing','None Detected','None Detected','Cross/Enter at Intersection',None,'AT INTERSECTION MARKED CROSSWALK',No,None,0.50664,0.926744,'Suspected Minor Injury'
MONTGOMERY,45507,12.85,'Maryland (State)',Pedestrian,'Single Vehicle',Clear,Dry,Daylight,'NO CONTROLS','None Detected','None Detected','Cross/Enter Not at Intersection',Dart/Dash,'Travel Lane  Location',Yes,None,0.596502,0.959711,'Suspected Minor Injury'
MONTGOMERY,45507,9.017,'Maryland (State)','Cyclist (non-electric)','Single Vehicle',Clear,Dry,Daylight,'NO CONTROLS','None Detected','None Detected','Walking/Cycling Along Roadway With Traffic (In or Adjacent to Travel Lane)',None,'Intersection ',No,Yes,0.840077,0.872743,'Suspected Minor Injury'
MONTGOMERY,45507,12,County,'Cyclist (non-electric)','Single Vehicle',Clear,Dry,Daylight,'STOP SIGN','None Detected','None Detected','Walking/Cycling Along Roadway Against Traffic (In or Adjacent to Travel Lane)',None,'AT INTERSECTION MARKED CROSSWALK',No,None,0.476396,0.898419,'No Apparent Injury'
MONTGOMERY,45524,15.617,Municipality,Pedestrian,'Single Vehicle',Clear,Dry,Daylight,'TRAFFIC SIGNAL','None Detected','None Detected','Cross/Enter at Intersection',None,'AT INTERSECTION MARKED CROSSWALK',No,None,0.469463,0.922312,'Possible Injury'
GAITHERSBURG,45520,22.617,Municipality,Pedestrian,'Single Vehicle',Clear,Dry,'Dark - Lighted','NO CONTROLS','None Detected','Suspect of Alcohol Use','Cross/Enter at Intersection',None,'AT INTERSECTION MARKED CROSSWALK',No,None,0.670576,0.875313,'Possible Injury'
MONTGOMERY,45519,14.167,County,Pedestrian,'Single Vehicle',Clear,Dry,Daylight,'NO CONTROLS','None Detected','None Detected',Standing,None,'ON ROADWAY AT CROSSWALK',No,None,0.527461,0.914632,'Possible Injury'
MONTGOMERY,45513,10,'Maryland (State)',Pedestrian,'Single Vehicle',Clear,Dry,Daylight,'NO CONTROLS','None Detected','None Detected','Walking/Cycling on Sidewalk',None,Sidewalk,No,None,0.483166,0.920951,'No Apparent Injury'
MONTGOMERY,45511,15.333,County,'Occupant Of a Non-Motor Vehicle Transportation Device','Single Vehicle',Cloudy,Dry,Daylight,' Pavement Marking (excluding edgelines  centerlines  or lane lines)','None Detected','None Detected','Cross/Enter Not at Intersection','FAILURE TO YIELD RIGHT OF WAY','Travel Lane  Location',Yes,Yes,0.521456,0.920082,'Suspected Minor Injury'
MONTGOMERY,45519,15.933,County,'Cyclist (non-electric)','Single Vehicle',Clear,Dry,Daylight,'TRAFFIC SIGNAL','Suspect of Alcohol Use','None Detected',Standing,None,Sidewalk,No,Yes,0.540024,0.940352,'No Apparent Injury'
MONTGOMERY,45531,12,'Local Route','Cyclist (non-electric)','Single Vehicle',Clear,Dry,Daylight,'NO CONTROLS','None Detected','None Detected','Walking/Cycling Along Roadway With Traffic (In or Adjacent to Travel Lane)',None,Shoulder/Roadside,No,Yes,0.542749,0.913489,'Suspected Minor Injury'
GAITHERSBURG,45525,17.333,Municipality,Pedestrian,'Single Vehicle',Clear,Dry,Daylight,'Lane Use Control Signal','None Detected','None Detected','Cross/Enter at Intersection',None,'AT INTERSECTION MARKED CROSSWALK',No,None,0.65537,0.880159,'Possible Injury'
MONTGOMERY,45534,21.817,'Maryland (State)',Bicyclist,'Single Vehicle',Clear,Dry,'Dark - Lighted','NO CONTROLS','None Detected','None Detected','Cross/Enter at Intersection',None,'ON ROADWAY AT CROSSWALK',No,None,0.715527,0.855628,'Fatal Injury'
MONTGOMERY,45479,10.217,County,'Cyclist (non-electric)','Single Vehicle',Clear,Dry,Daylight,'NO CONTROLS','None Detected','None Detected','Walking/Cycling Along Roadway With Traffic (In or Adjacent to Travel Lane)',None,'Travel Lane  Location',Yes,Yes,0.491112,0.86085,'Possible Injury'
MONTGOMERY,45530,17,County,Pedestrian,'Single Vehicle',Clear,Dry,Daylight,'TRAFFIC SIGNAL','None Detected','None Detected','Cross/Enter at Intersection',Dart/Dash,'AT INTERSECTION MARKED CROSSWALK',No,None,0.500575,0.918585,'Suspected Minor Injury'
MONTGOMERY,45521,11.417,County,Pedestrian,'Single Vehicle',Cloudy,Dry,Daylight,'NO CONTROLS','None Detected','None Detected',None,None,'ON ROADWAY AT CROSSWALK',No,None,0.509448,0.95893,'No Apparent Injury'
MONTGOMERY,45526,18.5,County,Pedestrian,'Single Vehicle',Clear,Dry,Daylight,'NO CONTROLS','None Detected','None Detected','Cross/Enter Not at Intersection',None,'ON ROADWAY AT CROSSWALK',No,None,0.606608,0.984525,'Suspected Minor Injury'
MONTGOMERY,45529,17.333,County,'Scooter (electric)','Single Vehicle',Clear,Dry,Daylight,'STOP SIGN','None Detected','None Detected',Standing,'FAILURE TO YIELD RIGHT OF WAY','NonTrafficway Area',No,None,0.547376,0.937846,'Possible Injury'
MONTGOMERY,45506,17.5,County,'Wheelchair (electric)','Single Vehicle',Clear,Dry,Daylight,'NO CONTROLS','None Detected','None Detected','Cross/Enter at Intersection',None,'ON ROADWAY AT CROSSWALK',Yes,None,0.688532,0.942881,'Possible Injury'
MONTGOMERY,45532,15,County,Pedestrian,'Single Vehicle',Clear,Dry,Daylight,'NO CONTROLS','None Detected','None Detected','Cross/Enter Not at Intersection',None,'NonTrafficway Area',No,None,0.575396,0.923971,'Possible Injury'
MONTGOMERY,45506,13.367,'Maryland (State)',Pedestrian,'Single Vehicle',Clear,Dry,Daylight,'TRAFFIC SIGNAL','None Detected','None Detected','Cross/Enter Not at Intersection','In Roadway Improperly','AT INTERSECTION UNMARKED CROSSWALK',Yes,None,0.509183,0.959605,'Suspected Minor Injury'
MONTGOMERY,45526,18.433,County,Pedestrian,'Single Vehicle',Clear,Dry,Daylight,'Pedestrian Crossing','None Detected','None Detected','Cross/Enter at Intersection',None,'AT INTERSECTION MARKED CROSSWALK',No,None,0.558607,0.968193,'Suspected Minor Injury'
MONTGOMERY,45531,17.583,County,'Cyclist (non-electric)','Single Vehicle',Clear,Dry,Daylight,'NO CONTROLS','None Detected','None Detected','Cross/Enter at Intersection',None,'Intersection ',No,Yes,0.543478,0.922285,'Possible Injury'
MONTGOMERY,45527,22.083,'Maryland (State)','Cyclist (Electric)','Single Vehicle',Clear,Dry,'Dark - Lighted','TRAFFIC SIGNAL','None Detected','None Detected','Walking/Cycling on Sidewalk',None,'AT INTERSECTION MARKED CROSSWALK',No,None,0.575138,0.894807,'No Apparent Injury'
ROCKVILLE,45528,13.717,Municipality,Pedestrian,'Single Vehicle',Clear,Dry,Daylight,'NO CONTROLS','None Detected','None Detected',None,None,'Travel Lane  Location',No,None,0.607469,0.894828,'Suspected Serious Injury'
MONTGOMERY,45524,13.217,'Maryland (State)',Pedestrian,'Single Vehicle',Clear,Dry,Daylight,'NO CONTROLS','None Detected','None Detected',' Working',None,'AT INTERSECTION UNMARKED CROSSWALK',No,None,0.643837,0.862429,'Fatal Injury'
ROCKVILLE,45534,20,Municipality,Pedestrian,'Single Vehicle',Clear,Dry,'Dark - Not Lighted','TRAFFIC SIGNAL','None Detected','None Detected','Cross/Enter at Intersection',None,'AT INTERSECTION MARKED CROSSWALK',No,None,0.609087,0.896096,'Possible Injury'
MONTGOMERY,45533,22.517,Municipality,Pedestrian,'Single Vehicle',Clear,Dry,'Dark - Lighted','TRAFFIC SIGNAL','None Detected','None Detected','Cross/Enter at Intersection',None,'AT INTERSECTION MARKED CROSSWALK',No,None,0.665518,0.870075,'Suspected Minor Injury'
ROCKVILLE,45534,13.7,County,Pedestrian,'Single Vehicle',Cloudy,Dry,Daylight,'NO CONTROLS','None Detected','None Detected',Standing,None,'NonTrafficway Area',Yes,None,0.603644,0.896364,'Suspected Minor Injury'
ROCKVILLE,45535,13.1,Municipality,'Cyclist (non-electric)','Single Vehicle',Cloudy,Dry,Daylight,'NO CONTROLS','None Detected','None Detected',None,None,'OnStreet Bike Lanes',No,Yes,0.614694,0.893009,'No Apparent Injury'
MONTGOMERY,45534,15.583,County,Pedestrian,'Single Vehicle',Cloudy,Dry,Daylight,'NO CONTROLS','None Detected','None Detected','Cross/Enter Not at Intersection',None,'AT INTERSECTION MARKED CROSSWALK',No,None,0.601453,0.925631,'Possible Injury'
MONTGOMERY,45533,15.717,County,'Scooter (electric)','Single Vehicle',Clear,Dry,Daylight,'Pedestrian Crossing','None Detected','None Detected','Cross/Enter at Intersection',None,'AT INTERSECTION MARKED CROSSWALK',No,None,0.496511,0.948454,'Suspected Minor Injury'
MONTGOMERY,45528,9.9,'Bicycle Route','Cyclist (non-electric)','Single Vehicle',Clear,Dry,Daylight,'NO CONTROLS','None Detected','None Detected','Cross/Enter Not at Intersection','FAILURE TO YIELD RIGHT OF WAY','Driveway Access',Yes,None,0.713363,0.842133,'Suspected Minor Injury'
MONTGOMERY,45538,8.133,County,Pedestrian,'Single Vehicle',Clear,Dry,Daylight,'NO CONTROLS','None Detected','None Detected','Cross/Enter Not at Intersection','FAILURE TO YIELD RIGHT OF WAY','ON ROADWAY AT CROSSWALK',No,None,0.701705,0.85206,'Possible Injury'
MONTGOMERY,45534,16.067,'US (State)','Scooter (electric)','Single Vehicle',Cloudy,Dry,Daylight,'STOP SIGN','None Detected','None Detected','Cross/Enter at Intersection',None,'AT INTERSECTION UNMARKED CROSSWALK',No,None,0.543089,0.956717,'Suspected Minor Injury'
MONTGOMERY,45537,21.35,'Maryland (State)',Pedestrian,'Single Vehicle',Clear,Dry,'Dark - Lighted','TRAFFIC SIGNAL','None Detected','Suspect of Alcohol Use','Cross/Enter at Intersection','ENTERING EXITING PARKED STANDING VEHICLE','ON ROADWAY AT CROSSWALK',Yes,None,0.547883,0.939321,'Possible Injury'
MONTGOMERY,45537,8.183,County,Pedestrian,'Single Vehicle',Clear,Dry,Daylight,'NO CONTROLS','None Detected','None Detected','Cross/Enter at Intersection',None,'ON ROADWAY AT CROSSWALK',No,None,0.726942,0.871801,'Suspected Minor Injury'
MONTGOMERY,45532,21.617,County,Pedestrian,'Single Vehicle',Clear,Dry,'Dark - Lighted','NO CONTROLS','None Detected','Suspect of Alcohol Use','Cross/Enter at Intersection','In Roadway Improperly',Shoulder/Roadside,No,None,0.503141,0.950369,'Suspected Serious Injury'
MONTGOMERY,45533,15.85,County,Pedestrian,'Single Vehicle',Clear,Dry,Daylight,'NO CONTROLS','None Detected','None Detected','Cross/Enter at Intersection',Dart/Dash,'Intersection ',Yes,None,0.703013,0.930768,'Possible Injury'
MONTGOMERY,45534,20.3,County,Pedestrian,'Single Vehicle',Clear,Dry,'Dark - Lighted','NO CONTROLS','None Detected','None Detected','Cross/Enter at Intersection',None,'AT INTERSECTION MARKED CROSSWALK',No,None,0.706998,0.870318,'No Apparent Injury'
MONTGOMERY,45535,2.967,County,Pedestrian,'Single Vehicle',Clear,Dry,'Dark - Lighted','NO CONTROLS','None Detected','Suspect of Alcohol Use',Standing,None,'ON ROADWAY AT CROSSWALK',No,None,0.702384,0.885248,'Possible Injury'
MONTGOMERY,45537,18.367,County,Pedestrian,'Single Vehicle',Clear,Dry,Daylight,'TRAFFIC SIGNAL','None Detected','None Detected','Cross/Enter at Intersection',Dart/Dash,'AT INTERSECTION MARKED CROSSWALK',No,None,0.601789,0.922319,'Suspected Serious Injury'
MONTGOMERY,45543,4.667,'Maryland (State)',Pedestrian,'Single Vehicle',Clear,Dry,'Dark - Lighted','STOP SIGN','Suspect of Alcohol Use','None Detected','Cross/Enter at Intersection',None,'Intersection ',No,None,0.543939,0.968046,'Fatal Injury'
MONTGOMERY,45523,13.8,County,'Scooter (electric)','Single Vehicle',Clear,Dry,Daylight,'TRAFFIC SIGNAL','None Detected','None Detected','Cross/Enter at Intersection','Inattentive  None','AT INTERSECTION MARKED CROSSWALK',No,None,0.517057,0.950651,'Suspected Minor Injury'
MONTGOMERY,45541,13.017,County,'Cyclist (non-electric)','Single Vehicle',Cloudy,Dry,Daylight,'STOP SIGN','None Detected','None Detected','Cross/Enter at Intersection',None,'AT INTERSECTION UNMARKED CROSSWALK',No,None,0.597674,0.960446,'No Apparent Injury'
GAITHERSBURG,45541,18.917,'Maryland (State)','Cyclist (non-electric)','Single Vehicle',Clear,Dry,Daylight,'TRAFFIC SIGNAL','None Detected','None Detected','Cross/Enter at Intersection',None,'AT INTERSECTION MARKED CROSSWALK',No,None,0.672124,0.868461,'Suspected Minor Injury'
MONTGOMERY,45446,1.283,Municipality,Pedestrian,'Single Vehicle',Clear,Dry,'Dark - Lighted','NO CONTROLS','None Detected','Suspect of Alcohol Use',Standing,'In Roadway Improperly  NOT VISIBLE','Travel Lane  Location',Yes,None,0.500656,0.965177,'Fatal Injury'
GAITHERSBURG,45544,21.217,County,Pedestrian,'Single Vehicle',Clear,Dry,'Dark - Lighted','TRAFFIC SIGNAL','None Detected','None Detected','Cross/Enter at Intersection',None,'AT INTERSECTION MARKED CROSSWALK',No,None,0.64382,0.870936,'Suspected Minor Injury'
MONTGOMERY,45545,10.483,County,Pedestrian,'Single Vehicle',Clear,Dry,Daylight,'TRAFFIC SIGNAL','None Detected','None Detected','Cross/Enter at Intersection',None,'AT INTERSECTION MARKED CROSSWALK',No,None,0.57877,0.930366,'Suspected Minor Injury'
MONTGOMERY,45523,13.8,County,'Scooter (electric)','Single Vehicle',Clear,Dry,Daylight,'TRAFFIC SIGNAL','None Detected','None Detected','Cross/Enter at Intersection','Inattentive  None','AT INTERSECTION MARKED CROSSWALK',Yes,None,0.517057,0.950651,'Suspected Minor Injury'
GAITHERSBURG,45537,15,Municipality,Pedestrian,'Single Vehicle',Clear,Dry,Daylight,'NO CONTROLS','None Detected','None Detected','Cross/Enter at Intersection',None,Shoulder/Roadside,No,None,0.66875,0.876753,'Possible Injury'
MONTGOMERY,45546,15.25,County,Pedestrian,'Single Vehicle',Clear,Dry,Daylight,'TRAFFIC SIGNAL','None Detected','None Detected','Cross/Enter at Intersection',None,'AT INTERSECTION MARKED CROSSWALK',No,None,0.529367,0.944557,'Suspected Minor Injury'
MONTGOMERY,45547,19.733,'Maryland (State)','Scooter (electric)','Single Vehicle',Clear,Dry,'Dark - Lighted','STOP SIGN','None Detected','None Detected','Cross/Enter at Intersection','FAILURE TO YIELD RIGHT OF WAY  Improper Passing','AT INTERSECTION MARKED CROSSWALK',Yes,None,0.688411,0.866023,'Suspected Minor Injury'
MONTGOMERY,45540,13.25,'Maryland (State)',Pedestrian,'Single Vehicle',Clear,Dry,Daylight,'TRAFFIC SIGNAL','None Detected','None Detected','Cross/Enter Not at Intersection',None,Shoulder/Roadside,Yes,None,0.553492,0.938223,'Suspected Minor Injury'
MONTGOMERY,45531,6.917,County,'Cyclist (Electric)','Single Vehicle',Clear,Dry,Daylight,'STOP SIGN','None Detected','None Detected','Cross/Enter at Intersection',None,'AT INTERSECTION MARKED CROSSWALK',No,None,0.574752,0.977568,'No Apparent Injury'
MONTGOMERY,45552,15.883,County,'Scooter (electric)','Single Vehicle',Rain,Wet,Daylight,'STOP SIGN','None Detected','None Detected','Cross/Enter at Intersection','Failure to Obey Traffic Signs  Signals  or Officer  FAILURE TO YIELD RIGHT OF WAY','Intersection ',No,Yes,0.612945,0.856728,'Suspected Serious Injury'
TAKOMA,45547,18.85,Municipality,'Cyclist (non-electric)','Single Vehicle',Clear,Dry,Daylight,'NO CONTROLS','None Detected','None Detected','Walking/Cycling Along Roadway With Traffic (In or Adjacent to Travel Lane)',None,'SHARED USE PATH OR TRAILS',Yes,None,0.491944,0.958317,'Suspected Minor Injury'
MONTGOMERY,45550,18.667,County,Pedestrian,'Single Vehicle',Clear,Dry,Dusk,'NO CONTROLS','None Detected','None Detected','Cross/Enter at Intersection',None,'AT INTERSECTION MARKED CROSSWALK',No,None,0.622998,0.875985,'Suspected Serious Injury'
MONTGOMERY,45542,19.783,County,Pedestrian,'Single Vehicle',Clear,Dry,'Dark - Lighted','NO CONTROLS','None Detected','None Detected','Cross/Enter at Intersection',None,'AT INTERSECTION MARKED CROSSWALK',No,None,0.573678,0.980002,'No Apparent Injury'
MONTGOMERY,45550,17.383,' Public Roadway','Cyclist (non-electric)','Single Vehicle',Clear,Dry,Daylight,'STOP SIGN','None Detected','None Detected','Cross/Enter at Intersection','FAILURE TO YIELD RIGHT OF WAY','AT INTERSECTION UNMARKED CROSSWALK',Yes,Yes,0.765885,0.85189,'Possible Injury'
MONTGOMERY,45547,15.733,'Maryland (State)',Pedestrian,'Single Vehicle',Clear,Dry,Daylight,'TRAFFIC SIGNAL','None Detected','None Detected','Cross/Enter at Intersection',Inattentive,'AT INTERSECTION MARKED CROSSWALK',No,None,0.466233,0.922892,'Possible Injury'
MONTGOMERY,45547,4.067,County,Pedestrian,'Single Vehicle',Clear,Dry,'Dark - Lighted','NO CONTROLS','None Detected','None Detected',None,'In Roadway Improperly','Travel Lane  Location',No,None,0.712079,0.87155,'Suspected Minor Injury'
MONTGOMERY,42136,10.15,County,Pedestrian,'Single Vehicle',Clear,Dry,Daylight,'NO CONTROLS','None Detected','None Detected',Standing,None,'ON ROADWAY AT CROSSWALK',No,None,0.579893,0.978704,'Suspected Minor Injury'
MONTGOMERY,43026,13.217,County,Pedestrian,'Single Vehicle',Clear,Dry,Daylight,'NO CONTROLS','None Detected','None Detected','Cross/Enter at Intersection',None,'ON ROADWAY AT CROSSWALK',No,None,0.594811,0.920368,'Possible Injury'
MONTGOMERY,43433,10.767,County,Bicyclist,'Single Vehicle',Clear,Dry,Daylight,'NO CONTROLS','None Detected','None Detected','Walking/Riding w/Traffic',None,'ON ROADWAY AT CROSSWALK',No,Yes,0.58363,0.850049,'Possible Injury'
MONTGOMERY,43297,12.833,County,Pedestrian,'Single Vehicle',Clear,Dry,Daylight,'NO CONTROLS','None Detected','None Detected','Cross/Enter at Intersection',Dart/Dash,'ON ROADWAY AT CROSSWALK',Yes,None,0.797693,0.902071,'Suspected Serious Injury'
MONTGOMERY,44584,19.667,County,Pedestrian,'Single Vehicle',Clear,Dry,'Dark - Lighted','NO CONTROLS','None Detected','None Detected','Cross/Enter at Intersection',None,'OUTSIDE RIGHT OF WAY',No,None,0.52784,0.914411,'Possible Injury'
MONTGOMERY,42352,15.5,County,Bicyclist,'STRAIGHT MOVEMENT ANGLE',Clear,Dry,Daylight,'NO CONTROLS','None Detected','None Detected','Cross/Enter at Intersection',None,'ON ROADWAY AT CROSSWALK',No,None,0.522155,0.905116,'No Apparent Injury'
MONTGOMERY,42172,13.333,County,Pedestrian,'SAME DIR REAR END',Clear,Dry,Daylight,'NO CONTROLS','None Detected','None Detected','Walking/Cycling on Sidewalk',None,SIDEWALK,No,None,0.556138,0.939255,'Possible Injury'
MONTGOMERY,43362,13.417,County,Pedestrian,'Single Vehicle',Clear,Dry,Daylight,'NO CONTROLS','None Detected','None Detected','Cross/Enter at Intersection',None,MEDIAN,No,Yes,0.567985,0.905161,'No Apparent Injury'
MONTGOMERY,42902,14.35,County,Pedestrian,'Single Vehicle',Clear,Dry,Daylight,PERSON,'None Detected','None Detected',' Working',None,'ON ROADWAY AT CROSSWALK',No,None,0.742615,0.849174,'No Apparent Injury'
MONTGOMERY,43711,15.333,County,Pedestrian,'STRAIGHT MOVEMENT ANGLE',Clear,Dry,Daylight,'STOP SIGN','None Detected','None Detected','Cross/Enter at Intersection',None,'INSIDE BUILDING',No,None,0.620805,0.973984,'No Apparent Injury'
MONTGOMERY,44761,10.5,County,Pedestrian,'OPPOSITE DIRECTION SIDESWIPE',Clear,Dry,Daylight,'NO CONTROLS','None Detected','None Detected','Cross/Enter at Intersection',None,'ON ROADWAY AT CROSSWALK',No,None,0.510887,0.965368,'No Apparent Injury'
'Maryland-National Capital',42621,7.333,County,Bicyclist,'STRAIGHT MOVEMENT ANGLE',Clear,Dry,Daylight,'YIELD SIGN','None Detected','None Detected','Cross/Enter at Intersection',None,'AT AT INTERSECTION MARKED CROSSWALK',No,None,0.512248,0.924723,'Suspected Minor Injury'
MONTGOMERY,45471,22.467,County,Pedestrian,'Single Vehicle',Clear,Dry,Daylight,'NO CONTROLS','None Detected','None Detected',Standing,None,'ON ROADWAY AT CROSSWALK',No,None,0.72537,0.842214,'Suspected Minor Injury'