'Agency Name','Days after Jan 1','Hours past Midnight','Route Type','Related Non-Motorist','Collision Type',Weather,'Surface Condition',Light,'Traffic Control','Driver Substance Abuse','Non-Motorist Substance Abuse','Pedestrian Movement','Pedestrian Actions','Pedestrian Location','At Fault','Safety Equipment','Lat- Normalized','Long- Normalized','Injury Severity'
MONTGOMERY,45421,16.683,'Maryland (State)',Pedestrian,'Single Vehicle',Clear,Dry,Daylight,'NO CONTROLS','None Detected','None Detected','Cross/Enter Not at Intersection',None,'ON ROADWAY AT CROSSWALK',No,None,0.510052,0.943119,'Suspected Minor Injury'
MONTGOMERY,42771,9.933,County,Pedestrian,'Single Vehicle',Clear,Dry,Daylight,'NO CONTROLS','None Detected','None Detected','Getting off/on Vehicle',None,'ON ROADWAY AT CROSSWALK',No,None,0.596683,0.987025,'Suspected Minor Injury'
MONTGOMERY,42802,10.383,County,Pedestrian,'Single Vehicle',Clear,Dry,Daylight,'NO CONTROLS','None Detected','None Detected','Cross/Enter at Intersection',None,'AT AT INTERSECTION MARKED CROSSWALK',No,None,0.507825,0.949171,'Suspected Minor Injury'
GAITHERSBURG,45504,17.733,County,Bicyclist,'STRAIGHT MOVEMENT ANGLE',Clear,Dry,Daylight,'NO CONTROLS','None Detected','None Detected','Cross/Enter Not at Intersection',None,'AT INTERSECTION BUT NO CROSSWALK',No,Yes,0.654173,0.85174,'Suspected Minor Injury'
MONTGOMERY,44640,12.683,County,Bicyclist,'Single Vehicle',Clear,Dry,Daylight,'NO CONTROLS','None Detected','None Detected','Walking/Riding w/Traffic',Inattentive,'ON ROADWAY NOT AT CROSSWALK',Yes,None,0.604157,0.984678,'Suspected Minor Injury'
MONTGOMERY,45375,6.5,County,Pedestrian,'Single Vehicle',Rain,Wet,'Dark - Lighted','TRAFFIC SIGNAL','None Detected','None Detected','Cross/Enter at Intersection',None,'ON ROADWAY AT CROSSWALK',No,None,0.711188,0.870964,'Suspected Minor Injury'
MONTGOMERY,43434,15.8,County,Pedestrian,'Single Vehicle',Clear,Dry,Daylight,'NO CONTROLS','None Detected','None Detected','Cross/Enter at Intersection',None,'ON ROADWAY AT CROSSWALK',No,None,0.835274,0.870212,'Suspected Serious Injury'
MONTGOMERY,42262,15.25,County,Pedestrian,'Single Vehicle',Clear,Dry,Daylight,'NO CONTROLS','None Detected','None Detected','Cross/Enter at Intersection',None,'INSIDE BUILDING',No,None,0.496516,0.949819,'No Apparent Injury'
MONTGOMERY,45312,10.9,County,Pedestrian,'Single Vehicle',Clear,Dry,Daylight,'TRAFFIC SIGNAL','None Detected','None Detected','Cross/Enter at Intersection',None,'AT AT INTERSECTION MARKED CROSSWALK',No,None,0.618735,0.874405,'Suspected Minor Injury'
GAITHERSBURG,42276,12.367,Municipality,Pedestrian,'Single Vehicle',Cloudy,Dry,Daylight,'NO CONTROLS','None Detected','None Detected','Cross/Enter at Intersection',None,'ON ROADWAY AT CROSSWALK',No,None,0.630579,0.861382,'No Apparent Injury'
MONTGOMERY,44666,17.667,'Maryland (State)',Bicyclist,'Single Vehicle',Clear,Dry,Daylight,'NO CONTROLS','None Detected','None Detected','Walking/Riding against Traffic','FAILURE TO YIELD RIGHT OF WAY','ON ROADWAY NOT AT CROSSWALK',Yes,None,0.603135,0.928204,'Suspected Minor Injury'
MONTGOMERY,42888,15.4,County,Pedestrian,'Single Vehicle',Clear,Dry,Daylight,'TRAFFIC SIGNAL','None Detected','None Detected','Cross/Enter at Intersection','IN ROADWAY IMPROPERLY','ON ROADWAY NOT AT CROSSWALK',Yes,None,0.694826,0.875884,'Suspected Minor Injury'
MONTGOMERY,43647,20.233,County,Pedestrian,'Single Vehicle',Clear,Dry,Daylight,'NO CONTROLS','None Detected','None Detected',Playing,'NOT VISIBLE','ON ROADWAY AT CROSSWALK',No,None,0.611787,0.932433,'Suspected Minor Injury'
MONTGOMERY,43565,20.317,Ramp,Pedestrian,'Single Vehicle',Clear,Dry,'Dark - Lighted','NO CONTROLS','None Detected','None Detected',Standing,'DISABLED VEHICLE RELATED',SHOULDER,No,None,0.535201,0.914499,'Suspected Minor Injury'
ROCKVILLE,44896,12.217,'Maryland (State)',Pedestrian,'Single Vehicle',Clear,Dry,Daylight,'TRAFFIC SIGNAL','None Detected','None Detected','Cross/Enter at Intersection',None,'AT AT INTERSECTION MARKED CROSSWALK',No,None,0.605889,0.894103,'Possible Injury'
MONTGOMERY,42739,7,'Maryland (State)',Pedestrian,'Single Vehicle',Clear,Dry,Daylight,'NO CONTROLS','None Detected','None Detected','Cross/Enter at Intersection',None,'ON ROADWAY AT CROSSWALK',No,None,0.512444,0.966176,'Suspected Minor Injury'
MONTGOMERY,43502,19.617,'Maryland (State)',Pedestrian,'Single Vehicle',Rain,Wet,'Dark - Lighted','TRAFFIC SIGNAL','None Detected','None Detected','Cross/Enter at Intersection',None,'ON ROADWAY AT CROSSWALK',No,None,0.552835,0.947327,'Suspected Minor Injury'
MONTGOMERY,43353,18.5,County,Pedestrian,'Single Vehicle',Rain,Dry,Dusk,'NO CONTROLS','None Detected','None Detected','Cross/Enter at Intersection','IN ROADWAY IMPROPERLY','ON ROADWAY AT CROSSWALK',Yes,None,0.601061,0.925619,'Possible Injury'
MONTGOMERY,42322,14.75,County,Pedestrian,'Single Vehicle',Clear,Dry,Daylight,'NO CONTROLS','None Detected','None Detected',Playing,'NOT VISIBLE','ON ROADWAY NOT AT CROSSWALK',No,None,0.707051,0.852469,'Suspected Serious Injury'
MONTGOMERY,42151,16.883,County,Bicyclist,'STRAIGHT MOVEMENT ANGLE',Rain,Wet,Daylight,'STOP SIGN','None Detected','None Detected','Cross/Enter at Intersection','FAILURE TO OBEY TRAFFIC SIGNS SIGNALS OR OFFICER','ON ROADWAY NOT AT CROSSWALK',No,Yes,0.696021,0.927915,'Suspected Minor Injury'
MONTGOMERY,43336,19.833,County,Bicyclist,'STRAIGHT MOVEMENT ANGLE',Clear,Dry,Dusk,'NO CONTROLS','None Detected','None Detected','Walking/Riding w/Traffic',None,'ON ROADWAY AT CROSSWALK',No,Yes,0.510212,0.9531,'Suspected Minor Injury'
'Maryland-National Capital',43689,19.25,Government,Pedestrian,'STRAIGHT MOVEMENT ANGLE',Clear,Dry,Daylight,'NO CONTROLS','None Detected','None Detected','Cross/Enter at Intersection',None,'ON ROADWAY AT CROSSWALK',No,None,0.480594,0.916115,'Suspected Minor Injury'
MONTGOMERY,44261,13.5,Municipality,Pedestrian,'SAME DIR REAR END',Clear,Dry,Daylight,'NO CONTROLS','None Detected','None Detected',Standing,None,'ON ROADWAY AT CROSSWALK',No,None,0.469181,0.920258,'Suspected Minor Injury'
MONTGOMERY,43002,12.533,County,Pedestrian,'Single Vehicle',Clear,Dry,Daylight,'NO CONTROLS','None Detected','None Detected','Cross/Enter at Intersection',None,'ON ROADWAY AT CROSSWALK',No,None,0.722551,0.844827,'Possible Injury'
MONTGOMERY,42323,10.083,County,Bicyclist,'SAME DIR REAR END',Clear,Dry,Daylight,'NO CONTROLS','None Detected','None Detected','Walking/Riding w/Traffic',None,'IN BIKEWAY',No,Yes,0.558554,0.88827,'Suspected Minor Injury'
MONTGOMERY,42601,9.433,County,Bicyclist,'STRAIGHT MOVEMENT ANGLE',Clear,Dry,Daylight,'STOP SIGN','None Detected','None Detected','Cross/Enter at Intersection',Dart/Dash,'AT AT INTERSECTION MARKED CROSSWALK',Yes,Yes,0.709927,0.835729,'Suspected Minor Injury'
MONTGOMERY,42662,20,'Maryland (State)',Pedestrian,'SAME DIR REAR END',Clear,Dry,'Dark - Lighted','NO CONTROLS','None Detected','None Detected',Standing,'DISABLED VEHICLE RELATED','ON ROADWAY AT CROSSWALK',No,None,0.53569,0.906622,'Possible Injury'
MONTGOMERY,43013,7.617,County,Pedestrian,'Single Vehicle',Clear,Dry,Daylight,'NO CONTROLS','None Detected','None Detected','Cross/Enter at Intersection',None,'ON ROADWAY NOT AT CROSSWALK',No,None,0.71486,0.838764,'Suspected Minor Injury'
MONTGOMERY,42382,6.917,'Maryland (State)',Pedestrian,'Single Vehicle',Clear,Dry,'Dark - Lighted','TRAFFIC SIGNAL','None Detected','None Detected','Cross/Enter at Intersection',None,'AT AT INTERSECTION MARKED CROSSWALK',No,None,0.582304,0.906092,'Suspected Serious Injury'
MONTGOMERY,43496,19.583,County,Pedestrian,'Single Vehicle',Clear,Dry,'Dark - Lighted','TRAFFIC SIGNAL','None Detected','None Detected','Cross/Enter at Intersection',None,'ON ROADWAY AT CROSSWALK',No,None,0.493613,0.918086,'Suspected Minor Injury'
MONTGOMERY,43105,5.433,County,Pedestrian,'Single Vehicle',Clear,Dry,'Dark - Lighted','NO CONTROLS','None Detected','None Detected','Cross/Enter at Intersection','IN ROADWAY IMPROPERLY','ON ROADWAY NOT AT CROSSWALK',Yes,None,0.565143,0.942207,'Possible Injury'
GAITHERSBURG,43195,23.333,'Maryland (State)',Pedestrian,'Single Vehicle',Clear,Dry,'Dark - Lighted','NO CONTROLS','None Detected','None Detected','Cross/Enter at Intersection',None,'ON ROADWAY AT CROSSWALK',No,None,0.678419,0.864004,'Possible Injury'
MONTGOMERY,43068,7.833,County,Pedestrian,'Single Vehicle',Clear,Dry,Daylight,'NO CONTROLS','None Detected','None Detected','Walking/Riding w/Traffic',None,'ON ROADWAY NOT AT CROSSWALK',Yes,None,0.690708,0.921697,'Possible Injury'
MONTGOMERY,42977,14.183,County,Pedestrian,'OPPOSITE DIRECTION SIDESWIPE',Clear,Dry,Daylight,PERSON,'None Detected','None Detected','Cross/Enter at Intersection',None,'ON ROADWAY AT CROSSWALK',Yes,Yes,0.624206,0.900593,'Possible Injury'
MONTGOMERY,42207,16.033,County,Pedestrian,'Single Vehicle',Clear,Dry,Daylight,'NO CONTROLS','None Detected','None Detected','Cross/Enter at Intersection',Inattentive,'AT INTERSECTION BUT NO CROSSWALK',Yes,None,0.544548,0.900513,'Suspected Minor Injury'
MONTGOMERY,44570,17.567,'Maryland (State)',Pedestrian,'STRAIGHT MOVEMENT ANGLE',Rain,Wet,'Dark - Lighted','TRAFFIC SIGNAL','None Detected','None Detected','Cross/Enter at Intersection',None,'ON ROADWAY AT CROSSWALK',No,None,0.567761,0.912656,'Possible Injury'
MONTGOMERY,43614,23.517,County,Pedestrian,'HEAD ON',Clear,Dry,'Dark - Lighted','NO CONTROLS','None Detected','None Detected','Getting off/on Vehicle',Dart/Dash,'ON ROADWAY AT CROSSWALK',No,None,0.511496,0.965278,'Possible Injury'
ROCKVILLE,43734,8.167,Municipality,Bicyclist,'Single Vehicle',Clear,Dry,Daylight,'NO CONTROLS','None Detected','None Detected','Cross/Enter at Intersection',None,SIDEWALK,No,Yes,0.629349,0.882332,'Suspected Minor Injury'
MONTGOMERY,43447,14.4,County,Pedestrian,'Single Vehicle',Clear,Dry,Daylight,'NO CONTROLS','None Detected','None Detected','Cross/Enter at Intersection',Inattentive,'ON ROADWAY AT CROSSWALK',Yes,None,0.697827,0.836436,'Possible Injury'
MONTGOMERY,44711,19.317,County,Pedestrian,'Single Vehicle',Clear,Dry,Daylight,'NO CONTROLS','None Detected','None Detected','Cross/Enter at Intersection',None,'INSIDE BUILDING',No,None,0.616493,0.988945,'No Apparent Injury'
GAITHERSBURG,43224,18,County,Bicyclist,'Single Vehicle',Cloudy,Dry,Daylight,'TRAFFIC SIGNAL','None Detected','None Detected','Cross/Enter at Intersection',None,'AT AT INTERSECTION MARKED CROSSWALK',No,None,0.655399,0.880147,'Suspected Minor Injury'
MONTGOMERY,43197,11.583,County,Bicyclist,'Single Vehicle',Cloudy,Dry,Daylight,'NO CONTROLS','None Detected','None Detected','Cross/Enter at Intersection',None,'ON ROADWAY AT CROSSWALK',No,None,0.502638,0.917339,'Suspected Minor Injury'
TAKOMA,43360,10.5,County,Pedestrian,'Single Vehicle',Rain,Dry,Daylight,'NO CONTROLS','None Detected','None Detected',Standing,None,'ON ROADWAY AT CROSSWALK',No,None,0.493585,0.960767,'Possible Injury'
MONTGOMERY,43946,11.317,Government,Bicyclist,'STRAIGHT MOVEMENT ANGLE',Clear,Dry,Daylight,'STOP SIGN','None Detected','None Detected','Cross/Enter at Intersection',None,'AT AT INTERSECTION MARKED CROSSWALK',No,Yes,0.524582,0.930722,'Suspected Minor Injury'
MONTGOMERY,43566,19.833,'Maryland (State)',Pedestrian,'Single Vehicle',Clear,Dry,'Dark - Lighted','TRAFFIC SIGNAL','None Detected','None Detected','Cross/Enter at Intersection',None,'ON ROADWAY AT CROSSWALK',No,None,0.558746,0.937766,'Possible Injury'
TAKOMA,43416,18,Municipality,Pedestrian,'Single Vehicle',Rain,Wet,'Dark - Lighted','STOP SIGN','None Detected','None Detected','Cross/Enter Not at Intersection',None,'ON ROADWAY NOT AT CROSSWALK',No,None,0.496079,0.960646,'Suspected Minor Injury'
MONTGOMERY,42807,13.417,County,Pedestrian,'Single Vehicle',Clear,Dry,Daylight,PERSON,'None Detected','None Detected','Cross/Enter at Intersection',None,'ON ROADWAY AT CROSSWALK',No,None,0.490532,0.917306,'No Apparent Injury'
MONTGOMERY,45576,13.167,Municipality,' CONVEYANCE','Single Vehicle',Clear,Dry,Daylight,'NO CONTROLS','None Detected','None Detected','Cross/Enter at Intersection',None,'ON ROADWAY AT CROSSWALK',Yes,Yes,0.66091,0.876858,'Suspected Minor Injury'
MONTGOMERY,42683,17.817,'Maryland (State)',Pedestrian,'STRAIGHT MOVEMENT ANGLE',Rain,Wet,'Dark - Lighted','NO CONTROLS','None Detected','None Detected','Cross/Enter at Intersection','IN ROADWAY IMPROPERLY','ON ROADWAY NOT AT CROSSWALK',Yes,None,0.54573,0.923322,'Suspected Minor Injury'
MONTGOMERY,43210,17.3,County,Pedestrian,'Single Vehicle',Clear,Dry,Daylight,'TRAFFIC SIGNAL','None Detected','None Detected','Cross/Enter at Intersection',None,'AT AT INTERSECTION MARKED CROSSWALK',No,None,0.529328,0.944647,'Possible Injury'
MONTGOMERY,42343,20.183,County,Pedestrian,'Single Vehicle',Clear,Dry,'Dark - Lighted','NO CONTROLS','None Detected','ALCOHOL CONTRIBUTED','Walking/Riding w/Traffic',None,'ON ROADWAY NOT AT CROSSWALK',Yes,None,0.670853,0.933673,'Suspected Minor Injury'
MONTGOMERY,43889,12.75,County,Pedestrian,'Single Vehicle',Clear,Dry,Daylight,'NO CONTROLS','None Detected','None Detected','Cross/Enter Not at Intersection','IN ROADWAY IMPROPERLY','ON ROADWAY NOT AT CROSSWALK',Yes,None,0.564752,0.947135,'Suspected Minor Injury'
MONTGOMERY,43416,7.5,'Maryland (State)',Pedestrian,'Single Vehicle',Clear,Dry,Daylight,'TRAFFIC SIGNAL','None Detected','None Detected','Cross/Enter at Intersection',Inattentive,'AT AT INTERSECTION MARKED CROSSWALK',No,None,0.693357,0.839515,'Suspected Minor Injury'
'Maryland-National Capital',42592,10.5,County,Bicyclist,'STRAIGHT MOVEMENT ANGLE',Clear,Dry,Daylight,'STOP SIGN','None Detected','None Detected','Cross/Enter at Intersection',None,'AT AT INTERSECTION MARKED CROSSWALK',No,None,0.481057,0.915864,'Suspected Minor Injury'
MONTGOMERY,43882,13.283,County,Bicyclist,'SAME DIRECTION LEFT TURN',Clear,Dry,Daylight,'NO CONTROLS','None Detected','None Detected','Cross/Enter at Intersection','FAILURE TO YIELD RIGHT OF WAY','ON ROADWAY NOT AT CROSSWALK',Yes,Yes,0.597439,0.84671,'Suspected Minor Injury'
ROCKVILLE,43707,13.5,Municipality,Pedestrian,'Single Vehicle',Clear,Dry,Daylight,'TRAFFIC SIGNAL','None Detected','None Detected','Cross/Enter at Intersection',None,'ON ROADWAY AT CROSSWALK',No,None,0.640286,0.885157,'Suspected Minor Injury'
MONTGOMERY,43010,17.75,County,Pedestrian,'STRAIGHT MOVEMENT ANGLE',Clear,Dry,Daylight,'NO CONTROLS','None Detected','None Detected','Cross/Enter at Intersection',None,'ON ROADWAY AT CROSSWALK',No,None,0.61951,0.966764,'Possible Injury'
MONTGOMERY,42663,19.117,County,Pedestrian,'Single Vehicle',Clear,Dry,'Dark - Lighted','NO CONTROLS','None Detected','None Detected','Cross/Enter at Intersection',Inattentive,'ON ROADWAY AT CROSSWALK',Yes,None,0.738625,0.850088,'Suspected Minor Injury'
GAITHERSBURG,42991,7.967,'Maryland (State)',Pedestrian,'Single Vehicle',Rain,Wet,Daylight,'NO CONTROLS','None Detected','None Detected','Cross/Enter Not at Intersection','FAILURE TO YIELD RIGHT OF WAY','ON ROADWAY NOT AT CROSSWALK',Yes,None,0.677878,0.871083,'Suspected Minor Injury'
MONTGOMERY,42045,18.483,County,Pedestrian,'Single Vehicle',Clear,Dry,'Dark - Lighted','TRAFFIC SIGNAL','None Detected','None Detected','Cross/Enter at Intersection',None,'ON ROADWAY AT CROSSWALK',No,None,0.593832,0.965652,'Suspected Minor Injury'
MONTGOMERY,44752,10.433,County,Bicyclist,'Single Vehicle',Clear,Dry,Daylight,'NO CONTROLS','None Detected','None Detected','Walking/Riding w/Traffic',None,SHOULDER,Yes,Yes,0.483571,0.881216,'Suspected Minor Injury'
MONTGOMERY,44757,17.2,County,Pedestrian,'Single Vehicle',Clear,Dry,Daylight,'NO CONTROLS','None Detected','None Detected','Cross/Enter Not at Intersection',None,'MIDBLOCK MARKED CROSSWALK',No,None,0.572099,0.977013,'Suspected Serious Injury'
MONTGOMERY,45518,13.833,County,Pedestrian,'STRAIGHT MOVEMENT ANGLE',Clear,Dry,Daylight,'NO CONTROLS','None Detected','None Detected','Walking/Cycling on Sidewalk',None,'ON ROADWAY AT CROSSWALK',No,None,0.567166,0.910442,'Suspected Minor Injury'
MONTGOMERY,42912,18.417,County,Pedestrian,'Single Vehicle',Clear,Dry,Daylight,'TRAFFIC SIGNAL','None Detected','None Detected','Cross/Enter at Intersection',None,'ON ROADWAY AT CROSSWALK',No,None,0.730642,0.84089,'Possible Injury'
MONTGOMERY,42647,17,County,Pedestrian,'STRAIGHT MOVEMENT ANGLE',Clear,Dry,Daylight,'STOP SIGN','None Detected','None Detected','Cross/Enter at Intersection',None,'AT INTERSECTION BUT NO CROSSWALK',No,None,0.587443,0.934432,'Suspected Minor Injury'
MONTGOMERY,42845,17.417,'Maryland (State)',Bicyclist,'HEAD ON LEFT TURN',Clear,Dry,Daylight,'NO CONTROLS','None Detected','None Detected','Cross/Enter at Intersection',None,'AT INTERSECTION BUT NO CROSSWALK',No,Yes,0.676176,0.780401,'Possible Injury'
MONTGOMERY,44464,19.4,County,Pedestrian,'Single Vehicle',Clear,Dry,'Dark - Lighted','TRAFFIC SIGNAL','None Detected','None Detected','Cross/Enter at Intersection',None,'ON ROADWAY NOT AT CROSSWALK',No,None,0.447229,0.909202,'Possible Injury'
MONTGOMERY,44379,16.967,County,Bicyclist,'HEAD ON LEFT TURN',Clear,Dry,Daylight,'TRAFFIC SIGNAL','None Detected','None Detected','Cross/Enter at Intersection',None,'ON ROADWAY AT CROSSWALK',No,Yes,0.730966,0.840954,'Suspected Minor Injury'
ROCKVILLE,44291,11.733,County,Pedestrian,'Single Vehicle',Clear,Dry,Daylight,'NO CONTROLS','None Detected','None Detected','Cross/Enter at Intersection',None,'ON ROADWAY AT CROSSWALK',No,None,0.615421,0.882054,'Possible Injury'
MONTGOMERY,44840,19.25,'Maryland (State)',Pedestrian,'Single Vehicle',Clear,Dry,'Dark - Not Lighted','NO CONTROLS','None Detected','None Detected','Cross/Enter at Intersection','IN ROADWAY IMPROPERLY','ON ROADWAY NOT AT CROSSWALK',Yes,None,0.516124,0.962173,'Possible Injury'
MONTGOMERY,42013,21.383,County,Pedestrian,'Single Vehicle',Clear,Dry,'Dark - Not Lighted','NO CONTROLS','None Detected','None Detected','Cross/Enter Not at Intersection','NOT VISIBLE','ON ROADWAY AT CROSSWALK',No,None,0.506557,0.94845,'Possible Injury'
MONTGOMERY,43815,17.7,'Maryland (State)',Pedestrian,'HEAD ON LEFT TURN',Rain,Wet,'Dark - Lighted','TRAFFIC SIGNAL','None Detected','None Detected','Cross/Enter at Intersection',None,'ON ROADWAY AT CROSSWALK',No,None,0.50905,0.959117,'Possible Injury'
MONTGOMERY,42345,9.983,County,Pedestrian,'Single Vehicle',Clear,Dry,Daylight,'NO CONTROLS','None Detected','None Detected','Cross/Enter at Intersection',None,'ON ROADWAY NOT AT CROSSWALK',Yes,None,0.635647,0.928514,'Possible Injury'
MONTGOMERY,43899,17.9,County,Bicyclist,'Single Vehicle',Clear,Dry,Daylight,'STOP SIGN','None Detected','None Detected','Cross/Enter at Intersection',None,'ON ROADWAY AT CROSSWALK',No,Yes,0.549935,0.927584,'Suspected Minor Injury'
MONTGOMERY,43970,13.05,County,Pedestrian,'Single Vehicle',Clear,Dry,Daylight,'NO CONTROLS','None Detected','None Detected','Cross/Enter at Intersection',None,'MIDBLOCK MARKED CROSSWALK',No,None,0.603144,0.926059,'Possible Injury'
MONTGOMERY,43496,19.5,County,Pedestrian,'Single Vehicle',Clear,Dry,'Dark - Lighted','NO CONTROLS','None Detected','None Detected',Standing,None,'ON ROADWAY AT CROSSWALK',No,None,0.547056,0.9156,'Suspected Minor Injury'
MONTGOMERY,42900,19.367,'Maryland (State)',Bicyclist,'Single Vehicle',Clear,Dry,Daylight,'TRAFFIC SIGNAL','None Detected','None Detected','Cross/Enter at Intersection',None,'AT AT INTERSECTION MARKED CROSSWALK',No,Yes,0.565032,0.937811,'Possible Injury'
MONTGOMERY,42951,12.667,'Maryland (State)','MACHINE OPERATOR/RIDER','Single Vehicle',Clear,Dry,Daylight,'TRAFFIC SIGNAL','None Detected','None Detected','Cross/Enter at Intersection','FAILURE TO OBEY TRAFFIC SIGNS SIGNALS OR OFFICER','AT AT INTERSECTION MARKED CROSSWALK',Yes,None,0.490709,0.919708,'Possible Injury'
MONTGOMERY,42173,1.3,'US (State)',Pedestrian,'Single Vehicle',Rain,Wet,'Dark - Not Lighted','NO CONTROLS','None Detected','ALCOHOL PRESENT','Cross/Enter at Intersection',None,'ON ROADWAY NOT AT CROSSWALK',No,None,0.566534,0.9678,'Suspected Minor Injury'
MONTGOMERY,44732,18.4,'Maryland (State)',Pedestrian,'Single Vehicle',Clear,Dry,Daylight,'NO CONTROLS','None Detected','None Detected','Cross/Enter Not at Intersection','FAILURE TO YIELD RIGHT OF WAY','ON ROADWAY NOT AT CROSSWALK',Yes,None,0.823074,0.870618,'Suspected Serious Injury'
ROCKVILLE,43521,20.15,Municipality,Bicyclist,'Single Vehicle',Clear,Dry,'Dark - Lighted','NO CONTROLS','None Detected','None Detected','Walking/Riding w/Traffic',None,'ON ROADWAY NOT AT CROSSWALK',Yes,Yes,0.578517,0.906929,'Possible Injury'
MONTGOMERY,42824,1.333,'Interstate (State)',Pedestrian,'Single Vehicle',Clear,Dry,'Dark - Not Lighted','NO CONTROLS','None Detected','None Detected','Cross/Enter at Intersection',None,'ON ROADWAY NOT AT CROSSWALK',No,None,0.764314,0.837682,'Suspected Serious Injury'
ROCKVILLE,42926,15.167,County,Pedestrian,'Single Vehicle',Clear,Dry,Daylight,'NO CONTROLS','None Detected','None Detected','Walking/Riding w/Traffic',None,'ON ROADWAY AT CROSSWALK',No,None,0.585344,0.905137,'Possible Injury'
MONTGOMERY,44484,16.183,County,'MACHINE OPERATOR/RIDER','STRAIGHT MOVEMENT ANGLE',Clear,Dry,Daylight,'NO CONTROLS','None Detected','None Detected','Push/Work on Vehicle',Inattentive,'ON ROADWAY AT CROSSWALK',Yes,None,0.685268,0.901467,'No Apparent Injury'
MONTGOMERY,43042,13.25,County,Pedestrian,'Single Vehicle',Clear,Dry,Daylight,'NO CONTROLS','None Detected','None Detected','Cross/Enter Not at Intersection','IN ROADWAY IMPROPERLY','ON ROADWAY NOT AT CROSSWALK',Yes,None,0.738205,0.852501,'Suspected Minor Injury'
ROCKVILLE,44597,21.333,Municipality,Pedestrian,'Single Vehicle',Clear,Dry,'Dark - Lighted','TRAFFIC SIGNAL','None Detected','None Detected','Cross/Enter at Intersection',None,'ON ROADWAY AT CROSSWALK',No,None,0.582092,0.906087,'Possible Injury'
MONTGOMERY,43163,10.667,County,Pedestrian,'Single Vehicle',Clear,Dry,Daylight,'NO CONTROLS','None Detected','None Detected','Cross/Enter at Intersection',None,'ON ROADWAY AT CROSSWALK',No,None,0.704602,0.870237,'Possible Injury'
MONTGOMERY,42295,9.917,'Maryland (State)',Bicyclist,'STRAIGHT MOVEMENT ANGLE',Clear,Dry,Daylight,'NO CONTROLS','None Detected','None Detected','Cross/Enter at Intersection',None,'ON ROADWAY NOT AT CROSSWALK',No,Yes,0.46513,0.913191,'Suspected Minor Injury'
MONTGOMERY,44389,18.383,'Maryland (State)',Pedestrian,'Single Vehicle',Rain,Wet,Daylight,'TRAFFIC SIGNAL','None Detected','None Detected','Cross/Enter at Intersection',None,'ON ROADWAY AT CROSSWALK',No,None,0.583643,0.928355,'Possible Injury'
MONTGOMERY,43737,2.5,County,Pedestrian,'Single Vehicle',Clear,Dry,Daylight,'NO CONTROLS','None Detected','None Detected','Push/Work on Vehicle',None,'ON ROADWAY AT CROSSWALK',No,None,0.713149,0.844487,'Possible Injury'
MONTGOMERY,42040,21.55,County,Pedestrian,'STRAIGHT MOVEMENT ANGLE',Clear,Dry,'Dark - Lighted','NO CONTROLS','None Detected','None Detected','Walking/Cycling on Sidewalk',Inattentive,SIDEWALK,No,None,0.610505,0.925819,'Possible Injury'
MONTGOMERY,43434,13.033,County,Pedestrian,'Single Vehicle',Clear,Dry,Daylight,'NO CONTROLS','None Detected','None Detected','Cross/Enter at Intersection',None,'ON ROADWAY AT CROSSWALK',No,None,0.617316,0.893582,'Suspected Minor Injury'
MONTGOMERY,42047,19.233,County,Pedestrian,'Single Vehicle',Clear,Dry,'Dark - Lighted','NO CONTROLS','None Detected','ALCOHOL PRESENT','Cross/Enter Not at Intersection','FAILURE TO YIELD RIGHT OF WAY','ON ROADWAY NOT AT CROSSWALK',No,None,0.578753,0.939737,'Suspected Minor Injury'
GAITHERSBURG,42672,6.583,'Maryland (State)',Pedestrian,'Single Vehicle',Clear,Dry,'Dark - Not Lighted','TRAFFIC SIGNAL','None Detected','None Detected','Cross/Enter at Intersection',None,'ON ROADWAY NOT AT CROSSWALK',Yes,None,0.648347,0.850264,'Suspected Minor Injury'
MONTGOMERY,44691,20.783,County,Bicyclist,'Single Vehicle',Clear,Dry,'Dark - Not Lighted','NO CONTROLS','None Detected','None Detected','Cross/Enter at Intersection',None,'ON ROADWAY AT CROSSWALK',No,None,0.60227,0.984994,'No Apparent Injury'
MONTGOMERY,44446,19.583,County,Bicyclist,'SAME DIR REAR END',Clear,Dry,Dawn,'NO CONTROLS','None Detected','None Detected','Cross/Enter at Intersection',None,'ON ROADWAY AT CROSSWALK',Yes,None,0.50955,0.930449,'Suspected Minor Injury'
ROCKVILLE,42641,9,'Maryland (State)',Bicyclist,'SAME DIRECTION RIGHT TURN',Cloudy,Dry,Daylight,'NO CONTROLS','None Detected','None Detected','Walking/Cycling on Sidewalk',None,SIDEWALK,No,None,0.595025,0.901479,'Possible Injury'
MONTGOMERY,42649,19.467,'Maryland (State)',Pedestrian,'Single Vehicle',Clear,Dry,'Dark - Lighted','NO CONTROLS','None Detected','ALCOHOL PRESENT','Cross/Enter Not at Intersection','IN ROADWAY IMPROPERLY','ON ROADWAY NOT AT CROSSWALK',No,None,0.562832,0.937719,'Suspected Serious Injury'
MONTGOMERY,43282,12.617,County,Pedestrian,'Single Vehicle',Clear,Dry,Daylight,'NO CONTROLS','None Detected','None Detected','Cross/Enter at Intersection',None,SIDEWALK,No,None,0.562732,0.964991,'Possible Injury'