'Agency Name','Days after Jan 1','Hours past Midnight','Route Type','Related Non-Motorist','Collision Type',Weather,'Surface Condition',Light,'Traffic Control','Driver Substance Abuse','Non-Motorist Substance Abuse','Pedestrian Movement','Pedestrian Actions','Pedestrian Location','At Fault','Safety Equipment','Lat- Normalized','Long- Normalized','Injury Severity'
MONTGOMERY,43803,10.467,County,Pedestrian,'Single Vehicle',Clear,Dry,Daylight,'TRAFFIC SIGNAL','None Detected','None Detected','Cross/Enter at Intersection',None,'AT AT INTERSECTION MARKED CROSSWALK',No,None,0.604077,0.984353,'Possible Injury'
MONTGOMERY,42563,21.583,'Maryland (State)',Pedestrian,'STRAIGHT MOVEMENT ANGLE',Clear,Dry,'Dark - Lighted','NO CONTROLS','None Detected','None Detected','Cross/Enter at Intersection','IN ROADWAY IMPROPERLY','ON ROADWAY NOT AT CROSSWALK',Yes,None,0.553028,0.933507,'Possible Injury'
MONTGOMERY,43845,19.367,Municipality,Bicyclist,'Single Vehicle',Clear,Dry,'Dark - Not Lighted','NO CONTROLS','None Detected','None Detected','Cross/Enter at Intersection',None,'ON ROADWAY AT CROSSWALK',No,None,0.610618,0.877745,'Suspected Serious Injury'
MONTGOMERY,42554,22.667,County,Pedestrian,'Single Vehicle',Clear,Dry,'Dark - Lighted','STOP SIGN','None Detected','None Detected','Cross/Enter at Intersection',None,'AT INTERSECTION BUT NO CROSSWALK',No,None,0.61827,0.926437,'Suspected Serious Injury'
MONTGOMERY,42670,20.05,'Maryland (State)',Pedestrian,'Single Vehicle',Rain,Wet,'Dark - Lighted','TRAFFIC SIGNAL','None Detected','None Detected','Cross/Enter at Intersection',None,SIDEWALK,No,None,0.711709,0.873923,'Possible Injury'
MONTGOMERY,43543,10.167,'Maryland (State)',Bicyclist,'STRAIGHT MOVEMENT ANGLE',Clear,Dry,Daylight,'NO CONTROLS','None Detected','None Detected','Cross/Enter at Intersection','IN ROADWAY IMPROPERLY','ON ROADWAY AT CROSSWALK',Yes,None,0.683302,0.866058,'No Apparent Injury'
MONTGOMERY,43464,14.833,County,Pedestrian,'Single Vehicle',Clear,Dry,Daylight,'NO CONTROLS','None Detected','None Detected',Standing,None,'ON ROADWAY AT CROSSWALK',No,None,0.559282,0.965474,'Suspected Serious Injury'
MONTGOMERY,42647,9.367,County,Pedestrian,'Single Vehicle',Clear,Dry,Daylight,'STOP SIGN','None Detected','None Detected','Cross/Enter at Intersection',None,'AT AT INTERSECTION MARKED CROSSWALK',No,None,0.578774,0.974181,'Possible Injury'
MONTGOMERY,45372,17.033,County,Pedestrian,'Single Vehicle',Clear,Dry,Daylight,'NO CONTROLS','None Detected','None Detected','Cross/Enter at Intersection',Dart/Dash,'ON ROADWAY AT CROSSWALK',Yes,None,0.556901,0.948738,'Possible Injury'
MONTGOMERY,45656,17.25,County,Pedestrian,'Single Vehicle',Clear,Dry,'Dark - Lighted','TRAFFIC SIGNAL','None Detected','None Detected','Cross/Enter at Intersection',None,'ON ROADWAY AT CROSSWALK',No,None,0.494945,0.917304,'Suspected Minor Injury'
MONTGOMERY,43434,15.8,County,Pedestrian,'Single Vehicle',Clear,Dry,Daylight,'NO CONTROLS','None Detected','None Detected','Cross/Enter at Intersection',None,'ON ROADWAY AT CROSSWALK',No,None,0.835274,0.870212,'No Apparent Injury'
MONTGOMERY,43231,14.083,'Maryland (State)',Bicyclist,'STRAIGHT MOVEMENT ANGLE',Clear,Dry,Daylight,'NO CONTROLS','None Detected','None Detected','Walking/Riding w/Traffic',None,'IN BIKEWAY',No,Yes,0.67923,0.896462,'Suspected Minor Injury'
MONTGOMERY,42087,15.083,'Maryland (State)',Bicyclist,'STRAIGHT MOVEMENT ANGLE',Clear,Dry,Daylight,'TRAFFIC SIGNAL','None Detected','None Detected','Cross/Enter at Intersection',None,'ON ROADWAY AT CROSSWALK',No,Yes,0.539548,0.90529,'Suspected Serious Injury'
MONTGOMERY,45641,17.433,County,Bicyclist,'Single Vehicle',Clear,Dry,'Dark - Lighted','NO CONTROLS','None Detected','None Detected','Cross/Enter at Intersection',None,'ON ROADWAY AT CROSSWALK',No,None,0.708584,0.844333,'Possible Injury'
MONTGOMERY,44156,10.817,County,Pedestrian,'Single Vehicle',Cloudy,Dry,Daylight,'NO CONTROLS','None Detected','None Detected','Cross/Enter at Intersection',None,'ON ROADWAY AT CROSSWALK',No,Yes,0.61582,0.871381,'Possible Injury'
MONTGOMERY,44047,13.4,County,Bicyclist,'Single Vehicle',Clear,Dry,Daylight,'STOP SIGN','None Detected','None Detected','Cross/Enter at Intersection',None,'ON ROADWAY NOT AT CROSSWALK',No,Yes,0.559819,0.890515,'Suspected Minor Injury'
MONTGOMERY,43731,19.5,County,'Bicyclist  Pedestrian','SAME DIR REAR END',Clear,Dry,'Dark - Lighted','NO CONTROLS','None Detected','None Detected','Walking/Cycling on Sidewalk',Inattentive,SIDEWALK,Yes,None,0.500963,0.94882,'No Apparent Injury'
MONTGOMERY,44115,12.65,Municipality,Bicyclist,'Single Vehicle',Cloudy,Dry,Daylight,'TRAFFIC SIGNAL','None Detected','None Detected','Cross/Enter at Intersection',None,'ON ROADWAY AT CROSSWALK',No,Yes,0.639875,0.854823,'Suspected Minor Injury'
MONTGOMERY,45420,11.5,County,Bicyclist,'Single Vehicle',Clear,Dry,Daylight,'TRAFFIC SIGNAL','None Detected','None Detected','Cross/Enter at Intersection',None,'IN BIKEWAY',No,None,0.51137,0.925412,'Suspected Minor Injury'
MONTGOMERY,44362,20.967,County,Pedestrian,'Single Vehicle',Clear,Dry,'Dark - Lighted','NO CONTROLS','None Detected','None Detected','Cross/Enter at Intersection','NOT VISIBLE',MEDIAN,Yes,None,0.57464,0.938922,'Suspected Minor Injury'
MONTGOMERY,43519,20.167,'Maryland (State)',Pedestrian,'SAME DIRECTION LEFT TURN',Rain,Wet,'Dark - Not Lighted','NO CONTROLS','None Detected','None Detected','Cross/Enter at Intersection',None,'ON ROADWAY AT CROSSWALK',No,None,0.61184,0.925673,'Suspected Minor Injury'
MONTGOMERY,45389,20.5,County,Pedestrian,'Single Vehicle',Clear,Dry,'Dark - Lighted','STOP SIGN','None Detected','None Detected','Cross/Enter at Intersection','FAILURE TO OBEY TRAFFIC SIGNS SIGNALS OR OFFICER','ON ROADWAY AT CROSSWALK',No,None,0.575123,0.975442,'Suspected Minor Injury'
MONTGOMERY,43056,19.9,Municipality,' CONVEYANCE','HEAD ON LEFT TURN',Clear,Dry,'Dark - Lighted','TRAFFIC SIGNAL','None Detected','None Detected','Cross/Enter at Intersection',None,'ON ROADWAY NOT AT CROSSWALK',No,None,0.652874,0.858682,'No Apparent Injury'
MONTGOMERY,42816,12.683,County,Pedestrian,'Single Vehicle',Clear,Dry,Daylight,'NO CONTROLS','None Detected','None Detected','Cross/Enter at Intersection',None,'ON ROADWAY AT CROSSWALK',No,None,0.510264,0.956647,'Suspected Minor Injury'
MONTGOMERY,43551,7.467,County,Pedestrian,'Single Vehicle',Clear,Dry,Daylight,'FLASHING TRAFFIC SIGNAL','None Detected','None Detected','Approach/Leaving Schoolbus',None,'ON ROADWAY AT CROSSWALK',No,None,0.614766,0.938285,'Suspected Minor Injury'
MONTGOMERY,43935,15.767,County,Bicyclist,'Single Vehicle',Clear,Dry,Daylight,'NO CONTROLS','None Detected','None Detected','Cross/Enter at Intersection','FAILURE TO YIELD RIGHT OF WAY','ON ROADWAY AT CROSSWALK',Yes,Yes,0.783903,0.849941,'Suspected Serious Injury'
MONTGOMERY,42479,17.633,'Maryland (State)',Bicyclist,'STRAIGHT MOVEMENT ANGLE',Clear,Dry,Daylight,'YIELD SIGN','None Detected','None Detected','Cross/Enter at Intersection',Dart/Dash,'AT AT INTERSECTION MARKED CROSSWALK',Yes,Yes,0.547254,0.905248,'Possible Injury'
MONTGOMERY,43250,17.333,County,Bicyclist,'Single Vehicle',Clear,Dry,Daylight,'STOP SIGN','None Detected','None Detected','Cross/Enter at Intersection',None,'ON ROADWAY AT CROSSWALK',No,None,0.574797,0.977476,'Suspected Minor Injury'
MONTGOMERY,43141,7.983,County,Bicyclist,'SAME DIRECTION SIDESWIPE',Cloudy,Dry,Daylight,'NO CONTROLS','None Detected','None Detected','Walking/Riding w/Traffic',None,'ON ROADWAY NOT AT CROSSWALK',No,Yes,0.482192,0.889023,'Suspected Minor Injury'
MONTGOMERY,44086,11.85,County,Bicyclist,'Single Vehicle',Cloudy,Dry,Daylight,'TRAFFIC SIGNAL','None Detected','None Detected','Cross/Enter at Intersection',None,'ON ROADWAY AT CROSSWALK',No,None,0.711787,0.841242,'No Apparent Injury'
MONTGOMERY,43105,17.117,County,Pedestrian,'Single Vehicle',Clear,Dry,'Dark - Lighted',PERSON,'None Detected','None Detected','Cross/Enter at Intersection',None,'ON ROADWAY AT CROSSWALK',No,None,0.496376,0.948911,'Suspected Minor Injury'
MONTGOMERY,42560,11.417,County,Bicyclist,'STRAIGHT MOVEMENT ANGLE',Clear,Dry,Daylight,'STOP SIGN','None Detected','None Detected','Cross/Enter at Intersection','FAILURE TO OBEY TRAFFIC SIGNS SIGNALS OR OFFICER','AT INTERSECTION BUT NO CROSSWALK',Yes,Yes,0.758144,0.803753,'Suspected Minor Injury'
ROCKVILLE,42093,17.15,County,CONVEYANCE,'Single Vehicle','SEVERE WINDS',Dry,Daylight,'NO CONTROLS','None Detected','None Detected','Cross/Enter at Intersection',None,'ON ROADWAY AT CROSSWALK',No,None,0.587416,0.90445,'No Apparent Injury'
MONTGOMERY,44637,7.233,'Maryland (State)',Pedestrian,'Single Vehicle',Cloudy,Wet,'Dark - Lighted','TRAFFIC SIGNAL','None Detected','None Detected','Cross/Enter at Intersection',Dart/Dash,'ON ROADWAY NOT AT CROSSWALK',Yes,None,0.503776,0.946574,'Suspected Serious Injury'
MONTGOMERY,42600,22.683,County,Pedestrian,'Single Vehicle',Clear,Dry,'Dark - Not Lighted','NO CONTROLS','None Detected','None Detected','Cross/Enter at Intersection',Inattentive,'ON ROADWAY NOT AT CROSSWALK',No,None,0.680137,0.866498,'No Apparent Injury'
GAITHERSBURG,42428,21,Municipality,Pedestrian,'Single Vehicle',Clear,Dry,'Dark - Lighted','NO CONTROLS','None Detected','ALCOHOL PRESENT','Cross/Enter Not at Intersection',None,'ON ROADWAY AT CROSSWALK',No,None,0.671451,0.874539,'Suspected Minor Injury'
MONTGOMERY,44925,17.533,' Public Roadway',Pedestrian,'Single Vehicle',Clear,Dry,'Dark - Lighted','NO CONTROLS','None Detected','None Detected','Cross/Enter Not at Intersection',None,SIDEWALK,No,None,0.843988,0.871996,'Suspected Minor Injury'
GAITHERSBURG,44644,21.167,'Maryland (State)',Pedestrian,'STRAIGHT MOVEMENT ANGLE',Rain,Wet,'Dark - Lighted','TRAFFIC SIGNAL','None Detected','None Detected','Cross/Enter at Intersection','IN ROADWAY IMPROPERLY','ON ROADWAY AT CROSSWALK',Yes,None,0.677349,0.86378,'Possible Injury'
MONTGOMERY,43305,9.933,'Maryland (State)',Pedestrian,'Single Vehicle',Rain,Wet,Daylight,'NO CONTROLS','None Detected','None Detected','Cross/Enter Not at Intersection',Dart/Dash,'ON ROADWAY NOT AT CROSSWALK',Yes,None,0.510055,0.96174,'Suspected Minor Injury'
MONTGOMERY,43511,14.767,County,Pedestrian,'Single Vehicle',Cloudy,Dry,Daylight,'NO CONTROLS','None Detected','None Detected','Cross/Enter at Intersection',None,'ON ROADWAY AT CROSSWALK',No,None,0.677156,0.778695,'Possible Injury'
MONTGOMERY,45591,8.033,County,Bicyclist,'Single Vehicle',Clear,Dry,Daylight,'STOP SIGN','None Detected','None Detected','Cross/Enter at Intersection',None,'ON ROADWAY AT CROSSWALK',Yes,Yes,0.568461,0.882387,'No Apparent Injury'
MONTGOMERY,43283,19.267,County,Pedestrian,'Single Vehicle',Clear,Dry,Daylight,'NO CONTROLS','None Detected','None Detected','Cross/Enter at Intersection',None,'ON ROADWAY AT CROSSWALK',No,None,0.617065,0.926343,'Suspected Serious Injury'
MONTGOMERY,43510,4.317,'Maryland (State)',Pedestrian,'Single Vehicle',Clear,Dry,Daylight,'TRAFFIC SIGNAL','None Detected','None Detected','Cross/Enter at Intersection','FAILURE TO OBEY TRAFFIC SIGNS SIGNALS OR OFFICER','ON ROADWAY AT CROSSWALK',Yes,None,0.533507,0.95576,'Suspected Minor Injury'
MONTGOMERY,45656,4.917,'Maryland (State)',Pedestrian,'Single Vehicle',Clear,Dry,'Dark - Lighted','NO CONTROLS','ALCOHOL PRESENT','None Detected',' Working',None,SIDEWALK,No,None,0.578921,0.938618,'Suspected Serious Injury'
MONTGOMERY,42834,10.15,'US (State)',Pedestrian,'SAME DIR REAR END',Clear,Dry,Daylight,'TRAFFIC SIGNAL','None Detected','None Detected','Cross/Enter at Intersection',None,SIDEWALK,No,None,0.501348,0.948865,'No Apparent Injury'
GAITHERSBURG,42405,16.783,Municipality,Pedestrian,'Single Vehicle',Clear,Dry,Dusk,'NO CONTROLS','None Detected','None Detected','Walking/Riding w/Traffic',None,'ON ROADWAY NOT AT CROSSWALK',No,None,0.646011,0.860094,'Suspected Minor Injury'
MONTGOMERY,44522,19.917,County,' CONVEYANCE','STRAIGHT MOVEMENT ANGLE',Clear,Dry,'Dark - Lighted','NO CONTROLS','ALCOHOL PRESENT','None Detected','Cross/Enter at Intersection',None,SHOULDER,No,None,0.69556,0.925582,'No Apparent Injury'
MONTGOMERY,42753,15.25,County,Pedestrian,'Single Vehicle',Clear,Dry,Daylight,'TRAFFIC SIGNAL','None Detected','None Detected','Walking to/from school',None,'ON ROADWAY AT CROSSWALK',Yes,None,0.558024,0.884605,'No Apparent Injury'
MONTGOMERY,45411,12.683,Municipality,Bicyclist,'Single Vehicle',Cloudy,Dry,Daylight,'NO CONTROLS','None Detected','None Detected','Walking/Riding against Traffic','WRONG WAY RIDING OR WALKING','ON ROADWAY AT CROSSWALK',No,Yes,0.547602,0.927492,'Possible Injury'
MONTGOMERY,42836,19.883,Municipality,Bicyclist,'STRAIGHT MOVEMENT ANGLE',Clear,Dry,Dusk,'NO CONTROLS','None Detected','None Detected','Walking/Cycling on Sidewalk',None,SIDEWALK,Yes,None,0.676388,0.8754,'Suspected Serious Injury'
MONTGOMERY,42832,10.083,'Maryland (State)',Bicyclist,'Single Vehicle',Clear,Dry,Daylight,'YIELD SIGN','None Detected','None Detected','Cross/Enter at Intersection',None,'ON ROADWAY AT CROSSWALK',No,Yes,0.453096,0.916099,'Suspected Minor Injury'
MONTGOMERY,43925,10.283,County,Pedestrian,'Single Vehicle',Clear,Dry,Daylight,'TRAFFIC SIGNAL','None Detected','None Detected','Cross/Enter at Intersection',None,'ON ROADWAY AT CROSSWALK',No,None,0.742381,0.849263,'Suspected Minor Injury'
MONTGOMERY,44826,21.167,'Maryland (State)',Pedestrian,'Single Vehicle',Clear,Dry,'Dark - Lighted','TRAFFIC SIGNAL','None Detected','None Detected','Cross/Enter Not at Intersection','IN ROADWAY IMPROPERLY','ON ROADWAY NOT AT CROSSWALK',Yes,None,0.565182,0.91102,'Possible Injury'
MONTGOMERY,44892,12.567,County,Bicyclist,'STRAIGHT MOVEMENT ANGLE',Rain,Wet,Daylight,'NO CONTROLS','None Detected','None Detected','Cross/Enter at Intersection',None,'ON ROADWAY AT CROSSWALK',No,None,0.7188,0.841836,'Possible Injury'
MONTGOMERY,43370,9.133,County,' CONVEYANCE','Single Vehicle',Cloudy,Dry,Daylight,'NO CONTROLS','None Detected','None Detected','Cross/Enter at Intersection',None,'ON ROADWAY AT CROSSWALK',No,None,0.686352,0.936321,'Possible Injury'
MONTGOMERY,44118,17,Government,Bicyclist,'Single Vehicle',Clear,Dry,Daylight,'NO CONTROLS','None Detected','None Detected','Walking/Riding w/Traffic',None,'ON ROADWAY NOT AT CROSSWALK',No,Yes,0.524464,0.930733,'Suspected Minor Injury'
ROCKVILLE,42524,21.583,County,Pedestrian,'Single Vehicle',Cloudy,Dry,'Dark - Lighted','NO CONTROLS','None Detected','None Detected','Cross/Enter at Intersection',None,'DRIVEWAY ACCESS MARKED CROSSWALK',No,None,0.584156,0.904732,'No Apparent Injury'
MONTGOMERY,43178,18.667,'Maryland (State)',Bicyclist,'STRAIGHT MOVEMENT ANGLE',Clear,Dry,Daylight,'TRAFFIC SIGNAL','None Detected','None Detected','Walking/Cycling on Sidewalk',None,SIDEWALK,No,None,0.666126,0.876342,'Possible Injury'
MONTGOMERY,42626,9.633,'Maryland (State)',Pedestrian,'Single Vehicle',Clear,Dry,Daylight,'NO CONTROLS','None Detected','None Detected','Cross/Enter at Intersection',Dart/Dash,'AT INTERSECTION BUT NO CROSSWALK',No,None,0.585003,0.928093,'Possible Injury'
MONTGOMERY,43673,12.667,Municipality,Bicyclist,'Single Vehicle',Clear,Dry,Daylight,'NO CONTROLS','None Detected','None Detected','Walking/Riding w/Traffic',None,'ON ROADWAY NOT AT CROSSWALK',No,Yes,0.533397,0.927658,'Suspected Minor Injury'
MONTGOMERY,45516,17.417,'Maryland (State)',Pedestrian,'SAME DIR REAR END',Clear,Dry,Daylight,'NO CONTROLS','None Detected','None Detected','Push/Work on Vehicle',None,'ON ROADWAY AT CROSSWALK',No,None,0.552886,0.947444,'Suspected Minor Injury'
MONTGOMERY,42467,7.5,County,Pedestrian,'STRAIGHT MOVEMENT ANGLE',Rain,Wet,Dawn,'NO CONTROLS','None Detected','None Detected','Cross/Enter at Intersection',None,'AT INTERSECTION BUT NO CROSSWALK',No,None,0.517025,0.94404,'Suspected Minor Injury'
MONTGOMERY,44483,12.5,'Maryland (State)',Bicyclist,'STRAIGHT MOVEMENT ANGLE',Clear,Dry,Daylight,'NO CONTROLS','None Detected','None Detected','Walking/Riding w/Traffic',None,SHOULDER,No,Yes,0.641498,0.842821,'Suspected Minor Injury'
TAKOMA,42833,15.083,Municipality,Bicyclist,'Single Vehicle',Clear,Dry,Daylight,'TRAFFIC SIGNAL','None Detected','None Detected','Cross/Enter at Intersection',None,'ON ROADWAY AT CROSSWALK',No,Yes,0.495191,0.959072,'Possible Injury'
MONTGOMERY,42986,16.433,County,Bicyclist,'Single Vehicle',Clear,Dry,Daylight,'NO CONTROLS','None Detected','None Detected','Cross/Enter at Intersection',Dart/Dash,SHOULDER,Yes,None,0.673089,0.926302,'Possible Injury'
MONTGOMERY,44117,12.75,'Maryland (State)',Pedestrian,'Single Vehicle',Clear,Dry,Daylight,'TRAFFIC SIGNAL','None Detected','None Detected','Cross/Enter at Intersection',None,'ON ROADWAY AT CROSSWALK',No,None,0.698407,0.86107,'Suspected Minor Injury'
MONTGOMERY,43693,17.9,'Maryland (State)',Pedestrian,'Single Vehicle',Clear,Dry,Daylight,'NO CONTROLS','None Detected','None Detected','Cross/Enter at Intersection',None,'ON ROADWAY AT CROSSWALK',No,None,0.495998,0.91902,'Suspected Serious Injury'
MONTGOMERY,44469,17.233,County,Bicyclist,'STRAIGHT MOVEMENT ANGLE',Clear,Dry,Daylight,'TRAFFIC SIGNAL','None Detected','None Detected','Cross/Enter at Intersection',None,'AT AT INTERSECTION MARKED CROSSWALK',No,Yes,0.636231,0.877681,'Possible Injury'
MONTGOMERY,44770,5.117,'Maryland (State)',Pedestrian,'Single Vehicle',Clear,Dry,'Dark - Lighted','TRAFFIC SIGNAL','None Detected','None Detected','Cross/Enter at Intersection',None,'AT AT INTERSECTION MARKED CROSSWALK',No,None,0.563486,0.96485,'Suspected Serious Injury'
GAITHERSBURG,44043,19,Municipality,Pedestrian,'SAME DIR REAR END',Clear,Dry,Daylight,'RAILWAY CROSSING DEVICE','None Detected','None Detected','Cross/Enter at Intersection',None,'ON ROADWAY NOT AT CROSSWALK',Yes,None,0.674056,0.871254,'Possible Injury'
MONTGOMERY,42710,19.45,'Maryland (State)',Pedestrian,'Single Vehicle',Rain,Wet,'Dark - Lighted','TRAFFIC SIGNAL','None Detected','None Detected','Cross/Enter at Intersection',None,'ON ROADWAY AT CROSSWALK',No,None,0.682809,0.85744,'Possible Injury'
ROCKVILLE,42493,12.25,'Maryland (State)',Pedestrian,'Single Vehicle',Cloudy,Dry,Daylight,'TRAFFIC SIGNAL','None Detected','None Detected','Cross/Enter at Intersection',None,'ON ROADWAY AT CROSSWALK',No,None,0.616484,0.89325,'Suspected Minor Injury'
MONTGOMERY,43185,18.083,County,Bicyclist,'SAME DIRECTION SIDESWIPE',Clear,Dry,Daylight,'NO CONTROLS','None Detected','None Detected','Cross/Enter at Intersection','WRONG WAY RIDING OR WALKING','ON ROADWAY NOT AT CROSSWALK',Yes,None,0.504215,0.960348,'No Apparent Injury'
MONTGOMERY,45317,7.3,County,Pedestrian,'Single Vehicle',Clear,Wet,Daylight,'SCHOOL ZONE SIGN DEVICE','None Detected','None Detected','Cross/Enter at Intersection',None,'ON ROADWAY AT CROSSWALK',No,None,0.702107,0.846494,'Suspected Minor Injury'
MONTGOMERY,42118,17.75,'Maryland (State)',Bicyclist,'Single Vehicle',Clear,Dry,Daylight,'NO CONTROLS','None Detected','None Detected','Walking/Riding w/Traffic',None,'ON ROADWAY AT CROSSWALK',No,Yes,0.495758,0.920803,'No Apparent Injury'
ROCKVILLE,44467,16.383,Municipality,Bicyclist,'Single Vehicle',Clear,Dry,Daylight,'NO CONTROLS','None Detected','None Detected','Cross/Enter at Intersection',None,'ON ROADWAY NOT AT CROSSWALK',No,None,0.614138,0.901085,'No Apparent Injury'
MONTGOMERY,42042,13.717,County,Pedestrian,'Single Vehicle',Clear,Dry,Daylight,'NO CONTROLS','None Detected','None Detected','Cross/Enter at Intersection',None,'ON ROADWAY AT CROSSWALK',No,None,0.616449,0.929382,'Possible Injury'
MONTGOMERY,44801,13.35,'Maryland (State)',Pedestrian,'Single Vehicle',Clear,Dry,Daylight,'TRAFFIC SIGNAL','None Detected','None Detected','Walking/Riding against Traffic',None,SIDEWALK,No,None,0.558397,0.939185,'Suspected Minor Injury'
MONTGOMERY,45445,7.75,County,Bicyclist,'Single Vehicle',Clear,Dry,Daylight,'STOP SIGN','None Detected','None Detected','Cross/Enter at Intersection',Dart/Dash,'AT AT INTERSECTION MARKED CROSSWALK',Yes,Yes,0.496148,0.9017,'Suspected Minor Injury'
ROCKVILLE,42200,15.667,'Maryland (State)',Pedestrian,'Single Vehicle',Clear,Dry,Daylight,'NO CONTROLS','None Detected','None Detected','Cross/Enter at Intersection',Inattentive,'ON ROADWAY NOT AT CROSSWALK',No,None,0.590541,0.889369,'Suspected Minor Injury'
GAITHERSBURG,42245,16.033,County,Pedestrian,'Single Vehicle',Clear,Dry,Daylight,'NO CONTROLS','None Detected','None Detected',Playing,None,'ON ROADWAY AT CROSSWALK',No,None,0.675909,0.879046,'Suspected Minor Injury'
MONTGOMERY,44544,10.417,'US (State)',Pedestrian,'Single Vehicle',Clear,Dry,Daylight,'NO CONTROLS','None Detected','None Detected','Cross/Enter at Intersection',None,'ON ROADWAY AT CROSSWALK',No,None,0.511446,0.949345,'Possible Injury'
MONTGOMERY,43180,9.75,County,Pedestrian,'Single Vehicle',Clear,Dry,Daylight,'NO CONTROLS','None Detected','None Detected','Cross/Enter at Intersection',None,'ON ROADWAY AT CROSSWALK',No,None,0.686681,0.932129,'Possible Injury'
MONTGOMERY,44421,12.783,'Maryland (State)',Bicyclist,'Single Vehicle',Clear,Dry,Daylight,'TRAFFIC SIGNAL','None Detected','None Detected','Walking/Riding w/Traffic',None,SIDEWALK,No,Yes,0.559049,0.937899,'Suspected Minor Injury'
ROCKVILLE,42013,14.933,'Maryland (State)',Pedestrian,'Single Vehicle',Clear,Dry,Daylight,'TRAFFIC SIGNAL','None Detected','None Detected','Cross/Enter at Intersection',Dart/Dash,'ON ROADWAY AT CROSSWALK',No,None,0.606708,0.895992,'Suspected Minor Injury'
MONTGOMERY,44590,0.583,'Maryland (State)',Pedestrian,'SAME DIR REND LEFT TURN','WINTRY MIX',Wet,'Dark - Lighted','TRAFFIC SIGNAL','ALCOHOL PRESENT ','None Detected','Cross/Enter at Intersection',None,'ON ROADWAY AT CROSSWALK',No,None,0.651124,0.882343,'No Apparent Injury'
MONTGOMERY,45551,18.417,County,Pedestrian,'Single Vehicle',Clear,Dry,Daylight,'TRAFFIC SIGNAL','None Detected','None Detected','Cross/Enter at Intersection',None,'ON ROADWAY AT CROSSWALK',No,None,0.578897,0.930214,'Possible Injury'
MONTGOMERY,42420,9.833,County,Bicyclist,'STRAIGHT MOVEMENT ANGLE',Clear,Dry,Daylight,'TRAFFIC SIGNAL','None Detected','None Detected','Cross/Enter at Intersection',None,'AT INTERSECTION BUT NO CROSSWALK',No,Yes,0.525212,0.920662,'Suspected Serious Injury'
MONTGOMERY,42201,10.883,County,Pedestrian,'Single Vehicle',Clear,Dry,Daylight,'TRAFFIC SIGNAL','None Detected','None Detected','Walking/Cycling on Sidewalk',None,SIDEWALK,No,None,0.574519,0.923907,'Fatal Injury'
MONTGOMERY,42321,18.183,'Maryland (State)',Pedestrian,'Single Vehicle',Clear,Dry,'Dark - Not Lighted','NO CONTROLS','None Detected','None Detected','Cross/Enter Not at Intersection',None,'ON ROADWAY NOT AT CROSSWALK',No,None,0.713871,0.855723,'Fatal Injury'
MONTGOMERY,44161,14.033,'Maryland (State)',Bicyclist,'Single Vehicle',Clear,Dry,Daylight,'NO CONTROLS','None Detected','None Detected','Walking/Riding w/Traffic',None,SHOULDER,No,Yes,0.550791,0.874844,'Suspected Minor Injury'
MONTGOMERY,44789,19,County,Pedestrian,'Single Vehicle',Clear,Dry,Daylight,'TRAFFIC SIGNAL','None Detected','None Detected','Cross/Enter at Intersection',None,'ON ROADWAY AT CROSSWALK',No,None,0.601483,0.921107,'Suspected Minor Injury'
MONTGOMERY,43936,14,County,Pedestrian,'Single Vehicle',Clear,Dry,Daylight,'NO CONTROLS','None Detected','None Detected',Standing,None,'ON ROADWAY AT CROSSWALK',No,None,0.616085,0.939866,'Suspected Minor Injury'
MONTGOMERY,43722,13,County,Pedestrian,'Single Vehicle',Clear,Dry,Daylight,'NO CONTROLS','None Detected','None Detected','Cross/Enter Not at Intersection',None,'ON ROADWAY NOT AT CROSSWALK',No,None,0.488875,0.919019,'Possible Injury'
MONTGOMERY,42797,7.783,County,Pedestrian,'Single Vehicle',Clear,Dry,Daylight,'NO CONTROLS','None Detected','None Detected','Cross/Enter Not at Intersection','IN ROADWAY IMPROPERLY','ON ROADWAY NOT AT CROSSWALK',Yes,None,0.626934,0.856019,'Suspected Minor Injury'
MONTGOMERY,43376,11.75,'Maryland (State)',Pedestrian,'Single Vehicle',Clear,Dry,Daylight,'NO CONTROLS','None Detected','None Detected','Cross/Enter Not at Intersection',Dart/Dash,'ON ROADWAY NOT AT CROSSWALK',No,None,0.500387,0.919294,'Suspected Minor Injury'
MONTGOMERY,43399,13.25,County,Bicyclist,'Single Vehicle',Clear,Dry,Daylight,'NO CONTROLS','None Detected','None Detected','Walking/Riding w/Traffic',None,'ON ROADWAY NOT AT CROSSWALK',No,Yes,0.635538,0.929075,'Suspected Serious Injury'
MONTGOMERY,44835,8.467,'Maryland (State)',Pedestrian,'HEAD ON LEFT TURN',Rain,Wet,Daylight,'TRAFFIC SIGNAL','None Detected','None Detected','Cross/Enter at Intersection',None,'AT AT INTERSECTION MARKED CROSSWALK',No,None,0.550541,0.950008,'Suspected Serious Injury'
MONTGOMERY,42607,11.25,Municipality,Bicyclist,'STRAIGHT MOVEMENT ANGLE',Clear,Dry,Daylight,'NO CONTROLS','None Detected','None Detected','Walking/Cycling on Sidewalk',None,SIDEWALK,No,Yes,0.484864,0.925203,'No Apparent Injury'