'Agency Name','Days after Jan 1','Hours past Midnight','Route Type','Related Non-Motorist','Collision Type',Weather,'Surface Condition',Light,'Traffic Control','Driver Substance Abuse','Non-Motorist Substance Abuse','Pedestrian Movement','Pedestrian Actions','Pedestrian Location','At Fault','Safety Equipment','Lat- Normalized','Long- Normalized','Injury Severity'
MONTGOMERY,43690,13.25,County,Bicyclist,'STRAIGHT MOVEMENT ANGLE',Rain,Wet,Daylight,'NO CONTROLS','None Detected','None Detected','Cross/Enter at Intersection','FAILURE TO YIELD RIGHT OF WAY','AT INTERSECTION BUT NO CROSSWALK',Yes,Yes,0.589817,0.954172,'Possible Injury'
MONTGOMERY,42753,19.267,County,Pedestrian,'Single Vehicle',Clear,Dry,'Dark - Lighted','NO CONTROLS','None Detected','None Detected',Standing,None,'ON ROADWAY AT CROSSWALK',No,None,0.607732,0.981817,'No Apparent Injury'
MONTGOMERY,43622,23.217,County,Bicyclist,'Single Vehicle',Clear,Dry,'Dark - Lighted','NO CONTROLS','None Detected','None Detected','Cross/Enter at Intersection',None,'ON ROADWAY AT CROSSWALK',No,None,0.528512,0.970859,'Suspected Serious Injury'
MONTGOMERY,45627,17.5,'Maryland (State)',Pedestrian,'Single Vehicle',Clear,Dry,'Dark - Lighted','NO CONTROLS','None Detected','None Detected','Cross/Enter at Intersection',None,'ON ROADWAY AT CROSSWALK',No,None,0.469659,0.922316,'Suspected Minor Injury'
MONTGOMERY,42638,14.333,County,Pedestrian,'Single Vehicle',Clear,Dry,Daylight,'NO CONTROLS','None Detected','None Detected','Cross/Enter at Intersection','ENTERING EXITING PARKED STANDING VEHICLE','MIDBLOCK MARKED CROSSWALK',Yes,None,0.572516,0.914165,'Possible Injury'
MONTGOMERY,44415,20.933,'Maryland (State)',Pedestrian,'SAME DIRECTION LEFT TURN',Clear,Dry,'Dark - Lighted','TRAFFIC SIGNAL','None Detected','None Detected','Walking/Riding w/Traffic',None,'AT AT INTERSECTION MARKED CROSSWALK',No,None,0.493675,0.920042,'Suspected Minor Injury'
MONTGOMERY,44472,18.35,County,Pedestrian,'Single Vehicle',Clear,Dry,Daylight,'TRAFFIC SIGNAL','None Detected','None Detected','Cross/Enter at Intersection',None,'AT AT INTERSECTION MARKED CROSSWALK',No,None,0.599787,0.929461,'Suspected Minor Injury'
MONTGOMERY,43544,21.133,'Maryland (State)',Pedestrian,'Single Vehicle',Clear,Dry,'Dark - Lighted','TRAFFIC SIGNAL','None Detected','None Detected','Cross/Enter at Intersection',Dart/Dash,'ON ROADWAY AT CROSSWALK',Yes,None,0.60002,0.929322,'Possible Injury'
MONTGOMERY,44093,15.25,'Maryland (State)',Bicyclist,'STRAIGHT MOVEMENT ANGLE',Clear,Dry,Daylight,'NO CONTROLS','None Detected','None Detected','Walking/Cycling on Sidewalk',Inattentive,SIDEWALK,Yes,Yes,0.645016,0.850586,'Possible Injury'
MONTGOMERY,42770,11.833,County,Pedestrian,'Single Vehicle',Clear,Dry,Daylight,'TRAFFIC SIGNAL','None Detected','None Detected','Cross/Enter at Intersection',None,'ON ROADWAY AT CROSSWALK',No,None,0.502924,0.91828,'Suspected Minor Injury'
MONTGOMERY,42374,10.8,County,Bicyclist,'Single Vehicle',Cloudy,Dry,Daylight,'NO CONTROLS','None Detected','None Detected','Walking/Riding w/Traffic',None,'ON ROADWAY NOT AT CROSSWALK',No,Yes,0.490719,0.860952,'No Apparent Injury'
MONTGOMERY,42444,23.183,County,Pedestrian,'Single Vehicle',Clear,Dry,'Dark - Lighted','TRAFFIC SIGNAL','None Detected','None Detected','Cross/Enter at Intersection','FAILURE TO OBEY TRAFFIC SIGNS SIGNALS OR OFFICER','ON ROADWAY AT CROSSWALK',Yes,None,0.706537,0.868667,'Suspected Serious Injury'
MONTGOMERY,42850,14.9,County,Pedestrian,'Single Vehicle',Rain,Dry,Daylight,'TRAFFIC SIGNAL','None Detected','None Detected','Cross/Enter at Intersection',None,'AT AT INTERSECTION MARKED CROSSWALK',No,None,0.487691,0.91718,'Suspected Minor Injury'
MONTGOMERY,43704,21.15,County,Pedestrian,'Single Vehicle',Clear,Dry,'Dark - Lighted','TRAFFIC SIGNAL','None Detected','None Detected','Cross/Enter at Intersection',Dart/Dash,'ON ROADWAY AT CROSSWALK',Yes,None,0.578776,0.939676,'Fatal Injury'
MONTGOMERY,44514,12.75,Municipality,Pedestrian,'STRAIGHT MOVEMENT ANGLE',Cloudy,Dry,Daylight,'TRAFFIC SIGNAL','None Detected','None Detected','Cross/Enter at Intersection',None,'ON ROADWAY AT CROSSWALK',No,None,0.686823,0.859112,'No Apparent Injury'
MONTGOMERY,42041,14.833,County,Pedestrian,'Single Vehicle',Clear,Dry,Daylight,'NO CONTROLS','None Detected','None Detected','Cross/Enter Not at Intersection',Dart/Dash,'ON ROADWAY NOT AT CROSSWALK',No,None,0.708649,0.869077,'Suspected Minor Injury'
MONTGOMERY,42858,0.45,County,Pedestrian,'Single Vehicle',Clear,Dry,'Dark - Lighted','NO CONTROLS','ALCOHOL PRESENT','ALCOHOL PRESENT','Cross/Enter at Intersection',None,'ON ROADWAY AT CROSSWALK',No,None,0.593244,0.930724,'Suspected Minor Injury'
MONTGOMERY,43224,17.083,County,Pedestrian,'Single Vehicle',Clear,Dry,Daylight,'STOP SIGN','None Detected','None Detected','Cross/Enter at Intersection',None,'ON ROADWAY AT CROSSWALK',No,None,0.707223,0.87107,'Possible Injury'
GAITHERSBURG,43067,8.583,Municipality,Pedestrian,'Single Vehicle',Clear,Dry,Daylight,'NO CONTROLS','None Detected','None Detected','Walking to/from school',None,'ON ROADWAY AT CROSSWALK',No,None,0.643674,0.858634,'Possible Injury'
MONTGOMERY,43334,9.617,'Maryland (State)',Bicyclist,'HEAD ON LEFT TURN',Clear,Dry,Daylight,'TRAFFIC SIGNAL','None Detected','None Detected','Cross/Enter at Intersection','FAILURE TO YIELD RIGHT OF WAY','ON ROADWAY AT CROSSWALK',No,None,0.543307,0.925592,'Suspected Minor Injury'
MONTGOMERY,43822,13.9,County,Pedestrian,'Single Vehicle',Clear,Dry,Daylight,'NO CONTROLS','None Detected','None Detected','Cross/Enter Not at Intersection','IN ROADWAY IMPROPERLY','ON ROADWAY NOT AT CROSSWALK',Yes,None,0.576167,0.905122,'Suspected Serious Injury'
MONTGOMERY,42300,14.833,'Maryland (State)',Bicyclist,'Single Vehicle',Clear,Dry,Daylight,'NO CONTROLS','None Detected','None Detected','Walking/Cycling on Sidewalk',None,SIDEWALK,Yes,Yes,0.482257,0.920986,'Suspected Minor Injury'
MONTGOMERY,42852,20.117,'Maryland (State)',Bicyclist,'Single Vehicle',Clear,Dry,Dusk,'NO CONTROLS','None Detected','None Detected','Walking/Riding w/Traffic',None,SHOULDER,No,None,0.674834,0.942713,'Suspected Serious Injury'
MONTGOMERY,43041,15.767,County,Pedestrian,'Single Vehicle',Clear,Dry,Daylight,'NO CONTROLS','None Detected','None Detected','Cross/Enter at Intersection','NOT VISIBLE','ON ROADWAY AT CROSSWALK',Yes,None,0.740006,0.85212,'Suspected Minor Injury'
MONTGOMERY,43019,18.917,County,Pedestrian,'Single Vehicle',Rain,Wet,'Dark - Lighted','STOP SIGN','None Detected','None Detected','Cross/Enter at Intersection',None,'ON ROADWAY AT CROSSWALK',No,None,0.506469,0.951761,'Suspected Minor Injury'
MONTGOMERY,42746,18.75,'Maryland (State)',Pedestrian,'Single Vehicle',Rain,Wet,'Dark - Lighted','NO CONTROLS','None Detected','None Detected','Cross/Enter at Intersection',Dart/Dash,'ON ROADWAY NOT AT CROSSWALK',Yes,None,0.501942,0.918561,'Possible Injury'
ROCKVILLE,42198,16.5,County,Pedestrian,'Single Vehicle',Cloudy,Dry,Daylight,'NO CONTROLS','None Detected','None Detected','Cross/Enter at Intersection',None,'ON ROADWAY AT CROSSWALK',No,None,0.615658,0.892961,'Suspected Minor Injury'
ROCKVILLE,43069,19.383,Municipality,Pedestrian,'Single Vehicle',Clear,Dry,'Dark - Lighted','TRAFFIC SIGNAL','None Detected','None Detected','Cross/Enter at Intersection',None,'AT AT INTERSECTION MARKED CROSSWALK',No,None,0.607611,0.89335,'Possible Injury'
MONTGOMERY,43441,7.167,Municipality,Pedestrian,'Single Vehicle',Clear,Dry,'Dark - Lighted','STOP SIGN','None Detected','None Detected','Cross/Enter at Intersection',None,'ON ROADWAY AT CROSSWALK',No,None,0.647575,0.86691,'Possible Injury'
MONTGOMERY,43061,19.3,County,Pedestrian,'Single Vehicle',Clear,Dry,'Dark - Lighted','NO CONTROLS','None Detected','None Detected','Cross/Enter at Intersection',None,'ON ROADWAY AT CROSSWALK',No,None,0.567993,0.912738,'Suspected Minor Injury'
MONTGOMERY,42731,17.667,'Maryland (State)',Pedestrian,'Single Vehicle',Clear,Dry,'Dark - Lighted','TRAFFIC SIGNAL','None Detected','None Detected','Cross/Enter at Intersection','FAILURE TO YIELD RIGHT OF WAY','AT AT INTERSECTION MARKED CROSSWALK',Yes,None,0.528982,0.970463,'Suspected Serious Injury'
ROCKVILLE,42829,18.283,Municipality,Pedestrian,'Single Vehicle',Clear,Dry,Daylight,'NO CONTROLS','None Detected','None Detected','Cross/Enter at Intersection',None,'ON ROADWAY AT CROSSWALK',No,None,0.608675,0.894982,'Possible Injury'
MONTGOMERY,44094,0.817,County,Pedestrian,'Single Vehicle',Clear,Dry,'Dark - Lighted','NO CONTROLS','None Detected','ALCOHOL PRESENT','Cross/Enter at Intersection',None,'ON ROADWAY NOT AT CROSSWALK',No,None,0.509666,0.964649,'Fatal Injury'
GAITHERSBURG,45582,18.75,Municipality,Pedestrian,'Single Vehicle',Clear,Dry,'Dark - Lighted','YIELD SIGN','None Detected','None Detected','Cross/Enter at Intersection','IN ROADWAY IMPROPERLY','ON ROADWAY NOT AT CROSSWALK',No,None,0.652204,0.85567,'Possible Injury'
MONTGOMERY,44181,10.55,County,Pedestrian,'Single Vehicle',Snow,Wet,Daylight,'NO CONTROLS','None Detected','None Detected','Cross/Enter at Intersection',None,'ON ROADWAY AT CROSSWALK',No,None,0.487338,0.919703,'Possible Injury'
MONTGOMERY,43774,21,County,Pedestrian,'SAME DIR REAR END',Clear,Dry,'Dark - Lighted','NO CONTROLS','None Detected','None Detected',Standing,None,'ON ROADWAY AT CROSSWALK',No,None,0.558801,0.937746,'Suspected Minor Injury'
MONTGOMERY,44824,14.717,'Maryland (State)',Pedestrian,'Single Vehicle',Clear,Dry,Daylight,'TRAFFIC SIGNAL','None Detected','None Detected','Cross/Enter at Intersection',None,'ON ROADWAY AT CROSSWALK',No,None,0.684977,0.932423,'Suspected Minor Injury'
MONTGOMERY,45604,14.083,County,Bicyclist,'Single Vehicle',Clear,Dry,Daylight,'TRAFFIC SIGNAL','None Detected','None Detected','Cross/Enter at Intersection',None,'AT AT INTERSECTION MARKED CROSSWALK',No,None,0.732886,0.841824,'No Apparent Injury'
MONTGOMERY,43438,19.867,County,Pedestrian,'Single Vehicle',Clear,Dry,'Dark - Not Lighted','STOP SIGN','None Detected','None Detected','Cross/Enter at Intersection',Inattentive,'ON ROADWAY AT CROSSWALK',No,None,0.628191,0.994668,'Suspected Minor Injury'
TAKOMA,43991,19.333,Municipality,Bicyclist,'Single Vehicle',Clear,Dry,Daylight,'NO CONTROLS','None Detected','None Detected','Cross/Enter Not at Intersection','IN ROADWAY IMPROPERLY','ON ROADWAY NOT AT CROSSWALK',Yes,None,0.491696,0.958719,'Possible Injury'
GAITHERSBURG,44376,4.5,'Maryland (State)',Bicyclist,'Single Vehicle',Clear,Dry,'Dark - Not Lighted','NO CONTROLS','None Detected','None Detected','Walking/Riding w/Traffic','NOT VISIBLE','ON ROADWAY NOT AT CROSSWALK',Yes,None,0.654424,0.880692,'Suspected Minor Injury'
MONTGOMERY,43471,16,County,Pedestrian,'Single Vehicle',Clear,Dry,Daylight,'TRAFFIC SIGNAL','None Detected','None Detected','Cross/Enter at Intersection',None,'ON ROADWAY AT CROSSWALK',No,None,0.688678,0.918936,'Possible Injury'
MONTGOMERY,43440,17.717,'Maryland (State)',Pedestrian,'Single Vehicle',Cloudy,Dry,'Dark - Lighted','TRAFFIC SIGNAL','None Detected','None Detected','Cross/Enter at Intersection',None,'ON ROADWAY AT CROSSWALK',No,None,0.715626,0.855699,'Possible Injury'
MONTGOMERY,43215,0.083,County,Pedestrian,'Single Vehicle',Rain,Dry,'Dark - Lighted','STOP SIGN','None Detected','None Detected','Cross/Enter at Intersection',None,'AT INTERSECTION BUT NO CROSSWALK',No,None,0.710023,0.870433,'Possible Injury'
MONTGOMERY,44448,19.65,County,Pedestrian,'Single Vehicle',Clear,Dry,'Dark - Not Lighted','NO CONTROLS','None Detected','None Detected','Walking/Riding w/Traffic','NOT VISIBLE',SHOULDER,No,None,0.762767,0.834641,'Suspected Minor Injury'
MONTGOMERY,44114,20,County,Pedestrian,'HEAD ON',Clear,Dry,'Dark - Lighted','NO CONTROLS','None Detected','None Detected',Standing,None,'ON ROADWAY AT CROSSWALK',No,None,0.712207,0.867499,'No Apparent Injury'
MONTGOMERY,42024,17.767,County,Pedestrian,'Single Vehicle',Clear,Dry,'Dark - Lighted','TRAFFIC SIGNAL','None Detected','ALCOHOL PRESENT','Cross/Enter at Intersection','IN ROADWAY IMPROPERLY','ON ROADWAY NOT AT CROSSWALK',No,None,0.504785,0.947824,'Suspected Minor Injury'
MONTGOMERY,43754,19,County,Pedestrian,'Single Vehicle',Cloudy,Wet,'Dark - Lighted','NO CONTROLS','None Detected','None Detected','Cross/Enter at Intersection',Inattentive,'ON ROADWAY AT CROSSWALK',Yes,None,0.574263,0.8892,'Suspected Minor Injury'
ROCKVILLE,43627,16.583,' Public Roadway',Pedestrian,'Single Vehicle',Clear,Dry,Daylight,'NO CONTROLS','None Detected','None Detected','Cross/Enter at Intersection',None,CURB,No,None,0.641628,0.887526,'No Apparent Injury'
TAKOMA,43160,18.5,County,Pedestrian,'Single Vehicle',Rain,Dry,Dusk,'NO CONTROLS','None Detected','None Detected','Cross/Enter at Intersection',None,'ON ROADWAY AT CROSSWALK',No,None,0.495357,0.966177,'Suspected Minor Injury'
MONTGOMERY,42169,10.4,County,Pedestrian,'Single Vehicle',Clear,Dry,Daylight,'STOP SIGN','None Detected','None Detected','Cross/Enter at Intersection','IN ROADWAY IMPROPERLY','ON ROADWAY NOT AT CROSSWALK',No,None,0.489261,0.91624,'Suspected Minor Injury'
TAKOMA,44831,7.683,Municipality,Bicyclist,'Single Vehicle',Clear,Dry,Daylight,'STOP SIGN','None Detected','None Detected','Cross/Enter at Intersection',None,'ON ROADWAY NOT AT CROSSWALK',No,Yes,0.489205,0.963276,'Possible Injury'
MONTGOMERY,43776,8,County,Bicyclist,'Single Vehicle',Cloudy,Dry,Daylight,'STOP SIGN','None Detected','None Detected','Walking/Cycling on Sidewalk',Dart/Dash,'AT AT INTERSECTION MARKED CROSSWALK',Yes,None,0.547721,0.939938,'Possible Injury'
MONTGOMERY,42128,17.617,Municipality,Bicyclist,'SAME DIR REAR END',Clear,Dry,Daylight,'NO CONTROLS','None Detected','None Detected','Cross/Enter at Intersection',None,SIDEWALK,No,Yes,0.57853,0.908563,'No Apparent Injury'
MONTGOMERY,44755,16.333,Government,Bicyclist,'SAME DIRECTION SIDESWIPE',Clear,Dry,Daylight,'NO CONTROLS','None Detected','None Detected','Walking/Riding w/Traffic',None,'ON ROADWAY NOT AT CROSSWALK',No,Yes,0.587117,0.890339,'Possible Injury'
MONTGOMERY,45498,10.2,County,Bicyclist,'Single Vehicle',Clear,Dry,Daylight,'TRAFFIC SIGNAL','None Detected','None Detected','Cross/Enter at Intersection',None,'AT AT INTERSECTION MARKED CROSSWALK',No,None,0.706527,0.868709,'Suspected Minor Injury'
MONTGOMERY,43839,0.267,'Maryland (State)',Pedestrian,'Single Vehicle',Clear,Dry,'Dark - Lighted','NO CONTROLS','None Detected','ALCOHOL CONTRIBUTED','Cross/Enter at Intersection','IN ROADWAY IMPROPERLY','ON ROADWAY NOT AT CROSSWALK',Yes,None,0.691926,0.864437,'Suspected Minor Injury'
MONTGOMERY,44738,9.583,County,Pedestrian,'Single Vehicle',Clear,Dry,Daylight,'NO CONTROLS','None Detected','None Detected','Cross/Enter Not at Intersection',Inattentive,'ON ROADWAY NOT AT CROSSWALK',No,None,0.55825,0.966667,'Possible Injury'
MONTGOMERY,44516,6.483,County,Pedestrian,'Single Vehicle',Clear,Dry,Dusk,'TRAFFIC SIGNAL','None Detected','None Detected','Cross/Enter at Intersection',None,'ON ROADWAY AT CROSSWALK',No,None,0.544326,0.912962,'Suspected Minor Injury'
MONTGOMERY,43138,18.45,'Maryland (State)',Pedestrian,'Single Vehicle',Rain,Wet,'Dark - Lighted','NO CONTROLS','None Detected','None Detected','Cross/Enter at Intersection',None,'ON ROADWAY AT CROSSWALK',No,None,0.470647,0.915072,'Suspected Minor Injury'
MONTGOMERY,42899,18.35,'Maryland (State)',Pedestrian,'Single Vehicle',Clear,Dry,Daylight,'TRAFFIC SIGNAL','None Detected','None Detected','Cross/Enter at Intersection',None,'ON ROADWAY AT CROSSWALK',No,None,0.600119,0.929462,'Suspected Minor Injury'
MONTGOMERY,43872,7.6,'Maryland (State)',Pedestrian,'Single Vehicle',Rain,Wet,Dawn,'NO CONTROLS','None Detected','None Detected','Walking/Cycling on Sidewalk',None,SIDEWALK,No,None,0.563924,0.91099,'No Apparent Injury'
MONTGOMERY,43748,12.3,County,Bicyclist,'STRAIGHT MOVEMENT ANGLE',Clear,Dry,Daylight,'NO CONTROLS','None Detected','None Detected','Cross/Enter at Intersection',None,'ON ROADWAY AT CROSSWALK',No,Yes,0.565614,0.942662,'Suspected Minor Injury'
MONTGOMERY,42341,7.5,County,Pedestrian,'Single Vehicle',Clear,Dry,Daylight,'NO CONTROLS','None Detected','None Detected',Playing,None,CURB,No,None,0.558855,0.934846,'Suspected Minor Injury'
MONTGOMERY,45317,19.083,County,Pedestrian,'STRAIGHT MOVEMENT ANGLE',Clear,Dry,'Dark - Not Lighted','NO CONTROLS','None Detected','None Detected','Cross/Enter at Intersection',None,'ON ROADWAY AT CROSSWALK',No,None,0.571301,0.911736,'Possible Injury'
ROCKVILLE,43356,7.75,Municipality,Pedestrian,'Single Vehicle',Clear,Dry,Daylight,'NO CONTROLS','None Detected','None Detected','Cross/Enter at Intersection',None,'AT AT INTERSECTION MARKED CROSSWALK',No,None,0.602888,0.88975,'No Apparent Injury'
MONTGOMERY,42096,8.133,County,Bicyclist,'SAME DIR REAR END',Clear,Dry,Daylight,'NO CONTROLS','None Detected','None Detected','Walking/Riding w/Traffic',None,'ON ROADWAY AT CROSSWALK',No,Yes,0.497786,0.952902,'Suspected Minor Injury'
MONTGOMERY,44703,15.25,'Maryland (State)',Pedestrian,'HEAD ON LEFT TURN',Clear,Dry,Daylight,PERSON,'None Detected','None Detected','Cross/Enter at Intersection',None,'ON ROADWAY AT CROSSWALK',No,None,0.560302,0.937723,'Possible Injury'
MONTGOMERY,44151,8.433,County,Pedestrian,'Single Vehicle',Clear,Dry,Daylight,'NO CONTROLS','None Detected','None Detected',' Working',None,'ON ROADWAY AT CROSSWALK',No,Yes,0.51754,0.947683,'Possible Injury'
TAKOMA,42848,18.017,'Maryland (State)',Pedestrian,'Single Vehicle',Cloudy,Wet,Daylight,'NO CONTROLS','None Detected','None Detected','Cross/Enter Not at Intersection','IN ROADWAY IMPROPERLY','ON ROADWAY NOT AT CROSSWALK',No,None,0.484879,0.961023,'Suspected Serious Injury'
MONTGOMERY,44336,12.967,County,Pedestrian,'Single Vehicle',Clear,Dry,Daylight,'NO CONTROLS','None Detected','None Detected','Walking/Cycling on Sidewalk',None,SIDEWALK,No,None,0.609819,0.871312,'Suspected Serious Injury'
MONTGOMERY,42793,14.183,County,Pedestrian,'Single Vehicle',Cloudy,Dry,Daylight,'NO CONTROLS','None Detected','None Detected','Cross/Enter at Intersection',None,'ON ROADWAY AT CROSSWALK',No,None,0.53047,0.869147,'Suspected Serious Injury'
MONTGOMERY,45359,19.683,'Maryland (State)',Pedestrian,'Single Vehicle',Clear,Dry,'Dark - Lighted','TRAFFIC SIGNAL','None Detected','None Detected','Cross/Enter at Intersection',None,'AT AT INTERSECTION MARKED CROSSWALK',No,None,0.506434,0.948337,'Possible Injury'
MONTGOMERY,43288,15.433,County,Pedestrian,'Single Vehicle',Clear,Dry,Daylight,'NO CONTROLS','None Detected','None Detected',Standing,None,'ON ROADWAY AT CROSSWALK',No,None,0.51777,0.938641,'Possible Injury'
MONTGOMERY,42957,11.083,'Maryland (State)','MACHINE OPERATOR/RIDER','Single Vehicle',Clear,Dry,Daylight,'NO CONTROLS','None Detected','None Detected','Cross/Enter at Intersection','FAILURE TO YIELD RIGHT OF WAY','ON ROADWAY AT CROSSWALK',Yes,None,0.763771,0.794363,'Suspected Minor Injury'
MONTGOMERY,43893,18.6,County,Pedestrian,'Single Vehicle',Rain,Dry,'Dark - Lighted','STOP SIGN','None Detected','None Detected','Cross/Enter at Intersection',None,'ON ROADWAY AT CROSSWALK',No,None,0.715724,0.843363,'Possible Injury'
MONTGOMERY,42020,11.983,County,Pedestrian,'STRAIGHT MOVEMENT ANGLE',Clear,Dry,Daylight,'STOP SIGN','None Detected','None Detected','Cross/Enter at Intersection',None,'ON ROADWAY AT CROSSWALK',No,None,0.686516,0.936206,'Suspected Minor Injury'
MONTGOMERY,42661,8.167,'Maryland (State)',Bicyclist,'HEAD ON LEFT TURN',Clear,Dry,Daylight,'NO CONTROLS','None Detected','None Detected','Walking/Riding w/Traffic','FAILURE TO YIELD RIGHT OF WAY',SHOULDER,Yes,Yes,0.76911,0.844992,'Suspected Minor Injury'
ROCKVILLE,45540,18,County,' CONVEYANCE','STRAIGHT MOVEMENT ANGLE',Clear,Dry,Daylight,'NO CONTROLS','None Detected','None Detected','Walking/Riding against Traffic',None,SIDEWALK,No,None,0.578186,0.90559,'Suspected Minor Injury'
MONTGOMERY,42599,8.65,County,Bicyclist,'Single Vehicle',Clear,Dry,Daylight,'TRAFFIC SIGNAL','None Detected','None Detected','Cross/Enter at Intersection',None,'ON ROADWAY AT CROSSWALK',No,None,0.529523,0.946352,'Suspected Minor Injury'
MONTGOMERY,43880,20.517,'Maryland (State)',Pedestrian,'HEAD ON LEFT TURN',Clear,Dry,'Dark - Lighted','TRAFFIC SIGNAL','None Detected','None Detected','Cross/Enter at Intersection',None,'ON ROADWAY AT CROSSWALK',No,None,0.505033,0.944688,'No Apparent Injury'
MONTGOMERY,44917,13.85,'Maryland (State)',Pedestrian,'Single Vehicle',Rain,Wet,Daylight,'TRAFFIC SIGNAL','None Detected','None Detected','Cross/Enter at Intersection',None,'ON ROADWAY NOT AT CROSSWALK',No,None,0.533283,0.954527,'Suspected Minor Injury'
MONTGOMERY,43037,18.417,'Maryland (State)',Pedestrian,'Single Vehicle',Rain,Wet,'Dark - Lighted','TRAFFIC SIGNAL','None Detected','None Detected','Cross/Enter at Intersection',None,'ON ROADWAY AT CROSSWALK',No,None,0.599743,0.929487,'Possible Injury'
MONTGOMERY,44391,11,County,Pedestrian,'Single Vehicle',Clear,Dry,Daylight,'NO CONTROLS','None Detected','None Detected',' Working',None,'ON ROADWAY AT CROSSWALK',No,None,0.628673,0.953086,'Possible Injury'
MONTGOMERY,42361,17,Municipality,Pedestrian,'Single Vehicle',Rain,Wet,'Dark - Lighted','YIELD SIGN','None Detected','None Detected','Cross/Enter at Intersection',None,'AT AT INTERSECTION MARKED CROSSWALK',No,None,0.645056,0.871988,'Suspected Serious Injury'
MONTGOMERY,43513,20,County,Pedestrian,'Single Vehicle',Clear,Dry,'Dark - Lighted','NO CONTROLS','None Detected','None Detected','Getting off/on Vehicle',None,'ON ROADWAY AT CROSSWALK',No,None,0.501536,0.94961,'Suspected Minor Injury'
MONTGOMERY,42670,11,County,'MACHINE OPERATOR/RIDER','STRAIGHT MOVEMENT ANGLE',Clear,Dry,Daylight,'TRAFFIC SIGNAL','None Detected','None Detected','Cross/Enter at Intersection',None,'AT AT INTERSECTION MARKED CROSSWALK',No,None,0.467479,0.921556,'Suspected Minor Injury'
TAKOMA,43107,7.5,Municipality,Pedestrian,'Single Vehicle',Clear,Dry,Daylight,'NO CONTROLS','None Detected','None Detected','Cross/Enter at Intersection',None,SIDEWALK,No,None,0.492252,0.957855,'No Apparent Injury'
MONTGOMERY,42342,10.267,County,Pedestrian,'Single Vehicle',Clear,Dry,Daylight,'TRAFFIC SIGNAL','None Detected','None Detected','Cross/Enter at Intersection','IN ROADWAY IMPROPERLY','ON ROADWAY AT CROSSWALK',Yes,None,0.615528,0.870629,'Suspected Serious Injury'
MONTGOMERY,43690,0.1,County,Pedestrian,'Single Vehicle',Clear,Dry,'Dark - Lighted','NO CONTROLS','ALCOHOL CONTRIBUTED','ALCOHOL PRESENT','Cross/Enter at Intersection',Inattentive,'ON ROADWAY AT CROSSWALK',Yes,None,0.673683,0.862451,'Suspected Minor Injury'
MONTGOMERY,42782,18.6,'Maryland (State)',Pedestrian,'Single Vehicle',Clear,Dry,'Dark - Lighted','TRAFFIC SIGNAL','None Detected','None Detected','Cross/Enter at Intersection','IN ROADWAY IMPROPERLY','ON ROADWAY NOT AT CROSSWALK',Yes,None,0.632705,0.996568,'Suspected Minor Injury'
MONTGOMERY,42892,11.4,County,Pedestrian,'Single Vehicle',Clear,Dry,'Dark - Lighted','NO CONTROLS','None Detected','None Detected','Cross/Enter at Intersection',None,'ON ROADWAY AT CROSSWALK',No,None,0.697053,0.837139,'Possible Injury'
MONTGOMERY,42779,19,' Public Roadway',Pedestrian,'Single Vehicle',Clear,Dry,'Dark - Lighted','NO CONTROLS','None Detected','None Detected','Cross/Enter at Intersection',None,'ON ROADWAY AT CROSSWALK',No,None,0.578619,0.939828,'Suspected Serious Injury'
GAITHERSBURG,42361,17.333,Municipality,Pedestrian,'Single Vehicle',Cloudy,Wet,'Dark - Lighted','NO CONTROLS','None Detected','None Detected','Cross/Enter at Intersection','NOT VISIBLE','ON ROADWAY AT CROSSWALK',No,None,0.653168,0.853092,'Suspected Minor Injury'
MONTGOMERY,43066,11.583,County,Pedestrian,'Single Vehicle',Clear,Dry,Daylight,'NO CONTROLS','None Detected','None Detected','Cross/Enter at Intersection',None,CURB,No,None,0.681867,0.930062,'Possible Injury'
ROCKVILLE,44620,19.417,Municipality,Pedestrian,'STRAIGHT MOVEMENT ANGLE',Clear,Dry,'Dark - Lighted','TRAFFIC SIGNAL','None Detected','None Detected','Cross/Enter at Intersection',None,'ON ROADWAY AT CROSSWALK',No,None,0.603232,0.893445,'Suspected Serious Injury'
MONTGOMERY,43707,16.85,'Maryland (State)',Pedestrian,'Single Vehicle',Clear,Dry,Daylight,'TRAFFIC SIGNAL','None Detected','None Detected','Cross/Enter at Intersection','FAILURE TO OBEY TRAFFIC SIGNS SIGNALS OR OFFICER','ON ROADWAY NOT AT CROSSWALK',Yes,None,0.50303,0.946717,'Suspected Minor Injury'
MONTGOMERY,42588,9.617,County,Pedestrian,'Single Vehicle',Clear,Dry,Daylight,'TRAFFIC SIGNAL','None Detected','None Detected','Cross/Enter Not at Intersection',None,'AT INTERSECTION BUT NO CROSSWALK',No,None,0.522527,0.910176,'Suspected Minor Injury'
GAITHERSBURG,43909,20,'Maryland (State)',Bicyclist,'STRAIGHT MOVEMENT ANGLE',Rain,Wet,'Dark - Lighted','TRAFFIC SIGNAL','None Detected','None Detected','Cross/Enter at Intersection',None,'AT AT INTERSECTION MARKED CROSSWALK',No,None,0.658372,0.856033,'Suspected Minor Injury'