'Agency Name','Days after Jan 1','Hours past Midnight','Route Type','Related Non-Motorist','Collision Type',Weather,'Surface Condition',Light,'Traffic Control','Driver Substance Abuse','Non-Motorist Substance Abuse','Pedestrian Movement','Pedestrian Actions','Pedestrian Location','At Fault','Safety Equipment','Lat- Normalized','Long- Normalized','Injury Severity'
MONTGOMERY,43133,9,County,Pedestrian,'Single Vehicle',Clear,Dry,Daylight,'NO CONTROLS','None Detected','None Detected','Cross/Enter at Intersection',None,'AT INTERSECTION BUT NO CROSSWALK',No,None,0.501763,0.953452,'Possible Injury'
MONTGOMERY,42721,13.7,'US (State)',Pedestrian,'Single Vehicle','WINTRY MIX',ICE,Daylight,'TRAFFIC SIGNAL','None Detected','None Detected','Cross/Enter at Intersection',None,'ON ROADWAY AT CROSSWALK',No,None,0.502754,0.948968,'Suspected Minor Injury'
MONTGOMERY,42295,18.667,'Maryland (State)',Bicyclist,'HEAD ON LEFT TURN',Clear,Dry,'Dark - Lighted','NO CONTROLS','None Detected','None Detected','Walking/Riding w/Traffic','IN ROADWAY IMPROPERLY','ON ROADWAY NOT AT CROSSWALK',Yes,Yes,0.609096,0.925941,'Suspected Minor Injury'
ROCKVILLE,42860,18.017,Municipality,Bicyclist,'Single Vehicle',Cloudy,Dry,Daylight,'NO CONTROLS','None Detected','None Detected','Cross/Enter Not at Intersection',Dart/Dash,'ON ROADWAY NOT AT CROSSWALK',Yes,None,0.626943,0.887529,'Suspected Minor Injury'
MONTGOMERY,42866,15.65,County,Pedestrian,'Single Vehicle',Rain,Wet,Daylight,'TRAFFIC SIGNAL','None Detected','None Detected','Cross/Enter at Intersection','FAILURE TO OBEY TRAFFIC SIGNS SIGNALS OR OFFICER','AT AT INTERSECTION MARKED CROSSWALK',Yes,None,0.571737,0.981304,'No Apparent Injury'
MONTGOMERY,44681,20.333,'Maryland (State)',Pedestrian,'Single Vehicle',Clear,Dry,'Dark - Lighted','NO CONTROLS','None Detected','ALCOHOL PRESENT','Cross/Enter Not at Intersection','IN ROADWAY IMPROPERLY','ON ROADWAY NOT AT CROSSWALK',Yes,None,0.521163,0.961393,'Possible Injury'
MONTGOMERY,45354,23.75,County,Pedestrian,'Single Vehicle',Cloudy,Dry,'Dark - Lighted','NO CONTROLS','None Detected','None Detected','Cross/Enter at Intersection',None,'ON ROADWAY AT CROSSWALK',No,None,0.616346,0.940619,'Possible Injury'
MONTGOMERY,44320,8.467,'US (State)',Bicyclist,'STRAIGHT MOVEMENT ANGLE',Clear,Dry,Daylight,'TRAFFIC SIGNAL','None Detected','None Detected','Cross/Enter at Intersection',None,'ON ROADWAY AT CROSSWALK',No,Yes,0.519962,0.95195,'Possible Injury'
MONTGOMERY,43114,12.25,County,Pedestrian,'Single Vehicle',Clear,Dry,Daylight,'NO CONTROLS','None Detected','None Detected','Cross/Enter at Intersection',None,'ON ROADWAY AT CROSSWALK',No,None,0.646951,0.938706,'Suspected Serious Injury'
GAITHERSBURG,43597,21.333,County,Pedestrian,'Single Vehicle',Rain,Wet,'Dark - Lighted','TRAFFIC SIGNAL','None Detected','None Detected','Cross/Enter at Intersection',None,'ON ROADWAY AT CROSSWALK',No,None,0.685613,0.874436,'Suspected Minor Injury'
MONTGOMERY,45315,19.083,County,Pedestrian,'Single Vehicle',Clear,Dry,'Dark - Lighted','NO CONTROLS','None Detected','None Detected','Cross/Enter at Intersection',None,'ON ROADWAY NOT AT CROSSWALK',No,None,0.628066,0.938364,'Suspected Minor Injury'
MONTGOMERY,43035,4.55,County,Pedestrian,'Single Vehicle',Clear,Dry,'Dark - Lighted','NO CONTROLS','None Detected','None Detected','Cross/Enter at Intersection',None,'ON ROADWAY AT CROSSWALK',No,None,0.844099,0.862521,'No Apparent Injury'
MONTGOMERY,43801,17.833,County,Pedestrian,'Single Vehicle',Rain,Wet,'Dark - Lighted','NO CONTROLS','None Detected','None Detected','Cross/Enter Not at Intersection',Dart/Dash,'ON ROADWAY NOT AT CROSSWALK',Yes,None,0.569647,0.914386,'Suspected Minor Injury'
MONTGOMERY,45532,15.367,County,Pedestrian,'Single Vehicle',Clear,Dry,Daylight,'NO CONTROLS','None Detected','None Detected','Cross/Enter Not at Intersection',None,'ON ROADWAY AT CROSSWALK',No,None,0.738419,0.849995,'Possible Injury'
MONTGOMERY,43877,9.35,County,Pedestrian,'Single Vehicle',Cloudy,Dry,Daylight,'NO CONTROLS','None Detected','None Detected','Cross/Enter at Intersection',Inattentive,'AT INTERSECTION BUT NO CROSSWALK',No,None,0.722573,0.846363,'No Apparent Injury'
MONTGOMERY,44821,14.8,County,Pedestrian,'Single Vehicle',Clear,Dry,Daylight,'NO CONTROLS','None Detected','None Detected','Cross/Enter at Intersection',None,'AT INTERSECTION BUT NO CROSSWALK',No,None,0.545619,0.914446,'Suspected Serious Injury'
MONTGOMERY,43796,17.883,'Maryland (State)',Pedestrian,'STRAIGHT MOVEMENT ANGLE',Clear,Dry,Dusk,'TRAFFIC SIGNAL','None Detected','None Detected','Cross/Enter Not at Intersection',Dart/Dash,MEDIAN,Yes,None,0.519141,0.969419,'Suspected Serious Injury'
MONTGOMERY,42882,16.75,County,Pedestrian,'Single Vehicle',Clear,Dry,Daylight,'STOP SIGN','None Detected','None Detected','Cross/Enter at Intersection',None,'AT INTERSECTION BUT NO CROSSWALK',No,None,0.720981,0.845064,'No Apparent Injury'
MONTGOMERY,45383,16.933,County,Pedestrian,'Single Vehicle',Clear,Dry,Daylight,'NO CONTROLS','None Detected','None Detected',Standing,'IN ROADWAY IMPROPERLY','ON ROADWAY AT CROSSWALK',No,None,0.55619,0.949104,'Possible Injury'
MONTGOMERY,45378,20.2,County,' PEDALCYCLIST','STRAIGHT MOVEMENT ANGLE',Clear,Dry,'Dark - Lighted','NO CONTROLS','None Detected','None Detected','Walking/Cycling on Sidewalk',None,SIDEWALK,No,None,0.577961,0.939497,'Suspected Minor Injury'
MONTGOMERY,43211,14.75,'Maryland (State)',Pedestrian,'Single Vehicle',Clear,Dry,Daylight,'TRAFFIC SIGNAL','None Detected','None Detected','Cross/Enter at Intersection',None,'AT AT INTERSECTION MARKED CROSSWALK',No,None,0.554817,0.938308,'Possible Injury'
MONTGOMERY,43682,13.133,County,Pedestrian,'Single Vehicle',Clear,Dry,Daylight,'NO CONTROLS','None Detected','None Detected','Cross/Enter at Intersection',None,'ON ROADWAY AT CROSSWALK',No,None,0.583358,0.909219,'Possible Injury'
MONTGOMERY,42108,6.667,'Maryland (State)',Pedestrian,'Single Vehicle',Rain,Wet,'Dark - Lighted','TRAFFIC SIGNAL','None Detected','None Detected','Cross/Enter at Intersection',Dart/Dash,'ON ROADWAY AT CROSSWALK',No,None,0.529013,0.942299,'Suspected Minor Injury'
MONTGOMERY,42415,5.633,'Maryland (State)',Pedestrian,'Single Vehicle',Snow,Snow,'Dark - Lighted','NO CONTROLS','None Detected','None Detected',Standing,None,SIDEWALK,No,None,0.576748,0.923336,'Suspected Minor Injury'
TAKOMA,43759,18.017,'Maryland (State)',Pedestrian,'Single Vehicle',Clear,Dry,Daylight,'NO CONTROLS','None Detected','None Detected','Cross/Enter Not at Intersection','IN ROADWAY IMPROPERLY','ON ROADWAY NOT AT CROSSWALK',Yes,None,0.482941,0.963685,'Suspected Minor Injury'
MONTGOMERY,43056,17.25,County,Bicyclist,'Single Vehicle',Clear,Dry,Dusk,'NO CONTROLS','None Detected','None Detected','Walking/Riding w/Traffic',None,'ON ROADWAY NOT AT CROSSWALK',No,Yes,0.508384,0.912408,'Suspected Serious Injury'
MONTGOMERY,42017,9.283,Municipality,Pedestrian,'Single Vehicle',Clear,Dry,Daylight,'NO CONTROLS','None Detected','None Detected','Walking/Riding w/Traffic',None,SHOULDER,No,Yes,0.61544,0.910114,'Suspected Minor Injury'
MONTGOMERY,45317,6.417,County,Pedestrian,'Single Vehicle',Clear,Wet,'Dark - Not Lighted','STOP SIGN','None Detected','None Detected','Cross/Enter at Intersection','NOT VISIBLE','ON ROADWAY AT CROSSWALK',No,None,0.71639,0.845467,'Possible Injury'
MONTGOMERY,43261,16,'Maryland (State)',Bicyclist,'Single Vehicle',Clear,Dry,Daylight,'NO CONTROLS','None Detected','None Detected','Cross/Enter at Intersection',Inattentive,'AT INTERSECTION BUT NO CROSSWALK',Yes,None,0.601948,0.928545,'Suspected Minor Injury'
ROCKVILLE,44861,17.25,Municipality,Bicyclist,'STRAIGHT MOVEMENT ANGLE',Clear,Dry,Daylight,'TRAFFIC SIGNAL','None Detected','None Detected','Cross/Enter at Intersection',Inattentive,'ON ROADWAY NOT AT CROSSWALK',Yes,None,0.640186,0.885265,'No Apparent Injury'
MONTGOMERY,44476,19.25,County,Pedestrian,'Single Vehicle',Clear,Dry,'Dark - Lighted','NO CONTROLS','None Detected','None Detected','Cross/Enter at Intersection','NOT VISIBLE','ON ROADWAY AT CROSSWALK',Yes,None,0.701274,0.86809,'Suspected Minor Injury'
MONTGOMERY,43699,21.583,'Maryland (State)',Pedestrian,'Single Vehicle',Clear,Dry,'Dark - Lighted','NO CONTROLS','None Detected','None Detected','Cross/Enter at Intersection',None,'ON ROADWAY AT CROSSWALK',No,None,0.509025,0.947218,'Possible Injury'
ROCKVILLE,42900,19.267,Municipality,Bicyclist,'Single Vehicle',Clear,Dry,Daylight,'STOP SIGN','None Detected','None Detected','Cross/Enter at Intersection',None,'ON ROADWAY AT CROSSWALK',No,Yes,0.589294,0.886862,'Suspected Minor Injury'
MONTGOMERY,42132,6.233,'Maryland (State)',Bicyclist,'Single Vehicle',Clear,Dry,Dawn,'NO CONTROLS','None Detected','None Detected','Cross/Enter at Intersection',None,SIDEWALK,No,None,0.663899,0.877136,'Possible Injury'
MONTGOMERY,44373,15.833,County,Pedestrian,'Single Vehicle',Cloudy,Dry,Daylight,'NO CONTROLS','None Detected','None Detected','Cross/Enter at Intersection',None,'ON ROADWAY AT CROSSWALK',No,None,0.554725,0.935971,'Suspected Minor Injury'
ROCKVILLE,42533,13,County,Bicyclist,'STRAIGHT MOVEMENT ANGLE',Clear,Dry,Daylight,'NO CONTROLS','None Detected','None Detected','Cross/Enter Not at Intersection','IN ROADWAY IMPROPERLY','ON ROADWAY NOT AT CROSSWALK',Yes,None,0.59573,0.911572,'No Apparent Injury'
MONTGOMERY,43873,19.083,'Maryland (State)',Pedestrian,'Single Vehicle',Rain,Wet,'Dark - Lighted','NO CONTROLS','None Detected','ALCOHOL CONTRIBUTED','Cross/Enter at Intersection','FAILURE TO YIELD RIGHT OF WAY','AT INTERSECTION BUT NO CROSSWALK',Yes,None,0.693564,0.87329,'Fatal Injury'
MONTGOMERY,45361,17.467,'Maryland (State)',Pedestrian,'Single Vehicle',Rain,Wet,'Dark - Lighted','TRAFFIC SIGNAL','None Detected','None Detected','Cross/Enter at Intersection',Inattentive,'ON ROADWAY AT CROSSWALK',Yes,None,0.501417,0.956237,'Possible Injury'
GAITHERSBURG,43423,13.75,'Maryland (State)',Bicyclist,'Single Vehicle',Clear,Dry,Daylight,'NO CONTROLS','None Detected','None Detected','Cross/Enter at Intersection','FAILURE TO YIELD RIGHT OF WAY','DRIVEWAY ACCESS MARKED CROSSWALK',Yes,None,0.675355,0.872329,'Possible Injury'
MONTGOMERY,42143,19.05,County,Pedestrian,'Single Vehicle',Clear,Dry,Daylight,'TRAFFIC SIGNAL','None Detected','ALCOHOL PRESENT','Cross/Enter Not at Intersection','IN ROADWAY IMPROPERLY','ON ROADWAY NOT AT CROSSWALK',No,None,0.645451,0.879727,'Suspected Minor Injury'
MONTGOMERY,42476,11.383,County,Bicyclist,'SAME DIR REND LEFT TURN',Clear,Dry,Daylight,'TRAFFIC SIGNAL','None Detected','None Detected','Walking/Riding w/Traffic','FAILURE TO YIELD RIGHT OF WAY','IN BIKEWAY',Yes,None,0.563816,0.946536,'No Apparent Injury'
MONTGOMERY,42958,11,'Maryland (State)',Bicyclist,'STRAIGHT MOVEMENT ANGLE',Clear,Dry,Daylight,'TRAFFIC SIGNAL','None Detected','None Detected','Cross/Enter at Intersection','IN ROADWAY IMPROPERLY','AT AT INTERSECTION MARKED CROSSWALK',Yes,None,0.591081,0.885828,'Suspected Minor Injury'
MONTGOMERY,42081,19.75,'Maryland (State)',Pedestrian,'Single Vehicle',Clear,Dry,'Dark - Lighted','NO CONTROLS','None Detected','None Detected','Cross/Enter Not at Intersection',None,'ON ROADWAY NOT AT CROSSWALK',No,None,0.774406,0.842687,'Fatal Injury'
GAITHERSBURG,44452,11.45,Municipality,Pedestrian,'SAME DIR REAR END',Clear,Dry,Daylight,'NO CONTROLS','None Detected','None Detected','Cross/Enter at Intersection',None,'ON ROADWAY AT CROSSWALK',No,None,0.648823,0.857387,'No Apparent Injury'
MONTGOMERY,45296,17.633,'Maryland (State)',Pedestrian,'Single Vehicle',Clear,Dry,'Dark - Lighted','NO CONTROLS','None Detected','None Detected','Walking/Cycling on Sidewalk',None,SIDEWALK,No,None,0.500859,0.917607,'Possible Injury'
MONTGOMERY,42564,13.417,County,Bicyclist,'Single Vehicle',Clear,Dry,Daylight,'NO CONTROLS','None Detected','None Detected','Cross/Enter at Intersection','WRONG WAY RIDING OR WALKING','IN BIKEWAY',Yes,None,0.646233,0.849558,'Possible Injury'
MONTGOMERY,43862,16.5,County,'MACHINE OPERATOR/RIDER','Single Vehicle',Clear,Dry,Daylight,'NO CONTROLS','None Detected','None Detected','Cross/Enter at Intersection',None,'ON ROADWAY AT CROSSWALK',No,None,0.686271,0.931205,'Possible Injury'
MONTGOMERY,42608,20.5,County,Pedestrian,'Single Vehicle',Clear,Dry,'Dark - Lighted','TRAFFIC SIGNAL','None Detected','None Detected','Cross/Enter at Intersection',None,'ON ROADWAY AT CROSSWALK',No,None,0.616195,0.929617,'No Apparent Injury'
MONTGOMERY,43662,13.933,'Maryland (State)',Pedestrian,'Single Vehicle',Cloudy,Dry,Daylight,'TRAFFIC SIGNAL','None Detected','None Detected','Cross/Enter at Intersection',None,'AT AT INTERSECTION MARKED CROSSWALK',No,None,0.571532,0.938122,'Possible Injury'
MONTGOMERY,43983,18.483,'Maryland (State)',Pedestrian,'STRAIGHT MOVEMENT ANGLE',Clear,Dry,Daylight,'TRAFFIC SIGNAL','None Detected','None Detected',' Working',None,'ON ROADWAY AT CROSSWALK',No,None,0.566272,0.908176,'Fatal Injury'
TAKOMA,44471,14.333,County,Pedestrian,'Single Vehicle',Clear,Dry,Daylight,'NO CONTROLS','None Detected','None Detected','Cross/Enter at Intersection','IN ROADWAY IMPROPERLY','ON ROADWAY AT CROSSWALK',No,None,0.499503,0.965419,'Possible Injury'
MONTGOMERY,44926,17.517,'Maryland (State)',Pedestrian,'Single Vehicle',Rain,Wet,'Dark - Lighted','TRAFFIC SIGNAL','None Detected','None Detected',Standing,None,'AT AT INTERSECTION MARKED CROSSWALK',No,None,0.556812,0.964855,'Possible Injury'
MONTGOMERY,45372,6.933,County,Pedestrian,'Single Vehicle',Clear,Dry,'Dark - Lighted','STOP SIGN','None Detected','None Detected','Cross/Enter at Intersection',None,'ON ROADWAY AT CROSSWALK',No,None,0.723075,0.875337,'Possible Injury'
MONTGOMERY,42766,15.117,County,Pedestrian,'Single Vehicle',Clear,Dry,Daylight,'NO CONTROLS','None Detected','None Detected','Cross/Enter at Intersection',None,'ON ROADWAY AT CROSSWALK',No,None,0.546729,0.889675,'Suspected Minor Injury'
MONTGOMERY,43825,19.217,County,Pedestrian,'Single Vehicle',Clear,Dry,'Dark - Lighted','TRAFFIC SIGNAL','None Detected','None Detected','Cross/Enter at Intersection',None,'ON ROADWAY AT CROSSWALK',No,None,0.505015,0.948717,'Possible Injury'
GAITHERSBURG,44169,21.283,Municipality,Pedestrian,'Single Vehicle',Rain,Wet,'Dark - Lighted','TRAFFIC SIGNAL','None Detected','None Detected','Cross/Enter at Intersection','IMPROPER PASSING','ON ROADWAY NOT AT CROSSWALK',Yes,None,0.675597,0.862097,'Suspected Serious Injury'
MONTGOMERY,42703,17.267,County,Pedestrian,'Single Vehicle',Rain,Wet,'Dark - Lighted','TRAFFIC SIGNAL','None Detected','None Detected','Cross/Enter at Intersection','FAILURE TO OBEY TRAFFIC SIGNS SIGNALS OR OFFICER','ON ROADWAY AT CROSSWALK',Yes,None,0.510199,0.949202,'Possible Injury'
MONTGOMERY,43239,17.333,'Maryland (State)',Pedestrian,'Single Vehicle',Rain,Wet,Daylight,'TRAFFIC SIGNAL','None Detected','None Detected','Cross/Enter at Intersection',None,'AT AT INTERSECTION MARKED CROSSWALK',No,None,0.528613,0.970399,'Possible Injury'
MONTGOMERY,42220,13,County,Bicyclist,'Single Vehicle',Clear,Dry,Daylight,'NO CONTROLS','None Detected','None Detected','Cross/Enter Not at Intersection',Dart/Dash,'ON ROADWAY NOT AT CROSSWALK',Yes,Yes,0.494461,0.81599,'Suspected Minor Injury'
MONTGOMERY,43578,16.75,County,Pedestrian,'STRAIGHT MOVEMENT ANGLE',Clear,Dry,Daylight,'NO CONTROLS','None Detected','None Detected','Walking/Riding against Traffic','FAILURE TO YIELD RIGHT OF WAY','ON ROADWAY AT CROSSWALK',Yes,None,0.500644,0.950349,'Possible Injury'
MONTGOMERY,43247,15.967,County,Bicyclist,'STRAIGHT MOVEMENT ANGLE',Clear,Dry,Daylight,'NO CONTROLS','None Detected','None Detected','Cross/Enter at Intersection',Inattentive,SIDEWALK,Yes,None,0.564493,0.91525,'Possible Injury'
MONTGOMERY,43379,11.917,County,Pedestrian,'STRAIGHT MOVEMENT ANGLE',Cloudy,Dry,Daylight,'STOP SIGN','None Detected','None Detected','Cross/Enter at Intersection',None,'AT INTERSECTION BUT NO CROSSWALK',No,None,0.593788,0.931546,'Possible Injury'
MONTGOMERY,43368,19.35,'Maryland (State)',Bicyclist,'HEAD ON LEFT TURN',Clear,Dry,'Dark - Lighted','TRAFFIC SIGNAL','None Detected','None Detected','Cross/Enter at Intersection','NOT VISIBLE','AT AT INTERSECTION MARKED CROSSWALK',Yes,None,0.594981,0.95953,'Possible Injury'
MONTGOMERY,42660,11.467,Government,Bicyclist,'STRAIGHT MOVEMENT ANGLE',Clear,Dry,Daylight,'NO CONTROLS','None Detected','None Detected','Cross/Enter at Intersection',None,'ON ROADWAY AT CROSSWALK',No,Yes,0.480598,0.916079,'Fatal Injury'
TAKOMA,43683,10.25,County,Pedestrian,'Single Vehicle',Clear,Dry,Daylight,'NO CONTROLS','None Detected','None Detected','Cross/Enter at Intersection',Inattentive,'ON ROADWAY AT CROSSWALK',Yes,None,0.502634,0.964193,'Possible Injury'
MONTGOMERY,42799,2.8,County,Pedestrian,'Single Vehicle',Clear,Dry,'Dark - Lighted','NO CONTROLS','None Detected','None Detected','Cross/Enter at Intersection',None,SHOULDER,No,None,0.616611,0.930366,'Suspected Minor Injury'
MONTGOMERY,44634,6.833,'Maryland (State)',Pedestrian,'Single Vehicle',Clear,Dry,Daylight,'TRAFFIC SIGNAL','None Detected','None Detected','Cross/Enter at Intersection',None,'ON ROADWAY AT CROSSWALK',No,None,0.555536,0.927402,'Possible Injury'
MONTGOMERY,43570,7.45,County,Pedestrian,'Single Vehicle',Rain,Wet,Dawn,'TRAFFIC SIGNAL','None Detected','None Detected','Cross/Enter at Intersection',None,'ON ROADWAY AT CROSSWALK',No,None,0.730693,0.840831,'Suspected Minor Injury'
MONTGOMERY,43628,7.233,County,Pedestrian,'Single Vehicle',Clear,Dry,Dawn,'STOP SIGN','None Detected','None Detected','Cross/Enter at Intersection',None,'ON ROADWAY AT CROSSWALK',No,None,0.537366,0.953247,'No Apparent Injury'
MONTGOMERY,44644,19.65,County,Pedestrian,'Single Vehicle',Rain,Wet,'Dark - Lighted','STOP SIGN','None Detected','None Detected','Cross/Enter at Intersection',None,'ON ROADWAY AT CROSSWALK',No,None,0.562415,0.939549,'Suspected Serious Injury'
MONTGOMERY,43224,19.417,County,Pedestrian,'Single Vehicle',Clear,Dry,Daylight,'TRAFFIC SIGNAL','None Detected','None Detected','Cross/Enter at Intersection',Inattentive,'ON ROADWAY AT CROSSWALK',Yes,None,0.514426,0.958278,'Possible Injury'
MONTGOMERY,42127,0,'Maryland (State)',Bicyclist,'STRAIGHT MOVEMENT ANGLE',Clear,Dry,'Dark - Lighted','NO CONTROLS','None Detected','None Detected','Walking/Riding against Traffic',None,SIDEWALK,No,None,0.55916,0.937912,'Possible Injury'
MONTGOMERY,42356,19.15,County,Pedestrian,'Single Vehicle',Clear,Dry,'Dark - Lighted','TRAFFIC SIGNAL','None Detected','None Detected','Cross/Enter at Intersection',None,'ON ROADWAY NOT AT CROSSWALK',No,None,0.584847,0.974303,'Suspected Serious Injury'
ROCKVILLE,44320,18.033,'Maryland (State)',Pedestrian,'Single Vehicle',Rain,Wet,Daylight,'TRAFFIC SIGNAL','None Detected','None Detected','Cross/Enter at Intersection',None,'ON ROADWAY AT CROSSWALK',No,None,0.645293,0.886359,'Suspected Minor Injury'
MONTGOMERY,42692,14.55,County,Pedestrian,'Single Vehicle',Clear,Dry,Daylight,'NO CONTROLS','None Detected','None Detected',Standing,None,'ON ROADWAY AT CROSSWALK',No,None,0.522894,0.942576,'Possible Injury'
MONTGOMERY,42910,6.767,'Maryland (State)',Bicyclist,'HEAD ON LEFT TURN',Clear,Wet,Daylight,'NO CONTROLS','None Detected','None Detected','Cross/Enter at Intersection',None,'SHARED USE PATH OR TRAILS',No,Yes,0.504661,0.906415,'Suspected Serious Injury'
MONTGOMERY,43722,19.433,'Maryland (State)','Bicyclist  Pedestrian','Single Vehicle',Clear,Dry,'Dark - Lighted','NO CONTROLS','None Detected','None Detected','Walking/Cycling on Sidewalk',None,SIDEWALK,No,None,0.603116,0.927907,'No Apparent Injury'
'Maryland-National Capital',42125,12.3,County,Bicyclist,'STRAIGHT MOVEMENT ANGLE',Clear,Dry,Daylight,'TRAFFIC SIGNAL','None Detected','None Detected','Cross/Enter at Intersection',None,'ON ROADWAY AT CROSSWALK',No,Yes,0.525274,0.920645,'No Apparent Injury'
MONTGOMERY,44798,16.083,'Maryland (State)',Bicyclist,'SAME DIRECTION RIGHT TURN',Clear,Dry,Daylight,'NO CONTROLS','None Detected','None Detected','Walking/Riding w/Traffic',None,'IN BIKEWAY',No,Yes,0.471617,0.91455,'Fatal Injury'
MONTGOMERY,44771,10.867,County,Pedestrian,'Single Vehicle',Cloudy,Dry,Daylight,'NO CONTROLS','None Detected','None Detected',Standing,None,'ON ROADWAY AT CROSSWALK',No,None,0.75963,0.836429,'Possible Injury'
MONTGOMERY,43498,20.217,'Maryland (State)',Bicyclist,'STRAIGHT MOVEMENT ANGLE',Clear,Dry,'Dark - Lighted','TRAFFIC SIGNAL','None Detected','None Detected','Cross/Enter at Intersection','IN ROADWAY IMPROPERLY','ON ROADWAY NOT AT CROSSWALK',Yes,Yes,0.528432,0.908367,'Suspected Minor Injury'
GAITHERSBURG,42539,10.5,County,Pedestrian,'Single Vehicle',Clear,Dry,Daylight,'TRAFFIC SIGNAL','None Detected','None Detected','Cross/Enter at Intersection','FAILURE TO OBEY TRAFFIC SIGNS SIGNALS OR OFFICER','ON ROADWAY AT CROSSWALK',Yes,None,0.646216,0.849464,'Suspected Serious Injury'
MONTGOMERY,44637,6.75,County,Pedestrian,'Single Vehicle',Rain,Wet,Dawn,'NO CONTROLS','None Detected','None Detected','Cross/Enter at Intersection',None,'ON ROADWAY AT CROSSWALK',No,None,0.696767,0.88794,'Suspected Minor Injury'
GAITHERSBURG,44643,8.983,County,Pedestrian,'Single Vehicle',Clear,Dry,Daylight,'TRAFFIC SIGNAL','None Detected','None Detected','Cross/Enter at Intersection','FAILURE TO OBEY TRAFFIC SIGNS SIGNALS OR OFFICER','ON ROADWAY AT CROSSWALK',Yes,None,0.659177,0.869072,'Suspected Minor Injury'
GAITHERSBURG,43325,14,County,Pedestrian,'Single Vehicle',Clear,Dry,Daylight,'NO CONTROLS','None Detected','None Detected',Standing,None,'ON ROADWAY AT CROSSWALK',Yes,None,0.648122,0.852487,'Possible Injury'
MONTGOMERY,45431,19.083,County,Bicyclist,'STRAIGHT MOVEMENT ANGLE',Clear,Dry,Daylight,'STOP SIGN','None Detected','None Detected','Cross/Enter at Intersection','FAILURE TO OBEY TRAFFIC SIGNS SIGNALS OR OFFICER','OUTSIDE RIGHT OF WAY',Yes,Yes,0.693612,0.78173,'Possible Injury'
MONTGOMERY,44536,6,'Maryland (State)',Pedestrian,'Single Vehicle',Clear,Dry,'Dark - Lighted','TRAFFIC SIGNAL','None Detected','None Detected','Cross/Enter at Intersection',Dart/Dash,'ON ROADWAY AT CROSSWALK',Yes,None,0.556705,0.964822,'Possible Injury'
ROCKVILLE,45397,0.083,Municipality,Pedestrian,'Single Vehicle',Clear,Dry,'Dark - Lighted','STOP SIGN','None Detected','None Detected','Cross/Enter at Intersection',None,'AT AT INTERSECTION MARKED CROSSWALK',No,None,0.581228,0.907446,'Possible Injury'
MONTGOMERY,44820,7.983,'Maryland (State)',Pedestrian,'Single Vehicle',Clear,Dry,Daylight,'NO CONTROLS','None Detected','None Detected','Cross/Enter Not at Intersection',None,'ON ROADWAY AT CROSSWALK',No,None,0.56806,0.929407,'Suspected Serious Injury'
MONTGOMERY,44113,21.733,County,Bicyclist,'Single Vehicle',Clear,Dry,'Dark - Not Lighted','NO CONTROLS','None Detected','ALCOHOL PRESENT','Cross/Enter Not at Intersection','FAILURE TO YIELD RIGHT OF WAY','ON ROADWAY NOT AT CROSSWALK',Yes,None,0.695503,0.888714,'Fatal Injury'
MONTGOMERY,44346,20,County,Pedestrian,'SAME DIRECTION SIDESWIPE',Clear,Dry,Daylight,'NO CONTROLS','None Detected','None Detected',Standing,None,'ON ROADWAY AT CROSSWALK',No,None,0.575506,0.935101,'Possible Injury'
MONTGOMERY,43370,3.583,County,Pedestrian,'OPPOSITE DIRECTION SIDESWIPE',Rain,Wet,'Dark - Lighted','NO CONTROLS','ALCOHOL PRESENT','None Detected',Standing,None,'ON ROADWAY NOT AT CROSSWALK',No,None,0.706959,0.868122,'Suspected Minor Injury'
MONTGOMERY,42321,14.833,County,Pedestrian,'Single Vehicle',Clear,Dry,Daylight,'NO CONTROLS','None Detected','None Detected','Cross/Enter at Intersection',Inattentive,'ON ROADWAY AT CROSSWALK',No,None,0.560174,0.937244,'Possible Injury'
MONTGOMERY,43172,14.383,County,Pedestrian,'Single Vehicle',Clear,Dry,Daylight,'NO CONTROLS','None Detected','None Detected','Cross/Enter at Intersection',None,'ON ROADWAY AT CROSSWALK',No,None,0.601233,0.815151,'No Apparent Injury'
MONTGOMERY,42815,14.9,'Maryland (State)',Pedestrian,'Single Vehicle',Cloudy,Dry,Daylight,'TRAFFIC SIGNAL','None Detected','None Detected','Cross/Enter at Intersection',None,'ON ROADWAY AT CROSSWALK',No,None,0.738543,0.852953,'No Apparent Injury'
MONTGOMERY,42952,16.567,County,Pedestrian,'Single Vehicle',Clear,Dry,Daylight,'NO CONTROLS','None Detected','None Detected','Cross/Enter at Intersection',None,'ON ROADWAY AT CROSSWALK',No,None,0.48361,0.905205,'No Apparent Injury'
MONTGOMERY,44008,9.5,County,Pedestrian,'Single Vehicle',Clear,Dry,Daylight,'NO CONTROLS','None Detected','None Detected','Cross/Enter at Intersection','IN ROADWAY IMPROPERLY','ON ROADWAY NOT AT CROSSWALK',Yes,None,0.674065,0.965042,'Possible Injury'
MONTGOMERY,43667,9.233,'Maryland (State)',Bicyclist,'Single Vehicle',Rain,Wet,'Dark - Lighted','NO CONTROLS','None Detected','None Detected','Walking/Cycling on Sidewalk',None,SIDEWALK,No,None,0.574981,0.924673,'Suspected Minor Injury'