'Agency Name','Days after Jan 1','Hours past Midnight','Route Type','Related Non-Motorist','Collision Type',Weather,'Surface Condition',Light,'Traffic Control','Driver Substance Abuse','Non-Motorist Substance Abuse','Pedestrian Movement','Pedestrian Actions','Pedestrian Location','At Fault','Safety Equipment','Lat- Normalized','Long- Normalized','Injury Severity'
MONTGOMERY,42230,18.05,County,Pedestrian,'STRAIGHT MOVEMENT ANGLE',Clear,Dry,Daylight,'NO CONTROLS','None Detected','None Detected','Cross/Enter at Intersection',Inattentive,'AT INTERSECTION BUT NO CROSSWALK',Yes,None,0.540356,0.895429,'Possible Injury'
MONTGOMERY,45517,12.117,County,Bicyclist,'STRAIGHT MOVEMENT ANGLE',Clear,Dry,Daylight,'NO CONTROLS','None Detected','None Detected','Cross/Enter at Intersection',None,'ON ROADWAY AT CROSSWALK',No,Yes,0.564703,0.91672,'Suspected Minor Injury'
MONTGOMERY,45470,16,'Maryland (State)',Pedestrian,'HEAD ON LEFT TURN',Rain,Wet,Daylight,'TRAFFIC SIGNAL','None Detected','None Detected','Cross/Enter at Intersection',None,'ON ROADWAY AT CROSSWALK',No,None,0.492758,0.919275,'Suspected Minor Injury'
MONTGOMERY,43666,7.817,County,Bicyclist,'STRAIGHT MOVEMENT ANGLE',Clear,Dry,Daylight,'STOP SIGN','None Detected','None Detected','Cross/Enter at Intersection',None,'ON ROADWAY AT CROSSWALK',No,None,0.707097,0.835579,'Suspected Minor Injury'
MONTGOMERY,44894,20.417,County,Pedestrian,'Single Vehicle',Clear,Dry,'Dark - Lighted','NO CONTROLS','None Detected','None Detected','Cross/Enter at Intersection',None,'ON ROADWAY AT CROSSWALK',No,None,0.507119,0.950158,'Suspected Minor Injury'
MONTGOMERY,42452,7.867,County,Pedestrian,'STRAIGHT MOVEMENT ANGLE',Clear,Dry,Dawn,'STOP SIGN','None Detected','None Detected','Cross/Enter at Intersection',None,'ON ROADWAY AT CROSSWALK',No,None,0.56943,0.882616,'Suspected Serious Injury'
MONTGOMERY,43594,9.5,'US (State)',Pedestrian,'Single Vehicle',Cloudy,Dry,Daylight,'TRAFFIC SIGNAL','None Detected','None Detected','Cross/Enter at Intersection',None,'ON ROADWAY AT CROSSWALK',No,None,0.508268,0.948841,'Suspected Minor Injury'
MONTGOMERY,43844,14.75,County,Pedestrian,'Single Vehicle',Rain,Dry,Daylight,'NO CONTROLS','None Detected','None Detected','Cross/Enter Not at Intersection',None,'ON ROADWAY NOT AT CROSSWALK',No,None,0.539704,0.905715,'Possible Injury'
MONTGOMERY,44666,12.167,County,' PEDALCYCLIST','Single Vehicle',Clear,Dry,Daylight,'TRAFFIC SIGNAL','None Detected','None Detected','Walking/Riding w/Traffic',None,SHOULDER,No,None,0.614989,0.872752,'Suspected Minor Injury'
MONTGOMERY,42265,7.867,County,Bicyclist,'STRAIGHT MOVEMENT ANGLE',Clear,Dry,Daylight,'NO CONTROLS','None Detected','None Detected','Walking/Riding w/Traffic',None,'ON ROADWAY AT CROSSWALK',No,Yes,0.774655,0.849443,'Suspected Minor Injury'
MONTGOMERY,42060,11.583,County,Pedestrian,'Single Vehicle',Clear,Dry,Daylight,'TRAFFIC SIGNAL','None Detected','None Detected','Walking/Riding against Traffic',Dart/Dash,'ON ROADWAY NOT AT CROSSWALK',No,None,0.508726,0.958954,'No Apparent Injury'
MONTGOMERY,43073,15.833,'Maryland (State)',Pedestrian,'Single Vehicle',Clear,Dry,Daylight,'NO CONTROLS','None Detected','None Detected','Cross/Enter Not at Intersection',None,'ON ROADWAY NOT AT CROSSWALK',No,None,0.62988,0.926857,'Suspected Serious Injury'
MONTGOMERY,42200,13.233,County,Pedestrian,'Single Vehicle',Clear,Dry,Daylight,'NO CONTROLS','None Detected','None Detected','Cross/Enter Not at Intersection',None,'ON ROADWAY AT CROSSWALK',No,None,0.506668,0.949789,'Suspected Serious Injury'
TAKOMA,44789,13.983,'Maryland (State)',Pedestrian,'Single Vehicle',Clear,Dry,Daylight,'NO CONTROLS','None Detected','None Detected','Cross/Enter at Intersection',None,'ON ROADWAY AT CROSSWALK',No,None,0.488943,0.961561,'No Apparent Injury'
MONTGOMERY,42615,20.2,County,Bicyclist,'HEAD ON',Clear,Dry,'Dark - Lighted','NO CONTROLS','None Detected','None Detected',Standing,None,'IN BIKEWAY',No,Yes,0.49629,0.960805,'Suspected Minor Injury'
GAITHERSBURG,43211,9.633,County,Pedestrian,'SAME DIR REAR END',Clear,Dry,Daylight,'NO CONTROLS','None Detected','None Detected',' Working',None,'ON ROADWAY NOT AT CROSSWALK',No,Yes,0.636766,0.867451,'Possible Injury'
MONTGOMERY,42361,17.417,County,Bicyclist,'HEAD ON LEFT TURN',Rain,Wet,'Dark - Lighted','TRAFFIC SIGNAL','None Detected','None Detected','Cross/Enter at Intersection',None,'ON ROADWAY AT CROSSWALK',No,Yes,0.514704,0.943056,'Suspected Minor Injury'
MONTGOMERY,44413,16.1,County,Bicyclist,'STRAIGHT MOVEMENT ANGLE',Clear,Dry,Daylight,'TRAFFIC SIGNAL','None Detected','None Detected','Cross/Enter at Intersection','FAILURE TO YIELD RIGHT OF WAY','AT AT INTERSECTION MARKED CROSSWALK',Yes,Yes,0.632885,0.893567,'Possible Injury'
MONTGOMERY,43536,12.583,County,Pedestrian,'Single Vehicle',Clear,Dry,Daylight,'NO CONTROLS','None Detected','None Detected','Cross/Enter at Intersection',None,'ON ROADWAY AT CROSSWALK',No,None,0.648485,0.880563,'Possible Injury'
MONTGOMERY,43938,15.85,'Maryland (State)',Bicyclist,'STRAIGHT MOVEMENT ANGLE',Clear,Dry,Daylight,'NO CONTROLS','None Detected','None Detected','Walking/Cycling on Sidewalk',None,SIDEWALK,No,None,0.677247,0.871366,'Possible Injury'
MONTGOMERY,43346,17.283,County,Pedestrian,'Single Vehicle',Clear,Dry,Daylight,'NO CONTROLS','None Detected','None Detected','Cross/Enter at Intersection',None,'ON ROADWAY AT CROSSWALK',No,None,0.571475,0.938601,'Suspected Minor Injury'
GAITHERSBURG,42881,19.983,Municipality,Pedestrian,'Single Vehicle',Clear,Dry,Daylight,'NO CONTROLS','None Detected','None Detected',Playing,Dart/Dash,SHOULDER,Yes,None,0.663921,0.870633,'Possible Injury'
MONTGOMERY,43427,18,'Maryland (State)',Pedestrian,'Single Vehicle',Clear,Dry,'Dark - Lighted','TRAFFIC SIGNAL','None Detected','None Detected','Cross/Enter at Intersection',Dart/Dash,'ON ROADWAY AT CROSSWALK',No,None,0.60303,0.92515,'Suspected Minor Injury'
MONTGOMERY,42226,13.133,'Maryland (State)',Pedestrian,'Single Vehicle',Cloudy,Dry,Daylight,'TRAFFIC SIGNAL','None Detected','None Detected','Cross/Enter at Intersection',None,'ON ROADWAY AT CROSSWALK',No,None,0.69351,0.932227,'Suspected Minor Injury'
MONTGOMERY,43432,17.267,County,Pedestrian,'Single Vehicle',Clear,Dry,'Dark - Lighted','TRAFFIC SIGNAL','None Detected','None Detected','Cross/Enter Not at Intersection','NOT VISIBLE','ON ROADWAY NOT AT CROSSWALK',Yes,None,0.502786,0.917953,'Possible Injury'
MONTGOMERY,45461,18.833,'Maryland (State)',' CONVEYANCE  Pedestrian','Single Vehicle',Clear,Dry,Daylight,'STOP SIGN','None Detected','None Detected','Cross/Enter at Intersection',None,'ON ROADWAY AT CROSSWALK',No,None,0.567865,0.937777,'No Apparent Injury'
MONTGOMERY,45302,13.95,County,Pedestrian,'Single Vehicle',Cloudy,Dry,Daylight,'NO CONTROLS','None Detected','None Detected',Standing,None,'ON ROADWAY AT CROSSWALK',No,None,0.627739,0.898148,'Suspected Minor Injury'
MONTGOMERY,43713,16.067,County,Pedestrian,'Single Vehicle',Clear,Dry,Daylight,'NO CONTROLS','None Detected','None Detected','Cross/Enter Not at Intersection',Dart/Dash,'ON ROADWAY NOT AT CROSSWALK',Yes,None,0.696556,0.844347,'Suspected Minor Injury'
MONTGOMERY,45589,20.45,'Maryland (State)',Pedestrian,'Single Vehicle',Clear,Dry,'Dark - Lighted','NO CONTROLS','None Detected','ALCOHOL PRESENT','Cross/Enter Not at Intersection',Dart/Dash,'ON ROADWAY NOT AT CROSSWALK',Yes,None,0.512854,0.962651,'Suspected Minor Injury'
MONTGOMERY,42879,14.333,'Maryland (State)',Pedestrian,'Single Vehicle',Cloudy,Dry,Daylight,'NO CONTROLS','None Detected','None Detected','Cross/Enter Not at Intersection',Dart/Dash,'ON ROADWAY NOT AT CROSSWALK',Yes,None,0.501742,0.956323,'Possible Injury'
MONTGOMERY,42776,15.333,County,Pedestrian,'Single Vehicle',Clear,Dry,Daylight,'NO CONTROLS','None Detected','None Detected','Approach/Leaving Schoolbus',None,'ON ROADWAY AT CROSSWALK',No,None,0.558596,0.891849,'Suspected Minor Injury'
MONTGOMERY,43944,15.383,'Maryland (State)',Pedestrian,'Single Vehicle',Rain,Wet,Daylight,'TRAFFIC SIGNAL','None Detected','None Detected','Cross/Enter at Intersection',None,'ON ROADWAY AT CROSSWALK',No,None,0.492589,0.920003,'Suspected Minor Injury'
TAKOMA,44673,1.717,'Maryland (State)',Pedestrian,'Single Vehicle',Clear,Dry,'Dark - Lighted','NO CONTROLS','None Detected','None Detected','Cross/Enter at Intersection',None,'ON ROADWAY AT CROSSWALK',No,None,0.492519,0.966803,'Possible Injury'
MONTGOMERY,44165,17.5,'Maryland (State)',Pedestrian,'Single Vehicle',Clear,Wet,'Dark - Not Lighted','NO CONTROLS','None Detected','None Detected','Cross/Enter at Intersection',None,'ON ROADWAY AT CROSSWALK',No,None,0.555741,0.934256,'Suspected Minor Injury'
ROCKVILLE,42760,7.7,Municipality,Pedestrian,'Single Vehicle',Clear,Dry,'Dark - Lighted','NO CONTROLS','None Detected','None Detected','Cross/Enter at Intersection',None,'AT INTERSECTION BUT NO CROSSWALK',No,None,0.58663,0.908535,'Suspected Minor Injury'
'Maryland-National Capital',43660,14.583,Government,Bicyclist,'Single Vehicle',Clear,Dry,Daylight,'STOP SIGN','None Detected','None Detected','Cross/Enter at Intersection',None,'ON ROADWAY AT CROSSWALK',No,Yes,0.480642,0.916085,'Suspected Serious Injury'
MONTGOMERY,43828,19.1,County,Pedestrian,'Single Vehicle',Rain,Wet,'Dark - Not Lighted','TRAFFIC SIGNAL','None Detected','None Detected','Cross/Enter at Intersection',None,'ON ROADWAY AT CROSSWALK',No,None,0.574712,0.923865,'Possible Injury'
MONTGOMERY,42951,14.517,'US (State)',Pedestrian,'Single Vehicle',Clear,Dry,Daylight,'TRAFFIC SIGNAL','None Detected','None Detected','Cross/Enter at Intersection',Inattentive,'AT AT INTERSECTION MARKED CROSSWALK',Yes,None,0.575539,0.973248,'Possible Injury'
MONTGOMERY,43904,23.583,County,Pedestrian,'Single Vehicle',Rain,Wet,'Dark - Lighted','NO CONTROLS','None Detected','None Detected','Cross/Enter at Intersection',None,'AT AT INTERSECTION MARKED CROSSWALK',No,None,0.562711,0.917717,'No Apparent Injury'
MONTGOMERY,44699,14.5,County,Bicyclist,'STRAIGHT MOVEMENT ANGLE',Clear,Dry,Daylight,'NO CONTROLS','None Detected','None Detected','Walking/Cycling on Sidewalk',None,SIDEWALK,No,Yes,0.623823,0.89985,'Suspected Minor Injury'
MONTGOMERY,44354,5.15,'Maryland (State)',Pedestrian,'Single Vehicle',Clear,Dry,'Dark - Not Lighted','NO CONTROLS','None Detected','None Detected','Walking/Riding w/Traffic','IN ROADWAY IMPROPERLY',SHOULDER,Yes,None,0.691457,0.877947,'Suspected Minor Injury'
MONTGOMERY,45370,17.117,County,Pedestrian,'STRAIGHT MOVEMENT ANGLE',Clear,Dry,Daylight,'NO CONTROLS','None Detected','None Detected','Walking/Cycling on Sidewalk',None,SIDEWALK,No,None,0.659932,0.878615,'Suspected Minor Injury'
MONTGOMERY,43559,17.467,County,Pedestrian,'Single Vehicle',Clear,Dry,Daylight,'NO CONTROLS','None Detected','None Detected','Cross/Enter at Intersection',None,'ON ROADWAY AT CROSSWALK',No,None,0.541089,0.925246,'Possible Injury'
TAKOMA,42613,13.917,'Maryland (State)',Pedestrian,'Single Vehicle',Clear,Dry,Daylight,'TRAFFIC SIGNAL','None Detected','None Detected','Cross/Enter Not at Intersection','IN ROADWAY IMPROPERLY','ON ROADWAY NOT AT CROSSWALK',No,None,0.500334,0.965279,'Suspected Minor Injury'
MONTGOMERY,43643,8,'Maryland (State)',Bicyclist,'SAME DIR REAR END',Clear,Dry,Daylight,'TRAFFIC SIGNAL','None Detected','None Detected','Walking/Riding w/Traffic',Inattentive,'ON ROADWAY NOT AT CROSSWALK',Yes,Yes,0.497496,0.925791,'Possible Injury'
ROCKVILLE,42899,12.4,Municipality,Pedestrian,'Single Vehicle',Clear,Dry,Daylight,'STOP SIGN','None Detected','None Detected','Cross/Enter at Intersection',None,'ON ROADWAY AT CROSSWALK',No,None,0.609699,0.893361,'Suspected Minor Injury'
MONTGOMERY,43734,3.017,'Maryland (State)',Pedestrian,'Single Vehicle',Clear,Dry,'Dark - Lighted','NO CONTROLS','None Detected','ALCOHOL PRESENT','Cross/Enter Not at Intersection','IN ROADWAY IMPROPERLY','ON ROADWAY NOT AT CROSSWALK',Yes,None,0.596933,0.930993,'Suspected Serious Injury'
MONTGOMERY,42270,14.583,County,Pedestrian,'Single Vehicle',Clear,Dry,Daylight,'TRAFFIC SIGNAL','None Detected','None Detected','Cross/Enter at Intersection',None,'ON ROADWAY AT CROSSWALK',No,None,0.507776,0.951022,'Possible Injury'
MONTGOMERY,43341,15.333,'Maryland (State)',Bicyclist,'STRAIGHT MOVEMENT ANGLE',Clear,Dry,Daylight,'TRAFFIC SIGNAL','None Detected','None Detected','Cross/Enter at Intersection','FAILURE TO YIELD RIGHT OF WAY','AT AT INTERSECTION MARKED CROSSWALK',Yes,None,0.511232,0.912529,'Suspected Minor Injury'
MONTGOMERY,44833,19.617,'Maryland (State)',Pedestrian,'STRAIGHT MOVEMENT ANGLE',Clear,Dry,Dusk,'NO CONTROLS','None Detected','None Detected','Walking/Cycling on Sidewalk',None,SIDEWALK,No,None,0.60157,0.928762,'Possible Injury'
MONTGOMERY,44689,12.667,'Maryland (State)',Bicyclist,'STRAIGHT MOVEMENT ANGLE',Clear,Dry,Daylight,'TRAFFIC SIGNAL','None Detected','None Detected','Cross/Enter at Intersection',None,'AT AT INTERSECTION MARKED CROSSWALK',No,Yes,0.502551,0.944751,'No Apparent Injury'
MONTGOMERY,42522,16,Municipality,Bicyclist,'SAME DIRECTION SIDESWIPE',Clear,Dry,Daylight,'NO CONTROLS','None Detected','None Detected','Cross/Enter at Intersection',None,'AT INTERSECTION BUT NO CROSSWALK',No,Yes,0.556104,0.918647,'Suspected Minor Injury'
MONTGOMERY,43007,18.567,County,Pedestrian,'Single Vehicle',Clear,Dry,Daylight,'STOP SIGN','ALCOHOL PRESENT','None Detected','Cross/Enter at Intersection',None,'AT AT INTERSECTION MARKED CROSSWALK',No,None,0.528763,0.970855,'Possible Injury'
MONTGOMERY,44142,15,County,Bicyclist,'Single Vehicle',Clear,Dry,Daylight,'NO CONTROLS','None Detected','None Detected','Walking/Riding w/Traffic',None,'ON ROADWAY AT CROSSWALK',No,Yes,0.610564,0.768735,'No Apparent Injury'
MONTGOMERY,43060,16.433,'Maryland (State)',Bicyclist,'SAME DIR REAR END',Clear,Dry,Dusk,'NO CONTROLS','None Detected','None Detected','Cross/Enter at Intersection',Inattentive,'IN BIKEWAY',Yes,Yes,0.62948,0.860985,'Suspected Minor Injury'
MONTGOMERY,42779,21.817,County,Pedestrian,'Single Vehicle',Clear,Dry,'Dark - Lighted','TRAFFIC SIGNAL','None Detected','None Detected','Cross/Enter at Intersection',None,'AT AT INTERSECTION MARKED CROSSWALK',No,None,0.55537,0.938229,'Suspected Minor Injury'
MONTGOMERY,43304,15.533,County,Pedestrian,'Single Vehicle',Clear,Dry,Daylight,'NO CONTROLS','None Detected','None Detected','Cross/Enter at Intersection',None,'ON ROADWAY AT CROSSWALK',No,None,0.713239,0.854719,'No Apparent Injury'
ROCKVILLE,43953,17.917,Municipality,Bicyclist,'Single Vehicle',Clear,Dry,Daylight,'NO CONTROLS','None Detected','None Detected','Walking/Riding w/Traffic',None,'ON ROADWAY AT CROSSWALK',No,Yes,0.609704,0.889335,'Possible Injury'
ROCKVILLE,42299,10.383,'Maryland (State)',Bicyclist,'Single Vehicle',Clear,Dry,Daylight,'STOP SIGN','None Detected','None Detected','Cross/Enter at Intersection',None,'AT INTERSECTION BUT NO CROSSWALK',No,None,0.598862,0.908921,'Suspected Minor Injury'
ROCKVILLE,43048,11.583,Municipality,Pedestrian,'Single Vehicle',Rain,Wet,Daylight,'NO CONTROLS','None Detected','None Detected',Standing,None,SIDEWALK,No,None,0.50826,0.912387,'Suspected Minor Injury'
MONTGOMERY,45541,8.567,County,Bicyclist,'STRAIGHT MOVEMENT ANGLE',Clear,Dry,Daylight,'STOP SIGN','None Detected','None Detected','Cross/Enter at Intersection',None,SHOULDER,No,Yes,0.664833,0.783419,'Possible Injury'
MONTGOMERY,43858,19.983,'Maryland (State)',Pedestrian,'Single Vehicle',Clear,Dry,'Dark - Lighted','NO CONTROLS','None Detected','None Detected','Cross/Enter Not at Intersection',Dart/Dash,'OUTSIDE RIGHT OF WAY',Yes,None,0.535665,0.95432,'Suspected Serious Injury'
MONTGOMERY,44702,17.733,County,Pedestrian,'SAME DIR REAR END',Clear,Dry,Daylight,'NO CONTROLS','None Detected','None Detected','Cross/Enter at Intersection',None,'ON ROADWAY AT CROSSWALK',No,None,0.748864,0.857351,'Suspected Serious Injury'
MONTGOMERY,42058,16.717,County,Pedestrian,'Single Vehicle',Cloudy,Dry,Daylight,'NO CONTROLS','None Detected','None Detected','Getting off/on Vehicle',None,'ON ROADWAY AT CROSSWALK',No,None,0.520787,0.941097,'Possible Injury'
MONTGOMERY,43011,7.033,'Maryland (State)',Pedestrian,'STRAIGHT MOVEMENT ANGLE',Clear,Dry,'Dark - Lighted','STOP SIGN','None Detected','None Detected','Cross/Enter at Intersection',None,'ON ROADWAY AT CROSSWALK',No,None,0.689293,0.929578,'Suspected Minor Injury'
MONTGOMERY,43526,14.167,County,Pedestrian,'Single Vehicle',Clear,Dry,Daylight,'NO CONTROLS','ALCOHOL PRESENT','None Detected','Cross/Enter at Intersection',None,'INSIDE BUILDING',No,None,0.50454,0.956051,'No Apparent Injury'
MONTGOMERY,44082,19.167,County,Bicyclist,'Single Vehicle',Clear,Dry,'Dark - Lighted','NO CONTROLS','None Detected','None Detected','Cross/Enter at Intersection',None,'ON ROADWAY AT CROSSWALK',No,Yes,0.453226,0.908804,'Suspected Minor Injury'
MONTGOMERY,42035,19.183,County,Pedestrian,'Single Vehicle',Clear,Dry,'Dark - Lighted','NO CONTROLS','ALCOHOL PRESENT','None Detected','Cross/Enter at Intersection',None,SIDEWALK,No,None,0.499587,0.950054,'No Apparent Injury'
MONTGOMERY,43129,18,County,Bicyclist,'HEAD ON LEFT TURN',Clear,Dry,Dusk,'TRAFFIC SIGNAL','None Detected','None Detected','Cross/Enter at Intersection',None,'IN BIKEWAY',No,Yes,0.497339,0.950293,'No Apparent Injury'
TAKOMA,43511,12.683,County,Pedestrian,'Single Vehicle',Clear,Dry,Daylight,'NO CONTROLS','None Detected','None Detected','Cross/Enter at Intersection',None,'ON ROADWAY AT CROSSWALK',No,None,0.498858,0.965658,'Possible Injury'
MONTGOMERY,43794,13.967,County,Pedestrian,'Single Vehicle',Clear,Dry,Daylight,'NO CONTROLS','None Detected','None Detected','Cross/Enter at Intersection',None,'ON ROADWAY AT CROSSWALK',No,None,0.622144,0.875652,'Suspected Minor Injury'
ROCKVILLE,44388,12.25,County,Bicyclist,'Single Vehicle',Clear,Dry,Daylight,'NO CONTROLS','None Detected','None Detected','Cross/Enter at Intersection',None,'AT AT INTERSECTION MARKED CROSSWALK',No,None,0.601388,0.898896,'Suspected Minor Injury'
MONTGOMERY,43990,15.967,County,Bicyclist,'STRAIGHT MOVEMENT ANGLE',Clear,Dry,Daylight,'STOP SIGN','None Detected','None Detected','Walking/Cycling on Sidewalk',Dart/Dash,SIDEWALK,Yes,None,0.72982,0.841414,'Suspected Minor Injury'
MONTGOMERY,42870,16.867,County,Pedestrian,'Single Vehicle',Clear,Dry,Daylight,'TRAFFIC SIGNAL','None Detected','None Detected','Cross/Enter at Intersection',None,'AT AT INTERSECTION MARKED CROSSWALK',No,None,0.530961,0.868135,'Suspected Minor Injury'
MONTGOMERY,43518,20.133,County,Pedestrian,'Single Vehicle',Clear,Dry,'Dark - Lighted','TRAFFIC SIGNAL','None Detected','None Detected','Cross/Enter at Intersection',None,'ON ROADWAY AT CROSSWALK',No,None,0.567033,0.915838,'Possible Injury'
MONTGOMERY,43202,18.267,County,Bicyclist,'Single Vehicle',Clear,Dry,Daylight,'NO CONTROLS','None Detected','None Detected',Playing,None,'ON ROADWAY NOT AT CROSSWALK',No,None,0.572485,0.927098,'Possible Injury'
MONTGOMERY,42797,5.583,County,Pedestrian,'Single Vehicle',Clear,Wet,'Dark - Lighted','NO CONTROLS','None Detected','None Detected','Cross/Enter Not at Intersection','FAILURE TO YIELD RIGHT OF WAY','ON ROADWAY NOT AT CROSSWALK',Yes,None,0.614788,0.939609,'Suspected Minor Injury'
MONTGOMERY,43143,12.25,County,Pedestrian,'Single Vehicle',Clear,Dry,Daylight,'TRAFFIC SIGNAL','None Detected','None Detected','Cross/Enter at Intersection',None,'AT AT INTERSECTION MARKED CROSSWALK',No,None,0.50445,0.947848,'Suspected Minor Injury'
MONTGOMERY,45524,13.567,County,Pedestrian,'Single Vehicle',Clear,Dry,Daylight,'NO CONTROLS','None Detected','None Detected','Cross/Enter at Intersection',None,'ON ROADWAY AT CROSSWALK',No,None,0.714949,0.840599,'No Apparent Injury'
MONTGOMERY,43027,20.75,County,Bicyclist,'HEAD ON LEFT TURN',Clear,Dry,'Dark - Lighted','NO CONTROLS','None Detected','None Detected','Walking/Riding against Traffic',None,CURB,No,None,0.580627,0.962278,'Possible Injury'
MONTGOMERY,45376,1.783,'US (State)',Pedestrian,'Single Vehicle',Rain,Wet,'Dark - Lighted','NO CONTROLS','None Detected','ALCOHOL PRESENT','Walking/Riding w/Traffic','IN ROADWAY IMPROPERLY','ON ROADWAY NOT AT CROSSWALK',Yes,None,0.548215,0.959136,'Fatal Injury'
MONTGOMERY,44743,6.917,County,Bicyclist,'Single Vehicle',Clear,Dry,Daylight,'TRAFFIC SIGNAL','None Detected','None Detected','Cross/Enter Not at Intersection',None,'ON ROADWAY NOT AT CROSSWALK',Yes,None,0.577501,0.93936,'Suspected Serious Injury'
MONTGOMERY,44901,7.7,County,Pedestrian,'Single Vehicle',Foggy,Dry,Daylight,'NO CONTROLS','None Detected','None Detected','Walking to/from school',None,'ON ROADWAY AT CROSSWALK',No,None,0.551832,0.949891,'Suspected Minor Injury'
MONTGOMERY,44671,11.367,Municipality,Pedestrian,'Single Vehicle',Clear,Dry,Daylight,'NO CONTROLS','None Detected','None Detected','Cross/Enter at Intersection',None,SIDEWALK,No,None,0.484366,0.928671,'No Apparent Injury'
ROCKVILLE,42093,17.15,County,CONVEYANCE,'Single Vehicle','SEVERE WINDS',Dry,Daylight,'NO CONTROLS','None Detected','None Detected','Cross/Enter at Intersection',None,SIDEWALK,No,None,0.587416,0.90445,'No Apparent Injury'
MONTGOMERY,42264,8.25,County,Pedestrian,'Single Vehicle',Clear,Dry,Daylight,'NO CONTROLS','None Detected','None Detected','Cross/Enter at Intersection',None,'AT INTERSECTION BUT NO CROSSWALK',No,None,0.584323,0.93909,'Suspected Serious Injury'
MONTGOMERY,45371,16.933,County,Pedestrian,'STRAIGHT MOVEMENT ANGLE',Clear,Dry,Daylight,'TRAFFIC SIGNAL','None Detected','None Detected','Cross/Enter at Intersection',None,'ON ROADWAY AT CROSSWALK',No,None,0.56222,0.91087,'Possible Injury'
MONTGOMERY,42489,12.5,County,Pedestrian,'Single Vehicle',Clear,Dry,Daylight,'NO CONTROLS','None Detected','None Detected','Cross/Enter at Intersection',None,'ON ROADWAY AT CROSSWALK',No,None,0.616648,0.869613,'No Apparent Injury'
TAKOMA,43342,19.25,Municipality,Bicyclist,'SAME DIRECTION LEFT TURN',Clear,Dry,Dawn,'NO CONTROLS','None Detected','None Detected','Cross/Enter Not at Intersection','NOT VISIBLE',SIDEWALK,No,None,0.493031,0.958645,'Suspected Serious Injury'
MONTGOMERY,43496,15.917,County,Pedestrian,'Single Vehicle',Clear,Dry,Daylight,'SCHOOL ZONE SIGN DEVICE','None Detected','None Detected','Walking to/from school','IN ROADWAY IMPROPERLY','ON ROADWAY NOT AT CROSSWALK',Yes,None,0.565054,0.896751,'Suspected Serious Injury'
ROCKVILLE,45616,17.05,County,Pedestrian,'Single Vehicle',Clear,Dry,'Dark - Lighted','TRAFFIC SIGNAL','None Detected','None Detected','Cross/Enter at Intersection','NOT VISIBLE','AT AT INTERSECTION MARKED CROSSWALK',No,None,0.633279,0.890963,'Suspected Minor Injury'
MONTGOMERY,44588,18.683,County,Pedestrian,'Single Vehicle',Clear,Dry,'Dark - Lighted','NO CONTROLS','None Detected','None Detected','Cross/Enter at Intersection',None,'AT INTERSECTION BUT NO CROSSWALK',No,None,0.602147,0.923732,'Possible Injury'
MONTGOMERY,44543,11.033,Municipality,Pedestrian,'Single Vehicle',Clear,Dry,Daylight,'NO CONTROLS','None Detected','None Detected','Cross/Enter at Intersection',None,'ON ROADWAY AT CROSSWALK',Yes,None,0.544675,0.928102,'Suspected Minor Injury'
MONTGOMERY,43029,2.55,County,Pedestrian,'Single Vehicle',Clear,Dry,'Dark - Lighted','NO CONTROLS','None Detected','None Detected','Cross/Enter at Intersection',None,'ON ROADWAY NOT AT CROSSWALK',No,None,0.659037,0.887583,'Fatal Injury'
GAITHERSBURG,44849,16.333,County,Pedestrian,'Single Vehicle',Clear,Dry,Daylight,'NO CONTROLS','None Detected','None Detected','Cross/Enter at Intersection',None,'ON ROADWAY AT CROSSWALK',No,None,0.645309,0.849954,'Possible Injury'
ROCKVILLE,43432,12.5,Municipality,Pedestrian,'Single Vehicle',Clear,Dry,Daylight,'STOP SIGN','None Detected','None Detected','Cross/Enter at Intersection',None,'ON ROADWAY AT CROSSWALK',No,None,0.608251,0.894382,'Suspected Minor Injury'
MONTGOMERY,45301,20.033,County,Pedestrian,'Single Vehicle',Clear,Dry,'Dark - Lighted','NO CONTROLS','None Detected','None Detected','Cross/Enter at Intersection',None,'ON ROADWAY AT CROSSWALK',No,None,0.57681,0.925013,'Suspected Minor Injury'
MONTGOMERY,42880,12.083,County,Pedestrian,'Single Vehicle',Cloudy,Dry,Daylight,'NO CONTROLS','None Detected','None Detected','Cross/Enter at Intersection',None,'ON ROADWAY AT CROSSWALK',No,None,0.574891,0.908796,'Suspected Serious Injury'
MONTGOMERY,43434,15.8,County,Pedestrian,'Single Vehicle',Clear,Dry,Daylight,'NO CONTROLS','None Detected','None Detected','Cross/Enter at Intersection',None,'ON ROADWAY AT CROSSWALK',No,None,0.835274,0.870212,'No Apparent Injury'
MONTGOMERY,42152,15.783,'Maryland (State)',Pedestrian,'Single Vehicle',Clear,Dry,Daylight,'NO CONTROLS','None Detected','None Detected','Cross/Enter at Intersection',None,'ON ROADWAY AT CROSSWALK',No,None,0.472061,0.921853,'No Apparent Injury'