'Agency Name','Days after Jan 1','Hours past Midnight','Route Type','Related Non-Motorist','Collision Type',Weather,'Surface Condition',Light,'Traffic Control','Driver Substance Abuse','Non-Motorist Substance Abuse','Pedestrian Movement','Pedestrian Actions','Pedestrian Location','At Fault','Safety Equipment','Lat- Normalized','Long- Normalized','Injury Severity'
MONTGOMERY,43496,8.567,'Maryland (State)',Pedestrian,'Single Vehicle',Clear,Dry,Daylight,'FLASHING TRAFFIC SIGNAL','None Detected','None Detected','Cross/Enter Not at Intersection',None,'ON ROADWAY AT CROSSWALK',No,None,0.486237,0.919227,'Suspected Serious Injury'
MONTGOMERY,44656,20.3,'US (State)',Bicyclist,'Single Vehicle',Rain,Wet,'Dark - Lighted','TRAFFIC SIGNAL','None Detected','None Detected','Cross/Enter at Intersection','FAILURE TO YIELD RIGHT OF WAY','AT INTERSECTION BUT NO CROSSWALK',Yes,None,0.502946,0.948978,'No Apparent Injury'
MONTGOMERY,43200,11.95,County,Pedestrian,'Single Vehicle',Clear,Dry,Daylight,'NO CONTROLS','None Detected','None Detected','Cross/Enter at Intersection',Inattentive,'ON ROADWAY AT CROSSWALK',Yes,None,0.538406,0.901217,'Suspected Minor Injury'
MONTGOMERY,43789,23.633,'Maryland (State)',Pedestrian,'Single Vehicle',Clear,Dry,'Dark - Lighted','TRAFFIC SIGNAL','None Detected','None Detected','Cross/Enter at Intersection',None,'ON ROADWAY AT CROSSWALK',No,None,0.645568,0.886341,'Suspected Minor Injury'
MONTGOMERY,44338,18.7,County,Bicyclist,'Single Vehicle',Clear,Dry,Daylight,'NO CONTROLS','None Detected','None Detected',Playing,None,'ON ROADWAY AT CROSSWALK',No,Yes,0.694862,0.867481,'Possible Injury'
ROCKVILLE,43502,1.133,'Maryland (State)',Pedestrian,'Single Vehicle',Clear,Dry,'Dark - Lighted','TRAFFIC SIGNAL','None Detected','ALCOHOL PRESENT','Cross/Enter at Intersection',None,'ON ROADWAY NOT AT CROSSWALK',No,None,0.631469,0.809475,'Possible Injury'
MONTGOMERY,43165,15.567,'Maryland (State)',Pedestrian,'Single Vehicle',Cloudy,Wet,Daylight,'NO CONTROLS','None Detected','None Detected','Cross/Enter at Intersection',Inattentive,'ON ROADWAY AT CROSSWALK',Yes,None,0.509529,0.960956,'Suspected Minor Injury'
MONTGOMERY,42494,7.05,County,Pedestrian,'Single Vehicle',Clear,Dry,Daylight,'STOP SIGN','None Detected','None Detected','Cross/Enter at Intersection',None,'ON ROADWAY AT CROSSWALK',No,None,0.507951,0.945964,'Suspected Minor Injury'
GAITHERSBURG,43744,14.85,'Maryland (State)',Pedestrian,'Single Vehicle',Cloudy,Dry,Daylight,'NO CONTROLS','None Detected','None Detected',Standing,None,'ON ROADWAY NOT AT CROSSWALK',Yes,None,0.677676,0.871173,'Possible Injury'
MONTGOMERY,44405,11.85,County,Bicyclist,'STRAIGHT MOVEMENT ANGLE',Clear,Dry,Daylight,'STOP SIGN','None Detected','None Detected','Cross/Enter at Intersection',None,'ON ROADWAY NOT AT CROSSWALK',No,Yes,0.696453,0.929404,'Possible Injury'
ROCKVILLE,43182,15.067,County,Pedestrian,'Single Vehicle',Clear,Dry,Daylight,'NO CONTROLS','None Detected','None Detected',Standing,None,'ON ROADWAY AT CROSSWALK',No,None,0.616766,0.893579,'Possible Injury'
MONTGOMERY,42911,22.033,County,Bicyclist,'STRAIGHT MOVEMENT ANGLE',Clear,Dry,'Dark - Lighted','STOP SIGN','None Detected','None Detected','Cross/Enter at Intersection','IN ROADWAY IMPROPERLY','AT AT INTERSECTION MARKED CROSSWALK',Yes,None,0.712156,0.855926,'Suspected Minor Injury'
MONTGOMERY,45614,19.233,'Maryland (State)',Pedestrian,'Single Vehicle',Clear,Dry,'Dark - Lighted','NO CONTROLS','None Detected','ALCOHOL PRESENT','Cross/Enter Not at Intersection',None,'ON ROADWAY NOT AT CROSSWALK',Yes,None,0.508822,0.958909,'Possible Injury'
MONTGOMERY,42678,6.267,'Maryland (State)',Pedestrian,'Single Vehicle',Clear,Dry,'Dark - Lighted','TRAFFIC SIGNAL','None Detected','None Detected','Cross/Enter at Intersection','FAILURE TO YIELD RIGHT OF WAY','AT AT INTERSECTION MARKED CROSSWALK',Yes,None,0.5526,0.944046,'Suspected Serious Injury'
MONTGOMERY,45374,17.583,County,Pedestrian,'Single Vehicle',Clear,Dry,Daylight,'NO CONTROLS','None Detected','None Detected','Walking/Riding against Traffic',None,MEDIAN,No,None,0.511159,0.96411,'Possible Injury'
MONTGOMERY,44128,12.833,'Maryland (State)',Bicyclist,'STRAIGHT MOVEMENT ANGLE',Cloudy,Dry,Daylight,'STOP SIGN','None Detected','None Detected','Cross/Enter at Intersection',None,SHOULDER,No,Yes,0.625547,0.959008,'Possible Injury'
MONTGOMERY,42723,7.933,County,Pedestrian,'Single Vehicle',Clear,Dry,Daylight,'NO CONTROLS','None Detected','None Detected','Getting off/on Vehicle','ENTERING EXITING PARKED STANDING VEHICLE','ON ROADWAY AT CROSSWALK',No,None,0.656464,0.85153,'Possible Injury'
ROCKVILLE,42030,18.417,Municipality,Pedestrian,'Single Vehicle',Snow,Wet,'Dark - Lighted','TRAFFIC SIGNAL','None Detected','None Detected','Cross/Enter at Intersection',None,'ON ROADWAY AT CROSSWALK',No,None,0.605866,0.892043,'Possible Injury'
MONTGOMERY,42450,20.417,County,Pedestrian,'Single Vehicle',Clear,Dry,'Dark - Lighted','TRAFFIC SIGNAL','None Detected','None Detected','Cross/Enter at Intersection',None,SIDEWALK,No,None,0.71407,0.844413,'Suspected Minor Injury'
MONTGOMERY,44448,5.667,'Maryland (State)',Pedestrian,'Single Vehicle',Rain,Wet,'Dark - Not Lighted','NO CONTROLS','None Detected','None Detected','Walking/Riding w/Traffic','IN ROADWAY IMPROPERLY','ON ROADWAY NOT AT CROSSWALK',Yes,None,0.663038,0.947249,'Suspected Minor Injury'
ROCKVILLE,45624,10.7,'Maryland (State)',Bicyclist,'STRAIGHT MOVEMENT ANGLE',Clear,Dry,Daylight,'NO CONTROLS','None Detected','None Detected','Cross/Enter at Intersection',None,'ON ROADWAY NOT AT CROSSWALK',Yes,Yes,0.593347,0.902304,'No Apparent Injury'
MONTGOMERY,42036,6.917,'Maryland (State)',Pedestrian,'STRAIGHT MOVEMENT ANGLE',Clear,Dry,'Dark - Lighted','NO CONTROLS','None Detected','None Detected','Cross/Enter at Intersection','FAILURE TO OBEY TRAFFIC SIGNS SIGNALS OR OFFICER','AT AT INTERSECTION MARKED CROSSWALK',No,None,0.553031,0.938566,'Suspected Serious Injury'
MONTGOMERY,44119,17.5,County,Bicyclist,'STRAIGHT MOVEMENT ANGLE',Clear,Dry,Daylight,'NO CONTROLS','None Detected','None Detected','Walking/Cycling on Sidewalk',None,SIDEWALK,No,None,0.573924,0.935618,'Possible Injury'
MONTGOMERY,43037,21.65,County,Pedestrian,'Single Vehicle',Rain,Wet,'Dark - Lighted','STOP SIGN','None Detected','None Detected','Cross/Enter at Intersection','IN ROADWAY IMPROPERLY','ON ROADWAY NOT AT CROSSWALK',Yes,None,0.499324,0.917067,'Suspected Minor Injury'
MONTGOMERY,44868,17,'Maryland (State)',Pedestrian,'STRAIGHT MOVEMENT ANGLE',Clear,Dry,Daylight,'TRAFFIC SIGNAL','None Detected','None Detected','Cross/Enter at Intersection',None,'ON ROADWAY AT CROSSWALK',No,None,0.685389,0.932269,'Suspected Serious Injury'
MONTGOMERY,44056,16.55,County,Pedestrian,'Single Vehicle',Clear,Dry,Daylight,'NO CONTROLS','None Detected','None Detected','Cross/Enter at Intersection',None,'ON ROADWAY AT CROSSWALK',No,None,0.668694,0.969167,'No Apparent Injury'
MONTGOMERY,42749,17.583,County,Pedestrian,'Single Vehicle',Rain,Wet,'Dark - Lighted','STOP SIGN','None Detected','None Detected','Cross/Enter at Intersection',None,'AT AT INTERSECTION MARKED CROSSWALK',No,None,0.501116,0.918061,'Possible Injury'
MONTGOMERY,43074,18.4,County,Pedestrian,'Single Vehicle',Rain,Dry,'Dark - Lighted','NO CONTROLS','None Detected','None Detected','Cross/Enter at Intersection',None,'ON ROADWAY AT CROSSWALK',No,None,0.558048,0.965539,'Possible Injury'
MONTGOMERY,42996,20.633,County,Pedestrian,'STRAIGHT MOVEMENT ANGLE',Clear,Dry,'Dark - Lighted','NO CONTROLS','None Detected','None Detected','Cross/Enter Not at Intersection','IN ROADWAY IMPROPERLY','ON ROADWAY NOT AT CROSSWALK',Yes,None,0.717324,0.845547,'Suspected Serious Injury'
ROCKVILLE,43460,18,'Maryland (State)',Pedestrian,'Single Vehicle',Cloudy,Dry,'Dark - Lighted','TRAFFIC SIGNAL','None Detected','None Detected','Cross/Enter at Intersection',None,'ON ROADWAY AT CROSSWALK',No,None,0.616579,0.8933,'Possible Injury'
MONTGOMERY,42377,8.75,County,Pedestrian,'Single Vehicle',Cloudy,Dry,Daylight,'NO CONTROLS','None Detected','None Detected',Standing,None,'ON ROADWAY AT CROSSWALK',No,Yes,0.707314,0.883335,'Suspected Minor Injury'
MONTGOMERY,43346,9.583,County,Bicyclist,'SAME DIR REAR END',Clear,Dry,Daylight,'NO CONTROLS','None Detected','None Detected','Walking/Riding w/Traffic',None,'ON ROADWAY NOT AT CROSSWALK',No,Yes,0.679523,0.773368,'Suspected Minor Injury'
MONTGOMERY,42993,22.617,'Maryland (State)',Pedestrian,'Single Vehicle',Clear,Dry,'Dark - Lighted','NO CONTROLS','None Detected','None Detected','Cross/Enter Not at Intersection',None,'ON ROADWAY AT CROSSWALK',No,None,0.47057,0.915116,'Suspected Serious Injury'
MONTGOMERY,42107,8.717,County,Pedestrian,'Single Vehicle',Clear,Dry,Daylight,'NO CONTROLS','None Detected','None Detected','Cross/Enter at Intersection',None,'ON ROADWAY AT CROSSWALK',No,None,0.709214,0.925889,'No Apparent Injury'
MONTGOMERY,42133,22.117,'Maryland (State)',Bicyclist,'HEAD ON LEFT TURN',Clear,Dry,'Dark - Lighted','TRAFFIC SIGNAL','None Detected','None Detected','Cross/Enter at Intersection','FAILURE TO OBEY TRAFFIC SIGNS SIGNALS OR OFFICER','ON ROADWAY AT CROSSWALK',No,None,0.566569,0.930287,'Suspected Minor Injury'
MONTGOMERY,43244,21.25,County,Pedestrian,'Single Vehicle',Clear,Dry,'Dark - Lighted','NO CONTROLS','None Detected','None Detected','Cross/Enter at Intersection',Dart/Dash,'ON ROADWAY NOT AT CROSSWALK',Yes,None,0.690229,0.920631,'Suspected Minor Injury'
MONTGOMERY,44604,16.183,'Maryland (State)',Bicyclist,'HEAD ON LEFT TURN',Clear,Dry,Daylight,'TRAFFIC SIGNAL','None Detected','None Detected',Standing,None,SIDEWALK,No,Yes,0.522564,0.910156,'Suspected Serious Injury'
TAKOMA,45493,9.333,'Maryland (State)',Pedestrian,'SAME DIR REND LEFT TURN',Clear,Dry,Daylight,'NO CONTROLS','None Detected','None Detected','Walking/Riding w/Traffic',None,'ON ROADWAY AT CROSSWALK',No,None,0.489158,0.953425,'Suspected Minor Injury'
MONTGOMERY,42164,17.75,'Maryland (State)',Bicyclist,'Single Vehicle',Clear,Dry,Daylight,'NO CONTROLS','None Detected','None Detected','Cross/Enter at Intersection',None,'ON ROADWAY AT CROSSWALK',No,Yes,0.519259,0.911285,'Suspected Minor Injury'
MONTGOMERY,42625,9.833,'Maryland (State)',Pedestrian,'Single Vehicle',Clear,Dry,Daylight,'STOP SIGN','None Detected','None Detected','Cross/Enter at Intersection',None,'AT INTERSECTION BUT NO CROSSWALK',No,None,0.494416,0.948657,'Possible Injury'
MONTGOMERY,44635,15.85,County,'MACHINE OPERATOR/RIDER','Single Vehicle',Clear,Dry,Daylight,PERSON,'None Detected','None Detected',' Working',Inattentive,SHOULDER,No,None,0.612681,0.991194,'No Apparent Injury'
MONTGOMERY,42361,17.417,Municipality,Pedestrian,'Single Vehicle',Rain,Wet,'Dark - Lighted','NO CONTROLS','None Detected','None Detected','Cross/Enter at Intersection',None,'ON ROADWAY AT CROSSWALK',No,None,0.54039,0.929091,'Suspected Minor Injury'
MONTGOMERY,44774,12.583,'Maryland (State)',Pedestrian,'Single Vehicle',Clear,Dry,Daylight,'TRAFFIC SIGNAL','None Detected','None Detected','Cross/Enter at Intersection',None,'ON ROADWAY AT CROSSWALK',No,None,0.504322,0.937579,'Suspected Minor Injury'
MONTGOMERY,45569,18.383,' Public Roadway',Bicyclist,'STRAIGHT MOVEMENT ANGLE',Clear,Dry,Daylight,'TRAFFIC SIGNAL','None Detected','None Detected','Cross/Enter at Intersection',None,'ON ROADWAY AT CROSSWALK',No,Yes,0.729731,0.851595,'Possible Injury'
MONTGOMERY,43767,12.25,County,Pedestrian,'Single Vehicle',Clear,Dry,Daylight,PERSON,'None Detected','None Detected','Cross/Enter at Intersection',None,'ON ROADWAY AT CROSSWALK',No,Yes,0.498636,0.917947,'No Apparent Injury'
MONTGOMERY,42235,15.75,County,Bicyclist,'Single Vehicle',Clear,Dry,Daylight,'NO CONTROLS','None Detected','None Detected','Cross/Enter at Intersection',Inattentive,'ON ROADWAY AT CROSSWALK',No,None,0.711672,0.870705,'Possible Injury'
MONTGOMERY,44641,11.4,'Maryland (State)',Pedestrian,'Single Vehicle',Clear,Dry,Daylight,'TRAFFIC SIGNAL','None Detected','None Detected','Cross/Enter at Intersection',None,'ON ROADWAY AT CROSSWALK',No,None,0.548854,0.92775,'Possible Injury'
MONTGOMERY,44103,6,County,Bicyclist,'STRAIGHT MOVEMENT ANGLE',Cloudy,Dry,'Dark - Lighted','TRAFFIC SIGNAL','None Detected','None Detected','Walking/Riding w/Traffic',None,'ON ROADWAY NOT AT CROSSWALK',No,Yes,0.524706,0.920623,'Possible Injury'
MONTGOMERY,42657,20.567,'Maryland (State)',Pedestrian,'Single Vehicle',Clear,Dry,'Dark - Lighted','TRAFFIC SIGNAL','None Detected','None Detected','Cross/Enter at Intersection',None,SIDEWALK,No,None,0.583455,0.938611,'Suspected Minor Injury'
MONTGOMERY,44583,18.667,'Maryland (State)',Pedestrian,'Single Vehicle',Clear,Dry,'Dark - Lighted','STOP SIGN','None Detected','None Detected','Cross/Enter Not at Intersection',Dart/Dash,'ON ROADWAY NOT AT CROSSWALK',Yes,None,0.676506,0.871707,'Suspected Minor Injury'
ROCKVILLE,42192,19.083,'Maryland (State)',Bicyclist,'STRAIGHT MOVEMENT ANGLE',Clear,Dry,Daylight,'TRAFFIC SIGNAL','None Detected','None Detected','Walking/Riding w/Traffic',None,'ON ROADWAY AT CROSSWALK',No,Yes,0.608385,0.900774,'Suspected Minor Injury'
MONTGOMERY,44587,19.133,Municipality,Pedestrian,'Single Vehicle',Clear,Dry,'Dark - Lighted','NO CONTROLS','None Detected','None Detected','Cross/Enter at Intersection',None,'ON ROADWAY AT CROSSWALK',No,None,0.543009,0.927855,'Possible Injury'
MONTGOMERY,44102,14.683,' Public Roadway',' CONVEYANCE','Single Vehicle',Clear,Dry,Daylight,'NO CONTROLS','None Detected','None Detected','Cross/Enter at Intersection',None,'ON ROADWAY AT CROSSWALK',No,None,0.552444,0.945358,'Possible Injury'
MONTGOMERY,43717,7.7,County,Pedestrian,'Single Vehicle',Clear,Dry,Daylight,PERSON,'None Detected','None Detected',' Working',None,'ON ROADWAY AT CROSSWALK',No,Yes,0.518677,0.918846,'Suspected Minor Injury'
ROCKVILLE,42718,9.25,County,Pedestrian,'Single Vehicle',Clear,Dry,Daylight,'NO CONTROLS','None Detected','None Detected','Walking to/from school',None,'ON ROADWAY AT CROSSWALK',No,None,0.630811,0.889315,'Possible Injury'
ROCKVILLE,42180,13.15,Municipality,Bicyclist,'ANGLE MEETS LEFT TURN',Clear,Dry,Daylight,'TRAFFIC SIGNAL','None Detected','None Detected','Cross/Enter at Intersection',Dart/Dash,'IN BIKEWAY',No,None,0.603654,0.879196,'Suspected Minor Injury'
MONTGOMERY,43456,15.75,County,Pedestrian,'Single Vehicle',Clear,Dry,Daylight,'TRAFFIC SIGNAL','None Detected','None Detected','Cross/Enter at Intersection',None,'ON ROADWAY AT CROSSWALK',No,None,0.602537,0.925026,'Suspected Minor Injury'
MONTGOMERY,45494,9.5,'Maryland (State)',' PEDALCYCLIST','HEAD ON LEFT TURN',Clear,Dry,Daylight,'TRAFFIC SIGNAL','None Detected','None Detected','Cross/Enter at Intersection',None,'AT AT INTERSECTION MARKED CROSSWALK',No,Yes,0.489536,0.920039,'Suspected Minor Injury'
MONTGOMERY,44743,9,'Maryland (State)',Pedestrian,'Single Vehicle',Clear,Dry,Daylight,'NO CONTROLS','None Detected','None Detected','Cross/Enter at Intersection',None,'ON ROADWAY AT CROSSWALK',No,None,0.682116,0.931395,'Suspected Minor Injury'
MONTGOMERY,43246,5.9,County,Pedestrian,'Single Vehicle',Clear,Dry,Daylight,'NO CONTROLS','None Detected','None Detected',Standing,None,'OUTSIDE RIGHT OF WAY',No,None,0.65574,0.973135,'Suspected Minor Injury'
MONTGOMERY,43919,13.017,County,Bicyclist,'STRAIGHT MOVEMENT ANGLE',Cloudy,Dry,Daylight,'STOP SIGN','None Detected','None Detected','Cross/Enter at Intersection','FAILURE TO OBEY TRAFFIC SIGNS SIGNALS OR OFFICER','AT INTERSECTION BUT NO CROSSWALK',Yes,Yes,0.50177,0.917526,'Suspected Minor Injury'
MONTGOMERY,42258,8.533,County,Pedestrian,'Single Vehicle',Clear,Dry,Daylight,'TRAFFIC SIGNAL','None Detected','None Detected','Cross/Enter at Intersection',None,'ON ROADWAY AT CROSSWALK',No,None,0.590297,0.914475,'Suspected Minor Injury'
MONTGOMERY,43469,7.2,County,Pedestrian,'STRAIGHT MOVEMENT ANGLE',Clear,Dry,Dawn,'STOP SIGN','None Detected','None Detected','Walking/Cycling on Sidewalk',None,SIDEWALK,No,None,0.534168,0.954756,'Possible Injury'
MONTGOMERY,43887,18.817,County,Pedestrian,'Single Vehicle',Rain,Wet,'Dark - Lighted','NO CONTROLS','None Detected','None Detected','Cross/Enter at Intersection',None,'AT AT INTERSECTION MARKED CROSSWALK',No,None,0.577142,0.926486,'No Apparent Injury'
MONTGOMERY,44184,21.283,County,Pedestrian,'SAME DIRECTION SIDESWIPE',Clear,Dry,'Dark - Lighted','NO CONTROLS','ALCOHOL PRESENT','None Detected','Getting off/on Vehicle',Dart/Dash,'ON ROADWAY AT CROSSWALK',No,None,0.581096,0.927823,'Possible Injury'
MONTGOMERY,43483,14.683,County,Pedestrian,'Single Vehicle',Clear,Dry,Daylight,'NO CONTROLS','None Detected','None Detected','Cross/Enter at Intersection',None,SIDEWALK,No,None,0.509102,0.948133,'Suspected Minor Injury'
MONTGOMERY,42062,13.4,'Maryland (State)',Pedestrian,'Single Vehicle',Clear,Dry,Daylight,'TRAFFIC SIGNAL','None Detected','None Detected',' Working',None,'ON ROADWAY NOT AT CROSSWALK',No,None,0.492567,0.919342,'Suspected Minor Injury'
MONTGOMERY,43000,14.083,'Maryland (State)',Pedestrian,'Single Vehicle',Cloudy,Dry,Daylight,'TRAFFIC SIGNAL','None Detected','None Detected','Cross/Enter at Intersection',None,'AT AT INTERSECTION MARKED CROSSWALK',No,None,0.715875,0.842953,'Suspected Serious Injury'
MONTGOMERY,42300,10.85,County,Pedestrian,'Single Vehicle',Clear,Dry,Daylight,'NO CONTROLS','None Detected','None Detected','Cross/Enter at Intersection',None,SIDEWALK,No,None,0.601786,0.928783,'No Apparent Injury'
MONTGOMERY,42678,17.983,County,Bicyclist,'STRAIGHT MOVEMENT ANGLE',Clear,Dry,Dusk,'STOP SIGN','None Detected','None Detected','Cross/Enter at Intersection',None,'ON ROADWAY AT CROSSWALK',No,None,0.557162,0.910924,'Suspected Minor Injury'
MONTGOMERY,44411,16.667,'Maryland (State)',Bicyclist,'STRAIGHT MOVEMENT ANGLE',Clear,Dry,Daylight,'STOP SIGN','None Detected','None Detected','Walking/Riding w/Traffic',None,'ON ROADWAY AT CROSSWALK',No,Yes,0.503507,0.908284,'Suspected Minor Injury'
MONTGOMERY,43871,6.683,County,Pedestrian,'Single Vehicle',Rain,Wet,'Dark - Lighted','TRAFFIC SIGNAL','None Detected','None Detected','Cross/Enter at Intersection',None,'ON ROADWAY AT CROSSWALK',No,None,0.658653,0.88691,'Possible Injury'
ROCKVILLE,43055,14.8,Municipality,Pedestrian,'Single Vehicle',Clear,Dry,Daylight,'NO CONTROLS','None Detected','None Detected','Cross/Enter Not at Intersection',Dart/Dash,'ON ROADWAY NOT AT CROSSWALK',Yes,None,0.603547,0.894658,'Suspected Minor Injury'
MONTGOMERY,45645,15.667,County,Pedestrian,'SAME DIRECTION SIDESWIPE',Clear,Dry,Daylight,'NO CONTROLS','None Detected','None Detected','Cross/Enter at Intersection',None,'ON ROADWAY AT CROSSWALK',No,None,0.572091,0.929617,'No Apparent Injury'
MONTGOMERY,43204,20.25,County,Pedestrian,'Single Vehicle',Clear,Dry,'Dark - Not Lighted','NO CONTROLS','None Detected','None Detected','Cross/Enter at Intersection',None,'ON ROADWAY AT CROSSWALK',No,None,0.587655,0.984032,'Possible Injury'
TAKOMA,43006,16.933,Municipality,'Bicyclist  Pedestrian','SAME DIRECTION RIGHT TURN',Clear,Dry,Daylight,'NO CONTROLS','None Detected','None Detected','Walking/Riding w/Traffic',None,SIDEWALK,No,None,0.49329,0.954424,'Suspected Minor Injury'
MONTGOMERY,42287,20.333,County,Pedestrian,'Single Vehicle',Clear,Dry,'Dark - Lighted','TRAFFIC SIGNAL','None Detected','None Detected','Cross/Enter at Intersection','FAILURE TO OBEY TRAFFIC SIGNS SIGNALS OR OFFICER','ON ROADWAY AT CROSSWALK',Yes,None,0.57197,0.977105,'Possible Injury'
MONTGOMERY,42230,8.9,County,Pedestrian,'Single Vehicle',Clear,Dry,Daylight,'NO CONTROLS','None Detected','None Detected','Cross/Enter at Intersection','IN ROADWAY IMPROPERLY','ON ROADWAY AT CROSSWALK',Yes,None,0.771895,0.821705,'Suspected Serious Injury'
MONTGOMERY,42134,14,County,Bicyclist,'Single Vehicle',Clear,Dry,Daylight,'TRAFFIC SIGNAL','None Detected','None Detected','Cross/Enter at Intersection',None,'AT AT INTERSECTION MARKED CROSSWALK',No,None,0.723342,0.852849,'Possible Injury'
TAKOMA,43698,22.167,County,Pedestrian,'Single Vehicle',Clear,Dry,'Dark - Lighted','NO CONTROLS','None Detected','None Detected','Cross/Enter at Intersection',None,'ON ROADWAY AT CROSSWALK',No,None,0.50717,0.959262,'Possible Injury'
MONTGOMERY,42154,15.45,County,Bicyclist,'SAME DIR REAR END',Clear,Dry,Daylight,'NO CONTROLS','None Detected','None Detected','Walking/Riding w/Traffic',None,SHOULDER,No,Yes,0.511515,0.868069,'Possible Injury'
MONTGOMERY,43507,4.267,'Maryland (State)',Pedestrian,'Single Vehicle',Rain,Wet,'Dark - Lighted','TRAFFIC SIGNAL','None Detected','COMBINED SUBSTANCE PRESENT','Cross/Enter at Intersection','IN ROADWAY IMPROPERLY','ON ROADWAY AT CROSSWALK',Yes,None,0.503977,0.946368,'Suspected Minor Injury'
GAITHERSBURG,45534,11.583,County,Pedestrian,'STRAIGHT MOVEMENT ANGLE',Clear,Dry,Daylight,'NO CONTROLS','None Detected','None Detected','Cross/Enter at Intersection','FAILURE TO YIELD RIGHT OF WAY',SIDEWALK,Yes,None,0.673563,0.873832,'Suspected Minor Injury'
MONTGOMERY,44378,9.217,'Maryland (State)',Pedestrian,'Single Vehicle',Clear,Dry,Daylight,'NO CONTROLS','None Detected','None Detected',Standing,None,'ON ROADWAY AT CROSSWALK',No,Yes,0.498577,0.955556,'Suspected Serious Injury'
MONTGOMERY,44857,23,'Maryland (State)',Bicyclist,'STRAIGHT MOVEMENT ANGLE',Rain,Wet,'Dark - Not Lighted','NO CONTROLS','None Detected','None Detected','Cross/Enter Not at Intersection',None,'ON ROADWAY NOT AT CROSSWALK',No,None,0.590521,0.933268,'Fatal Injury'
'Maryland-National Capital',44404,18.583,Government,Bicyclist,'STRAIGHT MOVEMENT ANGLE',Clear,Dry,Daylight,'NO CONTROLS','None Detected','None Detected','Cross/Enter at Intersection',None,'ON ROADWAY AT CROSSWALK',No,None,0.522388,0.950933,'Suspected Serious Injury'
MONTGOMERY,42026,7.45,'Maryland (State)',Pedestrian,'Single Vehicle',Foggy,Wet,Dawn,'TRAFFIC SIGNAL','None Detected','None Detected','Cross/Enter at Intersection',None,'ON ROADWAY AT CROSSWALK',No,None,0.730934,0.853627,'Possible Injury'
MONTGOMERY,42270,17.333,County,Bicyclist,'Single Vehicle',Clear,Dry,Daylight,'NO CONTROLS','None Detected','None Detected','Walking/Riding w/Traffic',None,'IN BIKEWAY',No,Yes,0.586699,0.890329,'Suspected Minor Injury'
GAITHERSBURG,42388,12.8,'Maryland (State)',Pedestrian,'Single Vehicle',Clear,Dry,Daylight,'TRAFFIC SIGNAL','None Detected','None Detected','Walking to/from school',Dart/Dash,'ON ROADWAY AT CROSSWALK',Yes,None,0.668811,0.875164,'Suspected Minor Injury'
GAITHERSBURG,42015,15,County,Pedestrian,'Single Vehicle',Clear,Dry,Daylight,'NO CONTROLS','None Detected','None Detected','Getting off/on Vehicle',Dart/Dash,'ON ROADWAY AT CROSSWALK',No,None,0.690693,0.871274,'Suspected Minor Injury'
MONTGOMERY,42935,11.733,Municipality,Pedestrian,'Single Vehicle',Clear,Dry,Daylight,'NO CONTROLS','None Detected','None Detected','Getting off/on Vehicle',None,'ON ROADWAY NOT AT CROSSWALK',Yes,None,0.508451,0.918097,'Suspected Serious Injury'
MONTGOMERY,43794,17.9,Municipality,Pedestrian,'Single Vehicle',Clear,Dry,'Dark - Lighted','NO CONTROLS','None Detected','None Detected','Cross/Enter Not at Intersection',Dart/Dash,'ON ROADWAY NOT AT CROSSWALK',Yes,None,0.679218,0.866354,'Suspected Serious Injury'
ROCKVILLE,44832,13.667,County,Pedestrian,'Single Vehicle',Clear,Dry,Daylight,'NO CONTROLS','None Detected','None Detected','Cross/Enter at Intersection',None,'ON ROADWAY AT CROSSWALK',No,None,0.607158,0.893356,'Possible Injury'
MONTGOMERY,44823,20.267,'Maryland (State)',Pedestrian,'Single Vehicle',Clear,Dry,'Dark - Lighted','NO CONTROLS','None Detected','None Detected','Cross/Enter Not at Intersection',Dart/Dash,'ON ROADWAY NOT AT CROSSWALK',Yes,None,0.67257,0.841707,'Suspected Serious Injury'
MONTGOMERY,44336,19,County,Pedestrian,'Single Vehicle',Clear,Dry,Dusk,'NO CONTROLS','None Detected','None Detected',' Working',None,'ON ROADWAY AT CROSSWALK',No,None,0.557732,0.891732,'Possible Injury'
MONTGOMERY,45494,11.867,'Maryland (State)',Pedestrian,'Single Vehicle',Clear,Dry,Daylight,'STOP SIGN','None Detected','None Detected','Cross/Enter at Intersection',None,'ON ROADWAY AT CROSSWALK',No,None,0.666082,0.929967,'No Apparent Injury'
ROCKVILLE,43993,17.017,Municipality,Bicyclist,'Single Vehicle',Clear,Dry,Daylight,'STOP SIGN','None Detected','None Detected','Walking/Cycling on Sidewalk',None,'ON ROADWAY AT CROSSWALK',No,None,0.592408,0.902465,'Suspected Minor Injury'
'Maryland-National Capital',43584,14.667,Government,Bicyclist,'HEAD ON LEFT TURN',Clear,Dry,Daylight,'STOP SIGN','None Detected','None Detected','Cross/Enter at Intersection',None,'AT INTERSECTION BUT NO CROSSWALK',No,Yes,0.536265,0.915802,'Possible Injury'
MONTGOMERY,42157,6.7,County,Pedestrian,'Single Vehicle',Cloudy,Wet,Daylight,'NO CONTROLS','None Detected','None Detected','Cross/Enter at Intersection','FAILURE TO YIELD RIGHT OF WAY','AT AT INTERSECTION MARKED CROSSWALK',No,None,0.56075,0.9396,'Possible Injury'