'Agency Name','Days after Jan 1','Hours past Midnight','Route Type','Related Non-Motorist','Collision Type',Weather,'Surface Condition',Light,'Traffic Control','Driver Substance Abuse','Non-Motorist Substance Abuse','Pedestrian Movement','Pedestrian Actions','Pedestrian Location','At Fault','Safety Equipment','Lat- Normalized','Long- Normalized','Injury Severity'
MONTGOMERY,42789,16.433,Municipality,Pedestrian,'STRAIGHT MOVEMENT ANGLE',Clear,Dry,Daylight,'TRAFFIC SIGNAL','None Detected','None Detected','Cross/Enter at Intersection',None,'ON ROADWAY AT CROSSWALK',No,None,0.596611,0.880399,'Suspected Minor Injury'
MONTGOMERY,44432,8.417,County,Pedestrian,'Single Vehicle',Clear,Dry,Daylight,'NO CONTROLS','None Detected','None Detected',' Working','FAILURE TO YIELD RIGHT OF WAY','ON ROADWAY NOT AT CROSSWALK',No,None,0.565314,0.888753,'Possible Injury'
MONTGOMERY,44773,0.033,'Maryland (State)',' CONVEYANCE','Single Vehicle',Clear,Dry,'Dark - Lighted','NO CONTROLS','None Detected','None Detected','Walking/Riding w/Traffic',None,'ON ROADWAY NOT AT CROSSWALK',No,Yes,0.57756,0.939326,'Suspected Serious Injury'
MONTGOMERY,42549,12.95,County,Pedestrian,'SAME DIRECTION SIDESWIPE',Cloudy,Dry,Daylight,'NO CONTROLS','None Detected','None Detected','Cross/Enter at Intersection',None,'ON ROADWAY AT CROSSWALK',No,None,0.509572,0.95915,'Possible Injury'
GAITHERSBURG,44800,15.667,County,Bicyclist,'STRAIGHT MOVEMENT ANGLE',Clear,Dry,Daylight,'NO CONTROLS','None Detected','None Detected','Walking/Cycling on Sidewalk','FAILURE TO YIELD RIGHT OF WAY',SIDEWALK,Yes,None,0.649304,0.865236,'No Apparent Injury'
ROCKVILLE,42874,12.583,Municipality,Pedestrian,'Single Vehicle',Clear,Dry,Daylight,'TRAFFIC SIGNAL','None Detected','None Detected','Cross/Enter at Intersection',None,'ON ROADWAY AT CROSSWALK',No,None,0.615216,0.892967,'Possible Injury'
MONTGOMERY,44450,13.917,County,Pedestrian,'HEAD ON',Clear,Dry,Daylight,'NO CONTROLS','None Detected','None Detected',Standing,None,'ON ROADWAY AT CROSSWALK',No,None,0.596244,0.92072,'No Apparent Injury'
MONTGOMERY,43519,23.133,County,Pedestrian,'Single Vehicle',Clear,Wet,'Dark - Lighted','NO CONTROLS','None Detected','ALCOHOL PRESENT','Cross/Enter at Intersection',None,'ON ROADWAY AT CROSSWALK',No,None,0.774878,0.849571,'Possible Injury'
MONTGOMERY,44435,20.833,County,Pedestrian,'SAME DIRECTION SIDESWIPE',Rain,Wet,'Dark - Lighted','NO CONTROLS','None Detected','None Detected','Getting off/on Vehicle','IN ROADWAY IMPROPERLY','ON ROADWAY NOT AT CROSSWALK',No,None,0.722567,0.856444,'Possible Injury'
MONTGOMERY,43776,18.067,'US (State)',Pedestrian,'Single Vehicle',Rain,Wet,'Dark - Lighted','NO CONTROLS','None Detected','None Detected','Cross/Enter at Intersection','IMPROPER PASSING','AT AT INTERSECTION MARKED CROSSWALK',Yes,None,0.504744,0.948926,'Suspected Minor Injury'
MONTGOMERY,44422,20.833,'Maryland (State)',Bicyclist,'STRAIGHT MOVEMENT ANGLE',Rain,Wet,'Dark - Lighted','TRAFFIC SIGNAL','None Detected','None Detected','Cross/Enter at Intersection','FAILURE TO OBEY TRAFFIC SIGNS SIGNALS OR OFFICER','IN BIKEWAY',Yes,None,0.50522,0.947386,'Suspected Minor Injury'
MONTGOMERY,43759,7.5,County,Bicyclist,'Single Vehicle',Clear,Dry,Daylight,'NO CONTROLS','None Detected','None Detected','Walking/Riding against Traffic',None,'AT INTERSECTION BUT NO CROSSWALK',No,Yes,0.499935,0.949327,'No Apparent Injury'
MONTGOMERY,43455,18.067,'Maryland (State)',Pedestrian,'Single Vehicle',Rain,Wet,'Dark - Not Lighted','NO CONTROLS','None Detected','None Detected','Cross/Enter Not at Intersection',Dart/Dash,'ON ROADWAY NOT AT CROSSWALK',Yes,None,0.830004,0.871013,'Possible Injury'
MONTGOMERY,43440,21.45,'Maryland (State)',Pedestrian,'Single Vehicle',Clear,Dry,'Dark - Not Lighted','NO CONTROLS','None Detected','ALCOHOL PRESENT','Cross/Enter Not at Intersection','IN ROADWAY IMPROPERLY','ON ROADWAY NOT AT CROSSWALK',Yes,None,0.562236,0.937718,'Suspected Serious Injury'
GAITHERSBURG,43955,9.767,County,Pedestrian,'Single Vehicle',Clear,Dry,Daylight,'NO CONTROLS','None Detected','None Detected',Standing,None,'ON ROADWAY AT CROSSWALK',No,Yes,0.67229,0.875523,'Possible Injury'
MONTGOMERY,44453,15.083,County,Pedestrian,'Single Vehicle',Clear,Dry,Daylight,'NO CONTROLS','None Detected','None Detected','Cross/Enter Not at Intersection',Dart/Dash,'ON ROADWAY NOT AT CROSSWALK',Yes,None,0.708672,0.869117,'Suspected Minor Injury'
ROCKVILLE,45407,22.167,'Maryland (State)',Pedestrian,'Single Vehicle',Clear,Dry,'Dark - Lighted','NO CONTROLS','None Detected','None Detected',Standing,None,'INSIDE BUILDING',No,None,0.629701,0.891703,'Suspected Minor Injury'
MONTGOMERY,44215,15.517,'Maryland (State)',Bicyclist,'Single Vehicle',Clear,Dry,Daylight,'TRAFFIC SIGNAL','None Detected','None Detected','Cross/Enter at Intersection',None,'ON ROADWAY AT CROSSWALK',No,Yes,0.485635,0.926733,'Suspected Minor Injury'
MONTGOMERY,44007,11.3,'Maryland (State)',Pedestrian,'Single Vehicle',Cloudy,Dry,Daylight,'NO CONTROLS','None Detected','None Detected','Cross/Enter at Intersection',None,'ON ROADWAY AT CROSSWALK',No,None,0.692534,0.870683,'Possible Injury'
MONTGOMERY,42210,17.5,County,Pedestrian,'Single Vehicle',Cloudy,Dry,Daylight,'NO CONTROLS','None Detected','None Detected','Cross/Enter Not at Intersection',Dart/Dash,'ON ROADWAY NOT AT CROSSWALK',Yes,None,0.490414,0.917875,'Possible Injury'
MONTGOMERY,44884,12.75,County,Pedestrian,'Single Vehicle',Clear,Dry,Daylight,'NO CONTROLS','None Detected','None Detected','Cross/Enter at Intersection',None,'MIDBLOCK MARKED CROSSWALK',No,None,0.576805,0.906799,'Suspected Serious Injury'
MONTGOMERY,42796,12.883,County,Pedestrian,'Single Vehicle',Clear,Dry,Daylight,'YIELD SIGN','None Detected','None Detected','Cross/Enter at Intersection',None,'ON ROADWAY AT CROSSWALK',No,None,0.715261,0.840445,'Possible Injury'
'Maryland-National Capital',43682,21.35,County,Pedestrian,'Single Vehicle',Clear,Dry,'Dark - Lighted','NO CONTROLS','None Detected','None Detected','Cross/Enter at Intersection',None,CURB,Yes,None,0.493813,0.949521,'No Apparent Injury'
MONTGOMERY,43844,9.683,'Maryland (State)',Pedestrian,'Single Vehicle',Rain,Wet,Daylight,'NO CONTROLS','None Detected','None Detected','Cross/Enter at Intersection','FAILURE TO YIELD RIGHT OF WAY','ON ROADWAY AT CROSSWALK',Yes,None,0.474944,0.903739,'Suspected Minor Injury'
MONTGOMERY,44076,12,County,' PEDALCYCLIST','Single Vehicle',Clear,Dry,Daylight,'NO CONTROLS','None Detected','None Detected','Cross/Enter at Intersection',None,'AT AT INTERSECTION MARKED CROSSWALK',No,None,0.506401,0.956304,'Possible Injury'
MONTGOMERY,45540,17.767,County,Pedestrian,'SAME DIR REAR END',Clear,Dry,Daylight,'NO CONTROLS','None Detected','None Detected','Walking/Riding w/Traffic',None,SHOULDER,No,None,0.688514,0.778758,'Suspected Minor Injury'
MONTGOMERY,45476,10.8,County,Pedestrian,'Single Vehicle',Clear,Dry,Daylight,'TRAFFIC SIGNAL','None Detected','None Detected','Cross/Enter at Intersection',None,'AT AT INTERSECTION MARKED CROSSWALK',No,None,0.718611,0.855727,'Suspected Serious Injury'
MONTGOMERY,43588,14.65,'Maryland (State)',Pedestrian,'STRAIGHT MOVEMENT ANGLE',Clear,Dry,Daylight,'TRAFFIC SIGNAL','None Detected','None Detected','Cross/Enter Not at Intersection',Dart/Dash,'ON ROADWAY NOT AT CROSSWALK',Yes,None,0.662159,0.907525,'Suspected Serious Injury'
ROCKVILLE,42662,7.2,Municipality,Bicyclist,'STRAIGHT MOVEMENT ANGLE',Clear,Dry,Dawn,'TRAFFIC SIGNAL','None Detected','None Detected','Walking/Riding against Traffic','FAILURE TO OBEY TRAFFIC SIGNS SIGNALS OR OFFICER','ON ROADWAY AT CROSSWALK',Yes,None,0.607056,0.893294,'Suspected Minor Injury'
MONTGOMERY,44368,8.833,County,Pedestrian,'Single Vehicle',Clear,Dry,Daylight,'TRAFFIC SIGNAL','None Detected','None Detected','Cross/Enter at Intersection',None,'ON ROADWAY AT CROSSWALK',Yes,None,0.549439,0.966717,'Suspected Minor Injury'
MONTGOMERY,42052,18.233,County,Pedestrian,'Single Vehicle',Snow,Dry,'Dark - Lighted','NO CONTROLS','None Detected','None Detected','Cross/Enter at Intersection',None,'ON ROADWAY AT CROSSWALK',No,None,0.472145,0.914456,'Suspected Minor Injury'
MONTGOMERY,44502,20.25,'Maryland (State)',Pedestrian,'Single Vehicle',Rain,Wet,'Dark - Lighted','TRAFFIC SIGNAL','None Detected','None Detected','Cross/Enter at Intersection',None,'ON ROADWAY AT CROSSWALK',No,None,0.511205,0.962881,'Possible Injury'
MONTGOMERY,43770,16.233,County,Bicyclist,'Single Vehicle',Clear,Dry,Daylight,'NO CONTROLS','None Detected','None Detected','Cross/Enter at Intersection','FAILURE TO YIELD RIGHT OF WAY','ON ROADWAY NOT AT CROSSWALK',Yes,None,0.789658,0.838306,'Suspected Serious Injury'
MONTGOMERY,42279,6.8,County,Pedestrian,'Single Vehicle',Rain,Dry,'Dark - Lighted','NO CONTROLS','None Detected','None Detected','Cross/Enter at Intersection',None,'ON ROADWAY AT CROSSWALK',No,None,0.656115,0.886216,'Possible Injury'
MONTGOMERY,42112,14.45,County,Pedestrian,'Single Vehicle',Clear,Dry,Daylight,'NO CONTROLS','None Detected','None Detected',Playing,None,'ON ROADWAY AT CROSSWALK',No,None,0.697427,0.871669,'Suspected Minor Injury'
MONTGOMERY,43666,10.083,County,Pedestrian,'Single Vehicle',Clear,Dry,Daylight,'NO CONTROLS','None Detected','None Detected','Cross/Enter at Intersection',None,'ON ROADWAY AT CROSSWALK',No,None,0.545205,0.91118,'Fatal Injury'
MONTGOMERY,44378,21.1,'Maryland (State)',Pedestrian,'Single Vehicle',Rain,Wet,'Dark - Lighted','TRAFFIC SIGNAL','None Detected','None Detected','Cross/Enter Not at Intersection',Dart/Dash,'OUTSIDE RIGHT OF WAY',Yes,None,0.554567,0.938297,'Possible Injury'
MONTGOMERY,42327,14.783,County,Pedestrian,'Single Vehicle',Rain,Wet,Daylight,'STOP SIGN','None Detected','None Detected','Cross/Enter at Intersection','IN ROADWAY IMPROPERLY','ON ROADWAY NOT AT CROSSWALK',Yes,None,0.630236,0.927181,'Suspected Minor Injury'
ROCKVILLE,45491,10.767,'Maryland (State)',Pedestrian,'Single Vehicle',Clear,Dry,Daylight,'NO CONTROLS','None Detected','None Detected','Cross/Enter Not at Intersection','FAILURE TO YIELD RIGHT OF WAY',MEDIAN,Yes,None,0.597834,0.908751,'Suspected Minor Injury'
MONTGOMERY,43012,9.05,County,Pedestrian,'Single Vehicle',Clear,Dry,Daylight,'STOP SIGN','None Detected','None Detected','Cross/Enter at Intersection',None,'ON ROADWAY AT CROSSWALK',No,None,0.605573,0.865284,'Possible Injury'
MONTGOMERY,43013,10.4,County,Pedestrian,'Single Vehicle',Clear,Dry,Daylight,'NO CONTROLS','None Detected','MEDICATION PRESENT','Cross/Enter at Intersection',Dart/Dash,'ON ROADWAY NOT AT CROSSWALK',Yes,None,0.72478,0.878086,'Suspected Minor Injury'
MONTGOMERY,42062,6.05,County,Pedestrian,'Single Vehicle',Clear,Dry,'Dark - Lighted','NO CONTROLS','None Detected','None Detected',' Working',None,SIDEWALK,No,None,0.695571,0.888635,'Suspected Minor Injury'
MONTGOMERY,44783,10.017,County,Pedestrian,'Single Vehicle',Clear,Dry,Daylight,'TRAFFIC SIGNAL','None Detected','None Detected','Cross/Enter at Intersection',None,'ON ROADWAY AT CROSSWALK',No,None,0.738229,0.852804,'Possible Injury'
MONTGOMERY,42258,9.233,County,Pedestrian,'Single Vehicle',Clear,Dry,Daylight,'NO CONTROLS','None Detected','None Detected','Cross/Enter at Intersection',None,'ON ROADWAY AT CROSSWALK',No,None,0.520695,0.943183,'Suspected Minor Injury'
GAITHERSBURG,44309,21.833,County,Pedestrian,'Single Vehicle',Clear,Dry,Daylight,'NO CONTROLS','None Detected','ALCOHOL PRESENT','Cross/Enter Not at Intersection','IN ROADWAY IMPROPERLY','ON ROADWAY NOT AT CROSSWALK',Yes,None,0.64198,0.878751,'Suspected Serious Injury'
MONTGOMERY,42300,10.85,County,Pedestrian,'Single Vehicle',Clear,Dry,Daylight,'NO CONTROLS','None Detected','None Detected','Walking/Cycling on Sidewalk',None,SIDEWALK,No,None,0.601786,0.928783,'Suspected Minor Injury'
MONTGOMERY,42350,18.9,County,Bicyclist,'STRAIGHT MOVEMENT ANGLE',Clear,Dry,'Dark - Lighted','TRAFFIC SIGNAL','None Detected','ALCOHOL PRESENT','Cross/Enter at Intersection','IN ROADWAY IMPROPERLY','AT AT INTERSECTION MARKED CROSSWALK',Yes,None,0.622955,0.900552,'Fatal Injury'
MONTGOMERY,43564,12.283,'Maryland (State)',Pedestrian,'Single Vehicle',Clear,Dry,Daylight,'TRAFFIC SIGNAL','None Detected','None Detected','Walking/Riding w/Traffic',None,SIDEWALK,No,None,0.534433,0.954891,'Suspected Minor Injury'
MONTGOMERY,44457,16.85,County,Pedestrian,'Single Vehicle',Clear,Dry,Daylight,'NO CONTROLS','None Detected','None Detected','Walking/Riding w/Traffic',None,SIDEWALK,No,None,0.658548,0.878976,'Suspected Minor Injury'
MONTGOMERY,42395,22.517,County,Pedestrian,'ANGLE MEETS LEFT HEAD ON',Clear,Dry,'Dark - Not Lighted','NO CONTROLS','None Detected','None Detected','Cross/Enter Not at Intersection','NOT VISIBLE','OUTSIDE RIGHT OF WAY',Yes,None,0.579356,0.939483,'Suspected Minor Injury'
MONTGOMERY,44883,8,County,Pedestrian,'Single Vehicle',Clear,Dry,Daylight,'NO CONTROLS','None Detected','None Detected','Walking/Riding against Traffic',Dart/Dash,'ON ROADWAY NOT AT CROSSWALK',Yes,None,0.704161,0.868597,'Possible Injury'
MONTGOMERY,43330,14.95,County,Bicyclist,'Single Vehicle',Clear,Dry,Daylight,'NO CONTROLS','None Detected','None Detected','Walking/Cycling on Sidewalk',None,SIDEWALK,No,None,0.557097,0.96538,'Possible Injury'
MONTGOMERY,45417,14.233,County,Pedestrian,'Single Vehicle',Clear,Dry,Daylight,'NO CONTROLS','None Detected','None Detected','Cross/Enter at Intersection',Inattentive,SHOULDER,Yes,None,0.500288,0.95016,'Suspected Minor Injury'
MONTGOMERY,42700,14.967,'Maryland (State)',Pedestrian,'Single Vehicle',Clear,Dry,Daylight,'TRAFFIC SIGNAL','None Detected','None Detected','Cross/Enter at Intersection',None,'AT AT INTERSECTION MARKED CROSSWALK',No,None,0.535638,0.941018,'Suspected Minor Injury'
MONTGOMERY,44518,7.367,County,Pedestrian,'Single Vehicle',Clear,Dry,Daylight,'NO CONTROLS','None Detected','None Detected','Cross/Enter at Intersection',None,'ON ROADWAY AT CROSSWALK',No,None,0.687654,0.936051,'No Apparent Injury'
MONTGOMERY,45540,8,'Maryland (State)',Pedestrian,'Single Vehicle',Clear,Dry,Daylight,'TRAFFIC SIGNAL','None Detected','None Detected','Cross/Enter at Intersection',None,'AT AT INTERSECTION MARKED CROSSWALK',No,None,0.621365,0.941192,'Suspected Minor Injury'
MONTGOMERY,44753,17.75,County,Pedestrian,'Single Vehicle',Clear,Dry,Daylight,'NO CONTROLS','None Detected','None Detected',' Working',None,'ON ROADWAY AT CROSSWALK',No,None,0.636737,0.993618,'Possible Injury'
MONTGOMERY,42241,20.867,'Maryland (State)',Pedestrian,'Single Vehicle',Clear,Dry,'Dark - Lighted','TRAFFIC SIGNAL','None Detected','None Detected','Cross/Enter at Intersection',None,'ON ROADWAY AT CROSSWALK',No,None,0.549477,0.950251,'Possible Injury'
MONTGOMERY,42289,20.25,'Maryland (State)',Pedestrian,'STRAIGHT MOVEMENT ANGLE',Clear,Dry,'Dark - Lighted','TRAFFIC SIGNAL','None Detected','None Detected','Cross/Enter at Intersection',None,'ON ROADWAY NOT AT CROSSWALK',No,None,0.645637,0.886381,'Suspected Minor Injury'
MONTGOMERY,44222,18.167,County,Pedestrian,'Single Vehicle',Rain,Wet,'Dark - Lighted','NO CONTROLS','None Detected','None Detected','Cross/Enter at Intersection',None,SHOULDER,No,None,0.560148,0.930314,'Possible Injury'
TAKOMA,42680,16.667,County,Pedestrian,'Single Vehicle',Clear,Dry,Daylight,'NO CONTROLS','None Detected','None Detected','Cross/Enter at Intersection',None,'ON ROADWAY AT CROSSWALK',No,None,0.497872,0.960267,'Suspected Serious Injury'
MONTGOMERY,42381,17.9,Municipality,Bicyclist,'STRAIGHT MOVEMENT ANGLE',Cloudy,Dry,'Dark - Lighted','TRAFFIC SIGNAL','None Detected','None Detected','Walking/Riding w/Traffic',None,'ON ROADWAY NOT AT CROSSWALK',No,Yes,0.591003,0.885659,'Suspected Minor Injury'
MONTGOMERY,44057,13.483,'Maryland (State)',Pedestrian,'Single Vehicle',Clear,Dry,Daylight,'TRAFFIC SIGNAL','None Detected','ALCOHOL PRESENT','Cross/Enter at Intersection','NOT VISIBLE','ON ROADWAY NOT AT CROSSWALK',Yes,None,0.691923,0.839247,'Possible Injury'
MONTGOMERY,43030,9.583,County,Bicyclist,'HEAD ON LEFT TURN',Clear,Dry,Daylight,'TRAFFIC SIGNAL','None Detected','None Detected','Cross/Enter at Intersection',None,'ON ROADWAY NOT AT CROSSWALK',No,Yes,0.447584,0.909113,'Suspected Minor Injury'
MONTGOMERY,42243,16.067,'Maryland (State)',Bicyclist,'Single Vehicle',Clear,Dry,Daylight,'NO CONTROLS','None Detected','None Detected','Walking/Riding w/Traffic',None,'ON ROADWAY NOT AT CROSSWALK',No,None,0.841571,0.870368,'Suspected Serious Injury'
MONTGOMERY,42830,14,County,Pedestrian,'Single Vehicle',Clear,Dry,Daylight,'NO CONTROLS','None Detected','None Detected','Cross/Enter at Intersection',None,'ON ROADWAY AT CROSSWALK',Yes,None,0.738524,0.849909,'Possible Injury'
MONTGOMERY,43440,9.167,County,Pedestrian,'STRAIGHT MOVEMENT ANGLE',Cloudy,Dry,Daylight,'NO CONTROLS','None Detected','None Detected','Cross/Enter Not at Intersection',Dart/Dash,'ON ROADWAY NOT AT CROSSWALK',Yes,None,0.596928,0.91989,'Possible Injury'
MONTGOMERY,43437,11.15,'Maryland (State)',Pedestrian,'Single Vehicle',Clear,Dry,Daylight,'NO CONTROLS','None Detected','None Detected','Cross/Enter Not at Intersection','IN ROADWAY IMPROPERLY','ON ROADWAY NOT AT CROSSWALK',Yes,None,0.681212,0.864893,'Possible Injury'
MONTGOMERY,44050,16.367,County,Pedestrian,'Single Vehicle',Clear,Dry,Daylight,'NO CONTROLS','None Detected','None Detected','Walking/Cycling on Sidewalk',None,SIDEWALK,No,None,0.56675,0.91696,'Suspected Minor Injury'
MONTGOMERY,42254,17.483,'Maryland (State)',Bicyclist,'STRAIGHT MOVEMENT ANGLE',Clear,Dry,Daylight,'NO CONTROLS','None Detected','None Detected','Cross/Enter at Intersection',None,'AT INTERSECTION BUT NO CROSSWALK',No,None,0.557584,0.941151,'Suspected Minor Injury'
MONTGOMERY,42113,11.833,Government,Bicyclist,'SAME DIRECTION SIDESWIPE',Clear,Dry,Daylight,'NO CONTROLS','None Detected','None Detected','Walking/Riding w/Traffic',None,'ON ROADWAY NOT AT CROSSWALK',No,Yes,0.520766,0.924468,'No Apparent Injury'
MONTGOMERY,42647,6.833,'Maryland (State)',Pedestrian,'Single Vehicle',Clear,Dry,Dawn,'NO CONTROLS','None Detected','None Detected','Cross/Enter at Intersection',None,'ON ROADWAY AT CROSSWALK',No,None,0.512582,0.96637,'Suspected Minor Injury'
MONTGOMERY,45325,20.217,County,Pedestrian,'Single Vehicle',Cloudy,Dry,'Dark - Lighted','YIELD SIGN','None Detected','None Detected','Cross/Enter at Intersection','FAILURE TO YIELD RIGHT OF WAY','AT AT INTERSECTION MARKED CROSSWALK',No,None,0.720823,0.832952,'Possible Injury'
MONTGOMERY,42486,12.817,'Maryland (State)',Pedestrian,'Single Vehicle',Clear,Dry,Daylight,'NO CONTROLS','None Detected','None Detected','Cross/Enter at Intersection',None,'INSIDE BUILDING',Yes,None,0.520263,0.943083,'No Apparent Injury'
MONTGOMERY,42363,16.933,County,Pedestrian,'Single Vehicle',Rain,Wet,'Dark - Lighted','NO CONTROLS','None Detected','None Detected','Cross/Enter Not at Intersection','IN ROADWAY IMPROPERLY','ON ROADWAY NOT AT CROSSWALK',Yes,None,0.615765,0.870749,'No Apparent Injury'
MONTGOMERY,44369,14.383,County,Pedestrian,'Single Vehicle',Clear,Dry,Daylight,'TRAFFIC SIGNAL','None Detected','None Detected','Cross/Enter at Intersection',None,'ON ROADWAY AT CROSSWALK',No,None,0.506638,0.946628,'Possible Injury'
ROCKVILLE,43767,22.65,County,Pedestrian,'Single Vehicle',Clear,Dry,'Dark - Lighted','NO CONTROLS','None Detected','None Detected','Cross/Enter at Intersection',None,'ON ROADWAY AT CROSSWALK',No,None,0.596201,0.900232,'No Apparent Injury'
MONTGOMERY,42967,12.1,County,Pedestrian,'Single Vehicle',Clear,Dry,Daylight,'NO CONTROLS','None Detected','None Detected',Playing,'IN ROADWAY IMPROPERLY','ON ROADWAY NOT AT CROSSWALK',Yes,None,0.57489,0.922083,'Suspected Minor Injury'
MONTGOMERY,43046,19.2,'Maryland (State)',Pedestrian,'Single Vehicle',Rain,Wet,'Dark - Lighted','STOP SIGN','None Detected','None Detected','Cross/Enter at Intersection',None,'ON ROADWAY AT CROSSWALK',No,None,0.489616,0.92923,'Suspected Minor Injury'
MONTGOMERY,42164,7.633,County,Pedestrian,'Single Vehicle',Clear,Dry,Daylight,'STOP SIGN','None Detected','None Detected','Cross/Enter at Intersection',None,SIDEWALK,No,None,0.608041,0.921092,'No Apparent Injury'
MONTGOMERY,43380,14.917,County,Bicyclist,'Single Vehicle',Clear,Dry,Daylight,'NO CONTROLS','None Detected','None Detected',Hitchhiking,None,'AT INTERSECTION BUT NO CROSSWALK',No,Yes,0.559972,0.884499,'No Apparent Injury'
MONTGOMERY,43511,16.933,County,Bicyclist,'Single Vehicle',Clear,Dry,Daylight,'NO CONTROLS','None Detected','None Detected','Cross/Enter at Intersection',None,'ON ROADWAY NOT AT CROSSWALK',No,None,0.699439,0.837771,'Suspected Minor Injury'
MONTGOMERY,42803,13.6,County,Bicyclist,'SAME DIR REAR END',Clear,Dry,Daylight,'NO CONTROLS','None Detected','None Detected','Walking/Riding w/Traffic',None,SHOULDER,No,None,0.590784,0.88966,'Possible Injury'
ROCKVILLE,43645,19,Municipality,Bicyclist,'Single Vehicle',Cloudy,Dry,Daylight,'NO CONTROLS','None Detected','None Detected','Walking/Cycling on Sidewalk',None,SIDEWALK,No,None,0.609796,0.899926,'Suspected Minor Injury'
MONTGOMERY,45544,12.233,'Maryland (State)',Bicyclist,'STRAIGHT MOVEMENT ANGLE',Clear,Dry,Daylight,'STOP SIGN','None Detected','None Detected','Walking/Cycling on Sidewalk',None,SIDEWALK,No,Yes,0.502575,0.926826,'Suspected Minor Injury'
MONTGOMERY,43348,7.917,County,Bicyclist,'Single Vehicle',Clear,Dry,Daylight,'TRAFFIC SIGNAL','None Detected','None Detected','Cross/Enter at Intersection','FAILURE TO OBEY TRAFFIC SIGNS SIGNALS OR OFFICER','AT AT INTERSECTION MARKED CROSSWALK',Yes,None,0.659218,0.886987,'Suspected Minor Injury'
TAKOMA,42911,14.917,County,Pedestrian,'Single Vehicle',Clear,Dry,Daylight,'NO CONTROLS','None Detected','None Detected','Cross/Enter at Intersection',None,'ON ROADWAY AT CROSSWALK',No,None,0.494539,0.965991,'Suspected Minor Injury'
MONTGOMERY,42030,14.883,County,Pedestrian,'Single Vehicle',Snow,Snow,Daylight,'NO CONTROLS','None Detected','None Detected','Walking/Riding against Traffic',None,'ON ROADWAY NOT AT CROSSWALK',No,None,0.587474,0.962217,'Possible Injury'
MONTGOMERY,43430,8.117,County,Pedestrian,'HEAD ON LEFT TURN',Rain,Wet,Daylight,'TRAFFIC SIGNAL','None Detected','None Detected','Cross/Enter at Intersection',Dart/Dash,'ON ROADWAY AT CROSSWALK',No,None,0.467473,0.92151,'Suspected Minor Injury'
MONTGOMERY,43558,20,'Maryland (State)',Pedestrian,'Single Vehicle',Clear,Dry,'Dark - Lighted','TRAFFIC SIGNAL','None Detected','None Detected','Cross/Enter at Intersection',None,'AT AT INTERSECTION MARKED CROSSWALK',No,None,0.488485,0.920085,'Suspected Serious Injury'
MONTGOMERY,43413,18.733,County,Pedestrian,'Single Vehicle',Rain,Wet,'Dark - Lighted','TRAFFIC SIGNAL','None Detected','None Detected','Cross/Enter at Intersection',None,'ON ROADWAY AT CROSSWALK',No,None,0.564384,0.909241,'Suspected Minor Injury'
GAITHERSBURG,44742,12.55,County,Pedestrian,'Single Vehicle',Clear,Dry,Daylight,'NO CONTROLS','None Detected','None Detected',Standing,None,'ON ROADWAY AT CROSSWALK',No,None,0.689697,0.866627,'Possible Injury'
MONTGOMERY,42299,17.95,County,Bicyclist,'STRAIGHT MOVEMENT ANGLE',Rain,Wet,Daylight,'NO CONTROLS','None Detected','None Detected','Cross/Enter at Intersection','FAILURE TO YIELD RIGHT OF WAY',SIDEWALK,Yes,None,0.685894,0.933889,'No Apparent Injury'
MONTGOMERY,42856,16.217,County,Bicyclist,'Single Vehicle',Cloudy,Dry,Daylight,'NO CONTROLS','None Detected','None Detected','Walking/Riding w/Traffic',None,'ON ROADWAY AT CROSSWALK',No,Yes,0.58102,0.920322,'No Apparent Injury'
MONTGOMERY,45324,20.967,'Maryland (State)',Bicyclist,'Single Vehicle',Clear,Dry,'Dark - Lighted','TRAFFIC SIGNAL','None Detected','None Detected','Walking/Riding w/Traffic',None,'ON ROADWAY AT CROSSWALK',No,Yes,0.484845,0.92061,'Suspected Minor Injury'
GAITHERSBURG,45303,0.083,County,Pedestrian,'Single Vehicle',Rain,Dry,'Dark - Not Lighted','NO CONTROLS','None Detected','None Detected',Standing,Inattentive,CURB,Yes,None,0.697949,0.862084,'Suspected Minor Injury'
TAKOMA,42911,14.917,County,Pedestrian,'Single Vehicle',Clear,Dry,Daylight,'NO CONTROLS','None Detected','None Detected','Cross/Enter at Intersection',None,'ON ROADWAY AT CROSSWALK',Yes,None,0.494539,0.965991,'No Apparent Injury'
MONTGOMERY,42663,20.983,County,Pedestrian,'Single Vehicle',Clear,Dry,'Dark - Lighted','NO CONTROLS','None Detected','None Detected','Cross/Enter Not at Intersection',None,'ON ROADWAY NOT AT CROSSWALK',No,None,0.729883,0.8553,'Possible Injury'
MONTGOMERY,44442,14.5,County,Pedestrian,'Single Vehicle',Clear,Dry,Daylight,'NO CONTROLS','None Detected','None Detected',Standing,None,'ON ROADWAY AT CROSSWALK',No,None,0.559232,0.891171,'Possible Injury'
MONTGOMERY,42788,23.2,'Maryland (State)',Bicyclist,'SAME DIR REAR END',Clear,Dry,'Dark - Lighted','NO CONTROLS','ALCOHOL PRESENT','None Detected','Walking/Riding w/Traffic',None,'ON ROADWAY AT CROSSWALK',No,Yes,0.596192,0.931078,'Suspected Minor Injury'