'Agency Name','Days after Jan 1','Hours past Midnight','Route Type','Related Non-Motorist','Collision Type',Weather,'Surface Condition',Light,'Traffic Control','Driver Substance Abuse','Non-Motorist Substance Abuse','Pedestrian Movement','Pedestrian Actions','Pedestrian Location','At Fault','Safety Equipment','Lat- Normalized','Long- Normalized','Injury Severity'
MONTGOMERY,44222,17.283,County,Pedestrian,'Single Vehicle',Rain,Wet,Dusk,'NO CONTROLS','None Detected','None Detected','Cross/Enter at Intersection',None,'ON ROADWAY AT CROSSWALK',No,None,0.468472,0.919598,'Possible Injury'
MONTGOMERY,44111,13,County,Bicyclist,'Single Vehicle',Clear,Dry,Daylight,'STOP SIGN','None Detected','None Detected','Cross/Enter at Intersection',None,'ON ROADWAY AT CROSSWALK',No,None,0.723804,0.855292,'Suspected Minor Injury'
MONTGOMERY,43818,12.917,County,Pedestrian,'HEAD ON LEFT TURN',Clear,Dry,Daylight,'TRAFFIC SIGNAL','None Detected','None Detected','Cross/Enter at Intersection',None,'ON ROADWAY AT CROSSWALK',No,None,0.509247,0.948009,'Suspected Minor Injury'
MONTGOMERY,42983,19.5,'Maryland (State)',Pedestrian,'Single Vehicle',Rain,Wet,'Dark - Lighted','NO CONTROLS','None Detected','None Detected','Cross/Enter at Intersection',Dart/Dash,'AT INTERSECTION BUT NO CROSSWALK',Yes,None,0.611521,0.925608,'Suspected Serious Injury'
TAKOMA,43149,16.15,'Maryland (State)',Pedestrian,'Single Vehicle',Clear,Dry,Daylight,'TRAFFIC SIGNAL','None Detected','None Detected','Cross/Enter at Intersection',None,'ON ROADWAY AT CROSSWALK',No,None,0.494773,0.965887,'Possible Injury'
MONTGOMERY,42439,23.05,' Public Roadway',' CONVEYANCE','Single Vehicle',Clear,Dry,'Dark - Lighted','NO CONTROLS','ALCOHOL CONTRIBUTED','None Detected','Cross/Enter at Intersection',None,'AT INTERSECTION BUT NO CROSSWALK',No,None,0.77518,0.851446,'Possible Injury'
MONTGOMERY,44804,15.017,'Maryland (State)',Pedestrian,'Single Vehicle',Clear,Dry,Daylight,'NO CONTROLS','None Detected','None Detected','Cross/Enter Not at Intersection',None,'ON ROADWAY AT CROSSWALK',No,None,0.470422,0.92202,'Possible Injury'
MONTGOMERY,42585,13.883,'Maryland (State)',Pedestrian,'Single Vehicle',Clear,Dry,Daylight,PERSON,'None Detected','None Detected',Standing,None,'ON ROADWAY AT CROSSWALK',No,None,0.504412,0.963887,'No Apparent Injury'
MONTGOMERY,44041,13.667,County,Bicyclist,'STRAIGHT MOVEMENT ANGLE',Clear,Dry,Daylight,'TRAFFIC SIGNAL','None Detected','None Detected','Cross/Enter at Intersection',None,'ON ROADWAY AT CROSSWALK',No,None,0.604625,0.984252,'No Apparent Injury'
MONTGOMERY,44523,8.933,County,Pedestrian,'Single Vehicle',Clear,Dry,Daylight,'NO CONTROLS','None Detected','None Detected','Walking/Cycling on Sidewalk',None,SIDEWALK,No,None,0.53734,0.904194,'Possible Injury'
MONTGOMERY,43846,18.55,'Maryland (State)',Pedestrian,'Single Vehicle','SEVERE WINDS',Dry,'Dark - Lighted','NO CONTROLS','None Detected','None Detected','Cross/Enter Not at Intersection','FAILURE TO YIELD RIGHT OF WAY','ON ROADWAY NOT AT CROSSWALK',Yes,None,0.600451,0.898658,'Fatal Injury'
MONTGOMERY,42853,2.267,County,Pedestrian,'SAME DIRECTION SIDESWIPE',Clear,Dry,'Dark - Lighted','NO CONTROLS','None Detected','ALCOHOL PRESENT',Standing,None,CURB,No,None,0.557963,0.938495,'Suspected Minor Injury'
MONTGOMERY,42739,15.417,'Maryland (State)',Pedestrian,'Single Vehicle',Clear,Dry,Daylight,'TRAFFIC SIGNAL','None Detected','None Detected','Cross/Enter at Intersection',None,'ON ROADWAY AT CROSSWALK',No,None,0.666588,0.876074,'Suspected Minor Injury'
MONTGOMERY,43363,7.967,County,Pedestrian,'Single Vehicle',Cloudy,Dry,Daylight,'NO CONTROLS','None Detected','None Detected','Cross/Enter at Intersection',None,'INSIDE BUILDING',No,None,0.726593,0.857908,'No Apparent Injury'
MONTGOMERY,44728,21.417,County,Pedestrian,'Single Vehicle',Clear,Dry,'Dark - Lighted','NO CONTROLS','None Detected','None Detected','Cross/Enter at Intersection','FAILURE TO YIELD RIGHT OF WAY','ON ROADWAY AT CROSSWALK',No,None,0.564641,0.916956,'Suspected Minor Injury'
MONTGOMERY,44472,17.55,County,Pedestrian,'Single Vehicle',Clear,Dry,Daylight,'NO CONTROLS','None Detected','None Detected','Cross/Enter at Intersection',None,'DRIVEWAY ACCESS MARKED CROSSWALK',No,None,0.68652,0.932335,'Possible Injury'
MONTGOMERY,44571,18.383,County,Pedestrian,'Single Vehicle',Clear,Dry,'Dark - Lighted','NO CONTROLS','None Detected','None Detected','Cross/Enter at Intersection',None,'OUTSIDE RIGHT OF WAY',Yes,None,0.696571,0.870714,'No Apparent Injury'
GAITHERSBURG,44301,20.467,'Maryland (State)',Pedestrian,'Single Vehicle',Clear,Dry,'Dark - Not Lighted','TRAFFIC SIGNAL','None Detected','ALCOHOL CONTRIBUTED','Walking/Riding against Traffic','IN ROADWAY IMPROPERLY','ON ROADWAY NOT AT CROSSWALK',Yes,None,0.662799,0.877376,'Suspected Minor Injury'
MONTGOMERY,45477,16,Municipality,Bicyclist,'ANGLE MEETS RIGHT TURN',Clear,Dry,Daylight,'TRAFFIC SIGNAL','None Detected','None Detected','Cross/Enter at Intersection',None,'ON ROADWAY AT CROSSWALK',No,None,0.578475,0.908303,'Possible Injury'
MONTGOMERY,42289,13.8,Municipality,Pedestrian,'Single Vehicle',Clear,Dry,Daylight,'TRAFFIC SIGNAL','None Detected','None Detected','Cross/Enter at Intersection',None,'ON ROADWAY AT CROSSWALK',No,None,0.639015,0.875838,'Suspected Serious Injury'
MONTGOMERY,43321,14.25,'Maryland (State)',Pedestrian,'Single Vehicle',Clear,Dry,Daylight,'NO CONTROLS','None Detected','None Detected','Cross/Enter Not at Intersection','IN ROADWAY IMPROPERLY','ON ROADWAY NOT AT CROSSWALK',Yes,None,0.510041,0.946893,'Possible Injury'
MONTGOMERY,45488,11.367,'Maryland (State)',Pedestrian,'Single Vehicle',Clear,Dry,Daylight,'NO CONTROLS','None Detected','None Detected','Cross/Enter Not at Intersection',None,SIDEWALK,No,None,0.579273,0.938512,'Possible Injury'
GAITHERSBURG,42915,18.25,County,Bicyclist,'Single Vehicle',Clear,Dry,Daylight,'NO CONTROLS','None Detected','None Detected','Cross/Enter at Intersection','IN ROADWAY IMPROPERLY','OUTSIDE RIGHT OF WAY',Yes,None,0.699062,0.862477,'Suspected Minor Injury'
MONTGOMERY,44887,13.117,County,Pedestrian,'Single Vehicle',Clear,Dry,Daylight,'NO CONTROLS','None Detected','None Detected','Cross/Enter at Intersection',Dart/Dash,'AT INTERSECTION BUT NO CROSSWALK',Yes,None,0.626376,0.986412,'No Apparent Injury'
MONTGOMERY,42703,7.55,County,Pedestrian,'Single Vehicle',Rain,Wet,Dawn,'TRAFFIC SIGNAL','None Detected','None Detected','Cross/Enter at Intersection',None,'AT AT INTERSECTION MARKED CROSSWALK',No,None,0.557628,0.890684,'Possible Injury'
GAITHERSBURG,42437,19.25,County,Pedestrian,'SAME DIRECTION SIDESWIPE',Clear,Dry,'Dark - Lighted','TRAFFIC SIGNAL','None Detected','ALCOHOL PRESENT','Cross/Enter at Intersection',None,CURB,Yes,None,0.656413,0.868111,'Possible Injury'
MONTGOMERY,42202,21.317,'Maryland (State)',Pedestrian,'Single Vehicle',Clear,Dry,'Dark - Lighted','TRAFFIC SIGNAL','None Detected','ALCOHOL PRESENT','Cross/Enter at Intersection','FAILURE TO YIELD RIGHT OF WAY','AT AT INTERSECTION MARKED CROSSWALK',Yes,None,0.571815,0.938667,'Possible Injury'
MONTGOMERY,45557,17,'Maryland (State)',Pedestrian,'Single Vehicle',Clear,Dry,Daylight,'NO CONTROLS','None Detected','None Detected','Cross/Enter Not at Intersection',Dart/Dash,'ON ROADWAY NOT AT CROSSWALK',Yes,None,0.503822,0.912859,'Possible Injury'
MONTGOMERY,43687,21.733,'Maryland (State)',Pedestrian,'Single Vehicle',Clear,Dry,'Dark - Lighted','TRAFFIC SIGNAL','None Detected','ALCOHOL PRESENT','Cross/Enter at Intersection',Inattentive,'ON ROADWAY AT CROSSWALK',Yes,None,0.547679,0.93944,'Suspected Serious Injury'
MONTGOMERY,43112,7.5,County,Pedestrian,'Single Vehicle',Rain,Wet,'Dark - Lighted','TRAFFIC SIGNAL','None Detected','None Detected','Cross/Enter at Intersection',None,'AT AT INTERSECTION MARKED CROSSWALK',No,None,0.713705,0.844187,'Possible Injury'
'Maryland-National Capital',43532,18.317,'Maryland (State)',Pedestrian,'Single Vehicle',Snow,Wet,'Dark - Lighted','TRAFFIC SIGNAL','None Detected','None Detected','Cross/Enter at Intersection',None,'ON ROADWAY AT CROSSWALK',No,None,0.488305,0.920142,'Suspected Minor Injury'
TAKOMA,43701,20.5,Municipality,Pedestrian,'Single Vehicle',Clear,Dry,'Dark - Lighted','STOP SIGN','None Detected','None Detected','Getting off/on Vehicle','ENTERING EXITING PARKED STANDING VEHICLE','AT INTERSECTION BUT NO CROSSWALK',No,None,0.499121,0.96425,'Suspected Minor Injury'
MONTGOMERY,44814,17.617,'Maryland (State)',Pedestrian,'Single Vehicle',Cloudy,Dry,Daylight,'TRAFFIC SIGNAL','None Detected','None Detected','Cross/Enter at Intersection','NOT VISIBLE','ON ROADWAY NOT AT CROSSWALK',Yes,None,0.536711,0.970349,'Suspected Minor Injury'
MONTGOMERY,43112,20.583,'Maryland (State)',Pedestrian,'Single Vehicle',Rain,Wet,'Dark - Lighted','NO CONTROLS','None Detected','None Detected','Cross/Enter at Intersection',None,'AT AT INTERSECTION MARKED CROSSWALK',No,None,0.501902,0.947213,'Possible Injury'
MONTGOMERY,42344,12.5,'Maryland (State)',Pedestrian,'Single Vehicle',Clear,Dry,Daylight,'TRAFFIC SIGNAL','None Detected','None Detected','Cross/Enter at Intersection',None,'AT AT INTERSECTION MARKED CROSSWALK',No,None,0.484572,0.920769,'Possible Injury'
MONTGOMERY,45461,18.783,County,Bicyclist,'SAME DIRECTION SIDESWIPE',Clear,Dry,Daylight,'NO CONTROLS','None Detected','None Detected','Cross/Enter Not at Intersection','IN ROADWAY IMPROPERLY','OUTSIDE RIGHT OF WAY',Yes,None,0.615481,0.927205,'No Apparent Injury'
MONTGOMERY,44182,16.533,'Maryland (State)','MACHINE OPERATOR/RIDER','SAME DIR REAR END',Clear,Wet,Daylight,'TRAFFIC SIGNAL','None Detected','None Detected','Cross/Enter at Intersection',None,'ON ROADWAY NOT AT CROSSWALK',No,None,0.502068,0.956335,'Possible Injury'
MONTGOMERY,44651,6.233,County,Pedestrian,'Single Vehicle',Clear,Dry,'Dark - Lighted','TRAFFIC SIGNAL','None Detected','None Detected','Cross/Enter at Intersection',None,'AT AT INTERSECTION MARKED CROSSWALK',No,None,0.599943,0.929608,'Possible Injury'
MONTGOMERY,42216,9.65,'US (State)',Bicyclist,'STRAIGHT MOVEMENT ANGLE',Clear,Dry,Daylight,'YIELD SIGN','None Detected','None Detected','Cross/Enter at Intersection',None,'ON ROADWAY AT CROSSWALK',No,Yes,0.526545,0.95335,'Possible Injury'
MONTGOMERY,45410,20.483,County,Pedestrian,'Single Vehicle',Rain,Wet,'Dark - Lighted','TRAFFIC SIGNAL','None Detected','None Detected','Cross/Enter at Intersection',None,'ON ROADWAY AT CROSSWALK',No,None,0.556569,0.964714,'Possible Injury'
ROCKVILLE,43102,19.383,' Public Roadway',Pedestrian,'Single Vehicle',Clear,Dry,'Dark - Lighted','NO CONTROLS','None Detected','None Detected','Cross/Enter at Intersection',Dart/Dash,'ON ROADWAY NOT AT CROSSWALK',Yes,None,0.64037,0.888271,'Possible Injury'
MONTGOMERY,43502,18.75,County,Pedestrian,'Single Vehicle',Rain,Wet,'Dark - Lighted','TRAFFIC SIGNAL','None Detected','None Detected','Cross/Enter at Intersection',None,'AT AT INTERSECTION MARKED CROSSWALK',No,None,0.607068,0.926511,'Suspected Minor Injury'
MONTGOMERY,45410,7.417,County,Pedestrian,'Single Vehicle',Rain,Wet,Daylight,'NO CONTROLS','None Detected','None Detected','Walking to/from school',Inattentive,'ON ROADWAY NOT AT CROSSWALK',No,None,0.559917,0.884588,'Possible Injury'
MONTGOMERY,42900,13.117,County,Pedestrian,'Single Vehicle',Clear,Dry,Daylight,'NO CONTROLS','None Detected','None Detected','Cross/Enter at Intersection',None,'ON ROADWAY AT CROSSWALK',No,None,0.631399,0.87628,'Suspected Minor Injury'
MONTGOMERY,45401,18.5,County,Pedestrian,'Single Vehicle',Clear,Dry,Daylight,'NO CONTROLS','None Detected','None Detected',Playing,Dart/Dash,'ON ROADWAY NOT AT CROSSWALK',No,None,0.584135,0.984867,'Suspected Minor Injury'
MONTGOMERY,45546,14.867,County,Pedestrian,'Single Vehicle',Clear,Dry,Daylight,'NO CONTROLS','None Detected','None Detected',' Working',None,MEDIAN,No,None,0.542898,0.896804,'Suspected Minor Injury'
MONTGOMERY,42678,8.333,County,Pedestrian,'Single Vehicle',Clear,Dry,Daylight,'TRAFFIC SIGNAL','None Detected','None Detected','Cross/Enter at Intersection',None,'AT AT INTERSECTION MARKED CROSSWALK',No,None,0.57295,0.919215,'Possible Injury'
MONTGOMERY,42718,13.45,County,Pedestrian,'Single Vehicle',Clear,Dry,Daylight,'NO CONTROLS','None Detected','None Detected',Playing,'NOT VISIBLE','ON ROADWAY AT CROSSWALK',Yes,None,0.592621,0.935397,'Suspected Minor Injury'
MONTGOMERY,42331,16.617,'Maryland (State)',Pedestrian,'STRAIGHT MOVEMENT ANGLE',Clear,Dry,Daylight,'TRAFFIC SIGNAL','None Detected','None Detected','Cross/Enter at Intersection',Dart/Dash,'AT AT INTERSECTION MARKED CROSSWALK',Yes,None,0.58333,0.928324,'Suspected Minor Injury'
MONTGOMERY,42345,19,County,Pedestrian,'Single Vehicle',Clear,Dry,'Dark - Not Lighted','NO CONTROLS','None Detected','None Detected','Cross/Enter at Intersection',None,'ON ROADWAY AT CROSSWALK',No,None,0.536102,0.955052,'Suspected Minor Injury'
MONTGOMERY,42523,14.567,'Maryland (State)',Bicyclist,'Single Vehicle',Clear,Dry,Daylight,'NO CONTROLS','None Detected','None Detected','Cross/Enter at Intersection',None,'ON ROADWAY NOT AT CROSSWALK',No,None,0.670689,0.874359,'Fatal Injury'
MONTGOMERY,45304,23.25,'Maryland (State)',Pedestrian,'Single Vehicle',Clear,Dry,'Dark - Lighted','TRAFFIC SIGNAL','None Detected','None Detected','Cross/Enter at Intersection',None,'ON ROADWAY AT CROSSWALK',No,None,0.555554,0.938265,'Possible Injury'
MONTGOMERY,42095,18.85,County,Bicyclist,'SAME DIR REAR END',Clear,Dry,Daylight,'NO CONTROLS','None Detected','None Detected','Walking/Riding w/Traffic',None,'ON ROADWAY NOT AT CROSSWALK',No,Yes,0.565148,0.938368,'Suspected Minor Injury'
MONTGOMERY,43477,18.433,County,Pedestrian,'Single Vehicle',Snow,Dry,Daylight,'NO CONTROLS','None Detected','None Detected',Standing,None,'ON ROADWAY AT CROSSWALK',No,None,0.567858,0.969019,'Suspected Minor Injury'
MONTGOMERY,43169,11.833,County,Pedestrian,'Single Vehicle',Clear,Dry,Daylight,'STOP SIGN','None Detected','None Detected','Cross/Enter Not at Intersection',None,'DRIVEWAY ACCESS MARKED CROSSWALK',No,None,0.60506,0.926697,'Suspected Minor Injury'
MONTGOMERY,45455,15.15,County,Pedestrian,'STRAIGHT MOVEMENT ANGLE',Rain,Wet,Daylight,'TRAFFIC SIGNAL','None Detected','None Detected','Cross/Enter at Intersection','FAILURE TO YIELD RIGHT OF WAY','AT AT INTERSECTION MARKED CROSSWALK',Yes,None,0.578043,0.938748,'Possible Injury'
MONTGOMERY,44897,17.633,County,Bicyclist,'Single Vehicle',Clear,Dry,Dawn,'STOP SIGN','None Detected','None Detected','Cross/Enter at Intersection',None,SIDEWALK,No,Yes,0.569095,0.928612,'Possible Injury'
'Maryland-National Capital',43975,14.533,County,Bicyclist,'STRAIGHT MOVEMENT ANGLE',Clear,Dry,Daylight,'TRAFFIC SIGNAL','None Detected','None Detected','Cross/Enter at Intersection','FAILURE TO YIELD RIGHT OF WAY','AT AT INTERSECTION MARKED CROSSWALK',Yes,Yes,0.525232,0.920652,'Suspected Minor Injury'
MONTGOMERY,43217,15.3,'Maryland (State)',Pedestrian,'Single Vehicle',Cloudy,Dry,Daylight,'NO CONTROLS','None Detected','None Detected','Cross/Enter at Intersection',None,'ON ROADWAY NOT AT CROSSWALK',No,None,0.507926,0.962372,'Possible Injury'
MONTGOMERY,44879,19.917,County,Pedestrian,'Single Vehicle',Clear,Dry,'Dark - Lighted','STOP SIGN','None Detected','None Detected','Cross/Enter at Intersection',None,'ON ROADWAY NOT AT CROSSWALK',No,None,0.687402,0.872757,'Suspected Minor Injury'
MONTGOMERY,43490,8,County,Pedestrian,'Single Vehicle',Clear,Dry,Daylight,'FLASHING TRAFFIC SIGNAL','None Detected','None Detected','Cross/Enter Not at Intersection',None,'AT AT INTERSECTION MARKED CROSSWALK',No,None,0.614739,0.938382,'Suspected Minor Injury'
MONTGOMERY,44331,20,County,Bicyclist,'Single Vehicle',Clear,Dry,'Dark - Lighted','TRAFFIC SIGNAL','None Detected','None Detected','Cross/Enter at Intersection',None,'ON ROADWAY AT CROSSWALK',No,None,0.713746,0.841815,'Suspected Minor Injury'
MONTGOMERY,42798,2.45,'US (State)',Pedestrian,'Single Vehicle',Clear,Dry,'Dark - Lighted','FLASHING TRAFFIC SIGNAL','None Detected','None Detected','Cross/Enter at Intersection',None,'ON ROADWAY AT CROSSWALK',No,None,0.508382,0.948776,'Fatal Injury'
MONTGOMERY,43257,14.033,County,Pedestrian,'Single Vehicle',Clear,Dry,Daylight,'NO CONTROLS','None Detected','None Detected','Cross/Enter at Intersection',Inattentive,'ON ROADWAY NOT AT CROSSWALK',Yes,None,0.641302,0.888956,'Possible Injury'
ROCKVILLE,42818,10.383,Municipality,Pedestrian,'Single Vehicle',Rain,Wet,Daylight,'TRAFFIC SIGNAL','None Detected','None Detected','Cross/Enter at Intersection',None,'ON ROADWAY AT CROSSWALK',No,None,0.611099,0.894485,'Suspected Minor Injury'
MONTGOMERY,44035,8.167,County,Pedestrian,'Single Vehicle',Clear,Dry,Daylight,'NO CONTROLS','None Detected','None Detected',' Working',None,'ON ROADWAY AT CROSSWALK',No,None,0.643194,0.878604,'Possible Injury'
MONTGOMERY,43990,8.9,County,Pedestrian,'Single Vehicle',Clear,Dry,Daylight,'TRAFFIC SIGNAL','None Detected','None Detected','Cross/Enter at Intersection',None,'ON ROADWAY AT CROSSWALK',No,None,0.724862,0.840124,'Suspected Minor Injury'
MONTGOMERY,43425,7.167,County,Pedestrian,'HEAD ON',Clear,Dry,Daylight,'NO CONTROLS','None Detected','None Detected',Standing,None,'ON ROADWAY NOT AT CROSSWALK',No,None,0.508161,0.912337,'Suspected Minor Injury'
MONTGOMERY,43635,15.167,County,Pedestrian,'Single Vehicle',Clear,Dry,Daylight,'TRAFFIC SIGNAL','None Detected','None Detected','Cross/Enter at Intersection',None,'ON ROADWAY AT CROSSWALK',No,None,0.563156,0.914557,'Suspected Minor Injury'
MONTGOMERY,42200,18,County,Bicyclist,'Single Vehicle',Clear,Dry,Daylight,'NO CONTROLS','None Detected','None Detected','Walking/Riding w/Traffic',None,'ON ROADWAY NOT AT CROSSWALK',No,Yes,0.573977,0.932233,'Suspected Minor Injury'
MONTGOMERY,42016,10.083,County,Bicyclist,'Single Vehicle',Rain,Wet,Daylight,'STOP SIGN','None Detected','None Detected','Cross/Enter at Intersection',None,'ON ROADWAY AT CROSSWALK',No,None,0.57717,0.926439,'Possible Injury'
MONTGOMERY,43467,6.5,'Maryland (State)',Pedestrian,'HEAD ON LEFT TURN',Clear,Dry,'Dark - Not Lighted','NO CONTROLS','None Detected','None Detected','Cross/Enter at Intersection',Dart/Dash,'ON ROADWAY NOT AT CROSSWALK',Yes,None,0.60501,0.926948,'Possible Injury'
MONTGOMERY,44641,17.8,'Maryland (State)',Pedestrian,'Single Vehicle',Clear,Dry,Daylight,'NO CONTROLS','None Detected','None Detected','Cross/Enter at Intersection',None,'ON ROADWAY AT CROSSWALK',No,None,0.547123,0.905234,'Suspected Minor Injury'
GAITHERSBURG,42749,19.067,County,Pedestrian,'Single Vehicle',Rain,Wet,'Dark - Lighted','NO CONTROLS','None Detected','None Detected','Cross/Enter at Intersection',None,'AT AT INTERSECTION MARKED CROSSWALK',No,None,0.688649,0.872195,'Possible Injury'
MONTGOMERY,43386,12.9,County,Pedestrian,'Single Vehicle',Cloudy,Dry,Daylight,'STOP SIGN','None Detected','None Detected','Cross/Enter at Intersection',None,'AT INTERSECTION BUT NO CROSSWALK',Yes,None,0.687389,0.872729,'No Apparent Injury'
MONTGOMERY,43719,10.333,County,Pedestrian,'Single Vehicle',Clear,Dry,Daylight,'STOP SIGN','None Detected','None Detected','Cross/Enter at Intersection','IN ROADWAY IMPROPERLY','ON ROADWAY NOT AT CROSSWALK',Yes,None,0.64265,0.869571,'Fatal Injury'
MONTGOMERY,42711,10.75,County,Pedestrian,'Single Vehicle',Clear,Dry,Daylight,'TRAFFIC SIGNAL','None Detected','None Detected','Cross/Enter Not at Intersection','IN ROADWAY IMPROPERLY','ON ROADWAY NOT AT CROSSWALK',Yes,None,0.617496,0.925205,'Suspected Minor Injury'
MONTGOMERY,42406,13.55,County,Pedestrian,'Single Vehicle',Clear,Dry,Daylight,'NO CONTROLS','None Detected','None Detected','Cross/Enter Not at Intersection',None,'ON ROADWAY AT CROSSWALK',No,None,0.510514,0.95895,'Suspected Minor Injury'
MONTGOMERY,42072,8.317,County,Pedestrian,'Single Vehicle',Clear,Dry,Daylight,'NO CONTROLS','None Detected','None Detected','Cross/Enter Not at Intersection','IN ROADWAY IMPROPERLY','ON ROADWAY NOT AT CROSSWALK',No,None,0.71945,0.844994,'Possible Injury'
MONTGOMERY,44755,15.117,County,Pedestrian,'Single Vehicle',Clear,Dry,Daylight,'NO CONTROLS','None Detected','None Detected','Walking/Cycling on Sidewalk',None,SIDEWALK,No,None,0.726595,0.88805,'Suspected Serious Injury'
ROCKVILLE,43090,15,Municipality,Pedestrian,'Single Vehicle',Clear,Dry,Daylight,'TRAFFIC SIGNAL','None Detected','None Detected','Cross/Enter at Intersection',None,'ON ROADWAY AT CROSSWALK',No,None,0.612666,0.893204,'Suspected Minor Injury'
MONTGOMERY,43902,19.183,County,Bicyclist,'Single Vehicle',Clear,Dry,'Dark - Lighted','NO CONTROLS','None Detected','None Detected','Walking/Cycling on Sidewalk',None,SIDEWALK,No,None,0.571378,0.938386,'Possible Injury'
MONTGOMERY,44862,14.633,County,Pedestrian,'Single Vehicle',Clear,Dry,Daylight,'NO CONTROLS','None Detected','None Detected','Cross/Enter Not at Intersection',Dart/Dash,'OUTSIDE RIGHT OF WAY',Yes,None,0.565087,0.889518,'Suspected Serious Injury'
MONTGOMERY,45585,16.05,County,Pedestrian,'HEAD ON',Rain,Dry,Daylight,'NO CONTROLS','None Detected','None Detected','Cross/Enter at Intersection',None,'ON ROADWAY AT CROSSWALK',No,None,0.575107,0.910485,'No Apparent Injury'
MONTGOMERY,44412,17.067,County,Pedestrian,'Single Vehicle',Clear,Dry,Daylight,'NO CONTROLS','None Detected','None Detected','Cross/Enter at Intersection','IN ROADWAY IMPROPERLY','ON ROADWAY AT CROSSWALK',Yes,None,0.591817,0.974075,'Suspected Minor Injury'
MONTGOMERY,44720,9.3,County,Pedestrian,'Single Vehicle',Clear,Dry,Daylight,'STOP SIGN','None Detected','None Detected','Cross/Enter at Intersection',None,'ON ROADWAY AT CROSSWALK',No,None,0.560617,0.910783,'Suspected Minor Injury'
MONTGOMERY,45563,12.917,'Maryland (State)',Bicyclist,'Single Vehicle',Clear,Dry,Daylight,'TRAFFIC SIGNAL','None Detected','None Detected','Walking/Riding w/Traffic',None,SHOULDER,No,Yes,0.554184,0.93453,'Possible Injury'
GAITHERSBURG,44452,11.45,Municipality,Pedestrian,'SAME DIR REAR END',Clear,Dry,Daylight,'NO CONTROLS','None Detected','None Detected','Cross/Enter at Intersection',None,'ON ROADWAY AT CROSSWALK',No,None,0.648823,0.857387,'Suspected Minor Injury'
MONTGOMERY,44449,7.5,County,Pedestrian,'Single Vehicle',Clear,Dry,Daylight,'NO CONTROLS','None Detected','None Detected','Walking to/from school',None,'ON ROADWAY AT CROSSWALK',No,None,0.711161,0.844166,'No Apparent Injury'
MONTGOMERY,42593,12.467,County,Pedestrian,'Single Vehicle',Clear,Dry,Daylight,'NO CONTROLS','None Detected','None Detected','Cross/Enter at Intersection',None,'ON ROADWAY AT CROSSWALK',No,None,0.743367,0.850849,'Suspected Minor Injury'
MONTGOMERY,43345,15.083,'Maryland (State)',Pedestrian,'STRAIGHT MOVEMENT ANGLE',Clear,Dry,Daylight,'NO CONTROLS','None Detected','None Detected','Cross/Enter at Intersection',None,'AT AT INTERSECTION MARKED CROSSWALK',No,None,0.505201,0.944638,'Possible Injury'
MONTGOMERY,42211,13.45,County,Pedestrian,'STRAIGHT MOVEMENT ANGLE',Clear,Dry,Daylight,'NO CONTROLS','None Detected','None Detected','Cross/Enter at Intersection',Dart/Dash,'AT INTERSECTION BUT NO CROSSWALK',Yes,None,0.790272,0.83652,'Suspected Minor Injury'
MONTGOMERY,43048,18.45,County,Pedestrian,'STRAIGHT MOVEMENT ANGLE',Rain,Wet,'Dark - Lighted','TRAFFIC SIGNAL','None Detected','None Detected','Cross/Enter at Intersection',None,'ON ROADWAY AT CROSSWALK',No,None,0.522853,0.910097,'Suspected Minor Injury'
MONTGOMERY,43766,19.833,'US (State)',Pedestrian,'Single Vehicle',Clear,Dry,'Dark - Lighted','TRAFFIC SIGNAL','None Detected','None Detected','Cross/Enter Not at Intersection','IN ROADWAY IMPROPERLY','ON ROADWAY NOT AT CROSSWALK',Yes,None,0.505677,0.9486,'Suspected Minor Injury'
MONTGOMERY,43839,19.333,County,Pedestrian,'Single Vehicle',Clear,Dry,'Dark - Lighted','NO CONTROLS','None Detected','None Detected','Cross/Enter at Intersection',None,'ON ROADWAY AT CROSSWALK',No,None,0.507068,0.946938,'Possible Injury'
MONTGOMERY,44774,9.933,County,Pedestrian,'Single Vehicle',Clear,Dry,Daylight,'NO CONTROLS','None Detected','None Detected','Cross/Enter at Intersection',None,'ON ROADWAY AT CROSSWALK',No,None,0.477437,0.911547,'Suspected Serious Injury'
MONTGOMERY,44604,16.183,'Maryland (State)',Bicyclist,'HEAD ON LEFT TURN',Clear,Dry,Daylight,'TRAFFIC SIGNAL','None Detected','None Detected',Standing,None,SIDEWALK,No,Yes,0.522564,0.910156,'Suspected Minor Injury'
GAITHERSBURG,44894,21.183,County,Pedestrian,'STRAIGHT MOVEMENT ANGLE',Clear,Dry,'Dark - Lighted','TRAFFIC SIGNAL','None Detected','None Detected','Cross/Enter at Intersection','FAILURE TO YIELD RIGHT OF WAY','AT AT INTERSECTION MARKED CROSSWALK',Yes,None,0.643115,0.865709,'Suspected Serious Injury'
MONTGOMERY,44250,11.85,County,Pedestrian,'Single Vehicle',Clear,Slush,Daylight,'NO CONTROLS','None Detected','None Detected','Cross/Enter at Intersection',Dart/Dash,'ON ROADWAY AT CROSSWALK',No,None,0.616408,0.929719,'No Apparent Injury'