'Agency Name','Days after Jan 1','Hours past Midnight','Route Type','Related Non-Motorist','Collision Type',Weather,'Surface Condition',Light,'Traffic Control','Driver Substance Abuse','Non-Motorist Substance Abuse','Pedestrian Movement','Pedestrian Actions','Pedestrian Location','At Fault','Safety Equipment','Lat- Normalized','Long- Normalized','Injury Severity'
ROCKVILLE,43859,18.333,Municipality,Pedestrian,'Single Vehicle',Clear,Dry,'Dark - Lighted','TRAFFIC SIGNAL','None Detected','None Detected','Cross/Enter Not at Intersection','FAILURE TO YIELD RIGHT OF WAY','ON ROADWAY NOT AT CROSSWALK',Yes,None,0.619819,0.90756,'Suspected Minor Injury'
MONTGOMERY,42102,11,County,Pedestrian,'Single Vehicle',Cloudy,Wet,Daylight,'TRAFFIC SIGNAL','None Detected','None Detected','Cross/Enter at Intersection',None,'ON ROADWAY AT CROSSWALK',No,None,0.707257,0.84491,'Possible Injury'
MONTGOMERY,42030,7,'Maryland (State)',Pedestrian,'Single Vehicle',Rain,Wet,Dawn,'TRAFFIC SIGNAL','None Detected','None Detected','Walking to/from school',None,'ON ROADWAY AT CROSSWALK',No,None,0.54955,0.950203,'Possible Injury'
MONTGOMERY,42349,20.9,'Maryland (State)',Pedestrian,'Single Vehicle',Clear,Dry,'Dark - Lighted','NO CONTROLS','None Detected','ALCOHOL PRESENT','Cross/Enter Not at Intersection','IN ROADWAY IMPROPERLY','ON ROADWAY NOT AT CROSSWALK',Yes,None,0.694593,0.890453,'Possible Injury'
MONTGOMERY,43686,12.633,County,Pedestrian,'Single Vehicle',Clear,Dry,Daylight,'NO CONTROLS','None Detected','None Detected',Standing,None,'ON ROADWAY AT CROSSWALK',No,None,0.602474,0.925767,'Suspected Minor Injury'
MONTGOMERY,44809,18,County,Bicyclist,'Single Vehicle',Rain,Wet,Daylight,'TRAFFIC SIGNAL','None Detected','None Detected','Cross/Enter at Intersection',None,'ON ROADWAY AT CROSSWALK',No,None,0.579929,0.921151,'Suspected Minor Injury'
MONTGOMERY,42640,19.85,'Maryland (State)',Pedestrian,'STRAIGHT MOVEMENT ANGLE',Clear,Dry,'Dark - Lighted','NO CONTROLS','None Detected','None Detected','Cross/Enter Not at Intersection','FAILURE TO YIELD RIGHT OF WAY','ON ROADWAY NOT AT CROSSWALK',Yes,None,0.676776,0.861346,'Suspected Minor Injury'
MONTGOMERY,43804,9.05,'Maryland (State)',Pedestrian,'Single Vehicle',Clear,Dry,Daylight,'TRAFFIC SIGNAL','None Detected','None Detected','Cross/Enter Not at Intersection','IN ROADWAY IMPROPERLY','ON ROADWAY NOT AT CROSSWALK',Yes,None,0.678245,0.897054,'Possible Injury'
MONTGOMERY,42279,16.883,' Public Roadway',Bicyclist,'STRAIGHT MOVEMENT ANGLE',Rain,Wet,Daylight,'NO CONTROLS','None Detected','None Detected','Cross/Enter at Intersection',None,SHOULDER,No,None,0.640706,0.886964,'Suspected Minor Injury'
MONTGOMERY,44006,1.533,' Public Roadway',Pedestrian,'SAME DIRECTION SIDESWIPE',Clear,Dry,'Dark - Lighted','NO CONTROLS','None Detected','ALCOHOL CONTRIBUTED','Getting off/on Vehicle','WRONG WAY RIDING OR WALKING','ON ROADWAY AT CROSSWALK',No,None,0.625602,0.951047,'Suspected Serious Injury'
MONTGOMERY,43766,7.5,'Maryland (State)',Pedestrian,'Single Vehicle',Clear,Dry,Daylight,'NO CONTROLS','None Detected','None Detected','Cross/Enter at Intersection','IN ROADWAY IMPROPERLY','ON ROADWAY NOT AT CROSSWALK',Yes,None,0.825945,0.891442,'Suspected Minor Injury'
MONTGOMERY,42409,18.583,'Maryland (State)',Pedestrian,'Single Vehicle',Cloudy,Dry,'Dark - Lighted','NO CONTROLS','None Detected','None Detected','Cross/Enter at Intersection','DISABLED VEHICLE RELATED',SHOULDER,No,Yes,0.799068,0.858449,'Suspected Serious Injury'
MONTGOMERY,44728,18.417,County,Pedestrian,'Single Vehicle',Clear,Dry,Daylight,'NO CONTROLS','None Detected','None Detected','Cross/Enter Not at Intersection','IN ROADWAY IMPROPERLY','ON ROADWAY NOT AT CROSSWALK',Yes,None,0.500904,0.918068,'Suspected Minor Injury'
MONTGOMERY,43950,12.967,'Maryland (State)',Bicyclist,'Single Vehicle',Clear,Dry,Daylight,'TRAFFIC SIGNAL','None Detected','None Detected','Walking/Cycling on Sidewalk',None,SIDEWALK,No,Yes,0.484409,0.926655,'Suspected Minor Injury'
MONTGOMERY,45581,19.033,'Maryland (State)',Pedestrian,'Single Vehicle',Clear,Dry,'Dark - Lighted','TRAFFIC SIGNAL','None Detected','None Detected','Cross/Enter at Intersection',None,'ON ROADWAY AT CROSSWALK',No,None,0.565169,0.937807,'Suspected Serious Injury'
MONTGOMERY,43158,17.417,County,Pedestrian,'Single Vehicle',Clear,Dry,Daylight,'NO CONTROLS','None Detected','None Detected','Cross/Enter at Intersection',None,'MIDBLOCK MARKED CROSSWALK',No,None,0.718262,0.843592,'Possible Injury'
MONTGOMERY,44479,21.35,'Maryland (State)',Pedestrian,'Single Vehicle',Clear,Dry,'Dark - Lighted','TRAFFIC SIGNAL','None Detected','None Detected','Cross/Enter Not at Intersection','IN ROADWAY IMPROPERLY','ON ROADWAY NOT AT CROSSWALK',Yes,None,0.71368,0.841883,'No Apparent Injury'
MONTGOMERY,43527,10.7,County,Bicyclist,'Single Vehicle',Cloudy,Dry,Daylight,'NO CONTROLS','None Detected','None Detected','Walking/Riding w/Traffic',Inattentive,'ON ROADWAY NOT AT CROSSWALK',Yes,Yes,0.509802,0.959029,'Possible Injury'
MONTGOMERY,42494,7.4,'Maryland (State)',Pedestrian,'Single Vehicle',Cloudy,Dry,Daylight,'TRAFFIC SIGNAL','None Detected','None Detected','Cross/Enter at Intersection',None,'ON ROADWAY AT CROSSWALK',No,None,0.494498,0.918437,'Possible Injury'
MONTGOMERY,42934,19.483,County,Pedestrian,'Single Vehicle',Clear,Dry,Daylight,'NO CONTROLS','None Detected','None Detected','Cross/Enter at Intersection',None,'ON ROADWAY AT CROSSWALK',No,None,0.605644,0.984842,'Suspected Minor Injury'
MONTGOMERY,45631,6.933,County,Pedestrian,'Single Vehicle',Clear,Dry,Dawn,'TRAFFIC SIGNAL','None Detected','None Detected','Cross/Enter at Intersection',None,'ON ROADWAY AT CROSSWALK',No,None,0.57256,0.921343,'Possible Injury'
MONTGOMERY,45395,19.333,'Maryland (State)',Bicyclist,'Single Vehicle',Clear,Dry,Daylight,'TRAFFIC SIGNAL','None Detected','None Detected','Cross/Enter at Intersection',None,'AT AT INTERSECTION MARKED CROSSWALK',No,None,0.578572,0.907266,'Suspected Minor Injury'
MONTGOMERY,43544,16.8,County,Pedestrian,'Single Vehicle',Clear,Dry,Daylight,'NO CONTROLS','None Detected','None Detected','Cross/Enter at Intersection',None,'ON ROADWAY AT CROSSWALK',No,Yes,0.490044,0.919721,'Suspected Minor Injury'
MONTGOMERY,45325,12.75,County,Pedestrian,'Single Vehicle',Clear,Dry,Daylight,'NO CONTROLS','None Detected','None Detected','Cross/Enter at Intersection',None,'ON ROADWAY AT CROSSWALK',No,None,0.641017,0.879318,'Possible Injury'
ROCKVILLE,42125,17.55,County,Pedestrian,'Single Vehicle',Clear,Dry,Daylight,'NO CONTROLS','None Detected','None Detected',Standing,None,'ON ROADWAY AT CROSSWALK',No,None,0.61672,0.8936,'No Apparent Injury'
MONTGOMERY,43460,8.533,County,Pedestrian,'Single Vehicle',Clear,Dry,Daylight,'NO CONTROLS','None Detected','None Detected','Cross/Enter at Intersection',None,'ON ROADWAY AT CROSSWALK',No,None,0.655494,0.880587,'Possible Injury'
MONTGOMERY,42233,21.4,'Maryland (State)',Pedestrian,'SAME DIRECTION LEFT TURN',Clear,Dry,'Dark - Lighted','TRAFFIC SIGNAL','None Detected','None Detected','Cross/Enter at Intersection',None,'ON ROADWAY AT CROSSWALK',No,None,0.509056,0.959114,'Possible Injury'
MONTGOMERY,42713,16.933,County,Pedestrian,'STRAIGHT MOVEMENT ANGLE',Clear,Dry,Dawn,'TRAFFIC SIGNAL','None Detected','None Detected',Playing,'IN ROADWAY IMPROPERLY','ON ROADWAY NOT AT CROSSWALK',Yes,None,0.683714,0.933301,'No Apparent Injury'
MONTGOMERY,43260,18.5,County,Pedestrian,'Single Vehicle',Cloudy,Dry,Daylight,'NO CONTROLS','None Detected','None Detected','Cross/Enter at Intersection',Dart/Dash,'ON ROADWAY NOT AT CROSSWALK',Yes,None,0.687576,0.874411,'Suspected Minor Injury'
MONTGOMERY,44462,7.167,'Maryland (State)',Pedestrian,'Single Vehicle',Rain,Wet,Dawn,'TRAFFIC SIGNAL','None Detected','None Detected','Cross/Enter at Intersection','FAILURE TO OBEY TRAFFIC SIGNS SIGNALS OR OFFICER','ON ROADWAY AT CROSSWALK',Yes,None,0.603135,0.925295,'Suspected Minor Injury'
MONTGOMERY,42266,10.017,County,Bicyclist,'Single Vehicle',Clear,Dry,Daylight,'NO CONTROLS','None Detected','None Detected','Walking/Riding w/Traffic',None,'ON ROADWAY NOT AT CROSSWALK',No,Yes,0.564589,0.94704,'Possible Injury'
MONTGOMERY,43353,11,County,Pedestrian,'Single Vehicle',Cloudy,Dry,Daylight,'NO CONTROLS','None Detected','None Detected',Standing,None,'ON ROADWAY NOT AT CROSSWALK',No,Yes,0.499888,0.95023,'Possible Injury'
MONTGOMERY,42853,17.95,County,Bicyclist,'ANGLE MEETS RIGHT TURN',Clear,Dry,Daylight,'TRAFFIC SIGNAL','None Detected','None Detected','Cross/Enter at Intersection',None,'AT AT INTERSECTION MARKED CROSSWALK',No,Yes,0.615643,0.870648,'Possible Injury'
MONTGOMERY,44064,17.15,County,Pedestrian,'Single Vehicle',Clear,Dry,Daylight,'YIELD SIGN','None Detected','ILLEGAL DRUG CONTRIBUTED','Cross/Enter at Intersection',None,'AT AT INTERSECTION MARKED CROSSWALK',No,None,0.718054,0.855544,'Possible Injury'
MONTGOMERY,45544,17.5,Municipality,Pedestrian,'Single Vehicle',Rain,Wet,Daylight,'TRAFFIC SIGNAL','None Detected','None Detected','Walking/Riding against Traffic','IN ROADWAY IMPROPERLY','ON ROADWAY AT CROSSWALK',No,None,0.675786,0.875701,'Suspected Minor Injury'
MONTGOMERY,43574,20.85,'Maryland (State)',Pedestrian,'Single Vehicle',Rain,Wet,'Dark - Lighted','TRAFFIC SIGNAL','None Detected','None Detected','Cross/Enter at Intersection',None,'ON ROADWAY AT CROSSWALK',No,None,0.57677,0.927549,'Possible Injury'
MONTGOMERY,45621,14.317,County,Pedestrian,'Single Vehicle',Clear,Dry,Daylight,'TRAFFIC SIGNAL','None Detected','None Detected','Cross/Enter at Intersection',None,'AT AT INTERSECTION MARKED CROSSWALK',No,None,0.550372,0.939316,'Suspected Minor Injury'
MONTGOMERY,43591,18.367,County,Bicyclist,'SAME DIRECTION SIDESWIPE',Clear,Dry,Daylight,'NO CONTROLS','None Detected','None Detected','Walking/Cycling on Sidewalk',Inattentive,SHOULDER,Yes,Yes,0.51074,0.948309,'Possible Injury'
MONTGOMERY,44793,16.5,County,Bicyclist,'STRAIGHT MOVEMENT ANGLE',Clear,Dry,Daylight,'NO CONTROLS','None Detected','None Detected','Walking/Riding w/Traffic',None,'ON ROADWAY NOT AT CROSSWALK',No,None,0.609008,0.986916,'Suspected Minor Injury'
ROCKVILLE,43013,14.917,'Maryland (State)',Bicyclist,'STRAIGHT MOVEMENT ANGLE',Clear,Dry,Daylight,'NO CONTROLS','None Detected','None Detected','Walking/Cycling on Sidewalk',None,SIDEWALK,No,None,0.630329,0.891869,'Suspected Minor Injury'
MONTGOMERY,44838,18.533,County,Pedestrian,'Single Vehicle',Rain,Wet,Daylight,'TRAFFIC SIGNAL','None Detected','None Detected','Cross/Enter at Intersection','FAILURE TO OBEY TRAFFIC SIGNS SIGNALS OR OFFICER','ON ROADWAY AT CROSSWALK',Yes,None,0.558071,0.947808,'Suspected Serious Injury'
MONTGOMERY,43811,15.8,County,Pedestrian,'Single Vehicle',Clear,Dry,Daylight,'STOP SIGN','None Detected','None Detected','Approach/Leaving Schoolbus',None,'ON ROADWAY NOT AT CROSSWALK',No,None,0.484448,0.907903,'Fatal Injury'
MONTGOMERY,44496,16.167,County,Bicyclist,'ANGLE MEETS RIGHT TURN',Clear,Dry,Daylight,'TRAFFIC SIGNAL','None Detected','None Detected','Cross/Enter at Intersection','FAILURE TO OBEY TRAFFIC SIGNS SIGNALS OR OFFICER','AT AT INTERSECTION MARKED CROSSWALK',Yes,Yes,0.470309,0.900764,'Suspected Serious Injury'
MONTGOMERY,44187,13.45,County,' CONVEYANCE','Single Vehicle',Clear,Dry,Daylight,'NO CONTROLS','None Detected','None Detected','Cross/Enter at Intersection',None,CURB,Yes,None,0.687355,0.932375,'Suspected Minor Injury'
MONTGOMERY,42706,19.75,County,Pedestrian,'SAME DIR REAR END',Clear,Dry,'Dark - Lighted','NO CONTROLS','None Detected','None Detected','Cross/Enter at Intersection',None,'ON ROADWAY NOT AT CROSSWALK',No,None,0.773398,0.850035,'Suspected Serious Injury'
MONTGOMERY,45544,23.333,'Maryland (State)',Pedestrian,'Single Vehicle',Clear,Dry,'Dark - Not Lighted','TRAFFIC SIGNAL','None Detected','None Detected','Cross/Enter at Intersection',None,'AT AT INTERSECTION MARKED CROSSWALK',No,None,0.599753,0.929461,'Suspected Minor Injury'
MONTGOMERY,44875,19.5,County,Pedestrian,'Single Vehicle',Clear,Dry,'Dark - Lighted','NO CONTROLS','None Detected','COMBINATION CONTRIBUTED','Cross/Enter at Intersection','IN ROADWAY IMPROPERLY','ON ROADWAY AT CROSSWALK',Yes,None,0.71074,0.871686,'Suspected Serious Injury'
MONTGOMERY,42643,17.417,Municipality,Pedestrian,'STRAIGHT MOVEMENT ANGLE',Rain,Wet,Daylight,'STOP SIGN','None Detected','None Detected','Cross/Enter at Intersection',None,'AT INTERSECTION BUT NO CROSSWALK',No,None,0.644807,0.872576,'Suspected Minor Injury'
MONTGOMERY,42803,16.75,'Maryland (State)',Pedestrian,'Single Vehicle',Clear,Dry,Daylight,'TRAFFIC SIGNAL','None Detected','None Detected','Cross/Enter at Intersection',None,'ON ROADWAY AT CROSSWALK',No,None,0.528448,0.970347,'Suspected Minor Injury'
ROCKVILLE,42661,16.533,County,Pedestrian,'Single Vehicle',Clear,Dry,Daylight,'NO CONTROLS','None Detected','None Detected','Cross/Enter at Intersection',Dart/Dash,'ON ROADWAY AT CROSSWALK',No,None,0.59027,0.910473,'Possible Injury'
MONTGOMERY,44888,10.5,County,' CONVEYANCE','STRAIGHT MOVEMENT ANGLE',Clear,Dry,Daylight,'NO CONTROLS','None Detected','None Detected','Cross/Enter at Intersection',None,'AT INTERSECTION BUT NO CROSSWALK',No,None,0.627272,0.865007,'Suspected Serious Injury'
MONTGOMERY,42524,12.05,County,Bicyclist,'STRAIGHT MOVEMENT ANGLE',Cloudy,Dry,Daylight,'NO CONTROLS','None Detected','None Detected','Cross/Enter at Intersection',None,SIDEWALK,No,Yes,0.565272,0.908863,'Suspected Minor Injury'
MONTGOMERY,43620,21.033,County,Pedestrian,'Single Vehicle',Clear,Dry,'Dark - Lighted','NO CONTROLS','None Detected','None Detected','Cross/Enter at Intersection',None,'AT INTERSECTION BUT NO CROSSWALK',No,None,0.7416,0.851337,'Possible Injury'
MONTGOMERY,42492,8.067,'Maryland (State)',Pedestrian,'Single Vehicle',Rain,Wet,Daylight,'NO CONTROLS','None Detected','None Detected',Standing,None,SIDEWALK,No,None,0.680807,0.856151,'Suspected Minor Injury'
MONTGOMERY,43154,7.4,'Maryland (State)',Pedestrian,'Single Vehicle',Rain,Wet,Daylight,'TRAFFIC SIGNAL','None Detected','None Detected','Cross/Enter at Intersection',None,'AT AT INTERSECTION MARKED CROSSWALK',No,None,0.68676,0.838328,'Suspected Minor Injury'
MONTGOMERY,43585,13.5,County,Pedestrian,'Single Vehicle',Clear,Dry,Daylight,'NO CONTROLS','None Detected','None Detected','Cross/Enter at Intersection',None,'ON ROADWAY AT CROSSWALK',No,Yes,0.575621,0.931497,'Possible Injury'
MONTGOMERY,43276,12.183,'US (State)',Bicyclist,'Single Vehicle',Clear,Dry,Daylight,'NO CONTROLS','None Detected','None Detected','Walking/Riding w/Traffic','IN ROADWAY IMPROPERLY','ON ROADWAY NOT AT CROSSWALK',Yes,None,0.510063,0.949229,'Suspected Minor Injury'
MONTGOMERY,43177,11.65,County,Bicyclist,'STRAIGHT MOVEMENT ANGLE',Clear,Dry,Daylight,'STOP SIGN','None Detected','None Detected','Cross/Enter at Intersection','FAILURE TO OBEY TRAFFIC SIGNS SIGNALS OR OFFICER','AT INTERSECTION BUT NO CROSSWALK',Yes,Yes,0.757808,0.803972,'Possible Injury'
ROCKVILLE,43754,14.95,Municipality,Pedestrian,'Single Vehicle',Rain,Wet,Daylight,'TRAFFIC SIGNAL','None Detected','None Detected','Cross/Enter at Intersection',None,'DRIVEWAY ACCESS MARKED CROSSWALK',No,None,0.617915,0.89317,'Suspected Minor Injury'
MONTGOMERY,42349,6.05,County,Pedestrian,'Single Vehicle',Clear,Dry,'Dark - Lighted','TRAFFIC SIGNAL','None Detected','None Detected','Cross/Enter at Intersection',None,'AT AT INTERSECTION MARKED CROSSWALK',No,None,0.528785,0.970489,'Possible Injury'
ROCKVILLE,44138,16.767,Municipality,Bicyclist,'Single Vehicle',Clear,Dry,Dusk,'NO CONTROLS','None Detected','None Detected','Walking/Riding w/Traffic','IN ROADWAY IMPROPERLY','ON ROADWAY NOT AT CROSSWALK',Yes,Yes,0.610425,0.901766,'Suspected Minor Injury'
MONTGOMERY,43787,19.333,'US (State)',Pedestrian,'SAME DIR REAR END',Rain,Wet,'Dark - Lighted','NO CONTROLS','None Detected','None Detected','Push/Work on Vehicle','DISABLED VEHICLE RELATED',MEDIAN,No,None,0.560081,0.963842,'Suspected Minor Injury'
MONTGOMERY,43744,9.283,County,Pedestrian,'Single Vehicle',Cloudy,Dry,Daylight,'NO CONTROLS','None Detected','None Detected',Playing,'IN ROADWAY IMPROPERLY','ON ROADWAY AT CROSSWALK',Yes,None,0.719772,0.839965,'Suspected Serious Injury'
ROCKVILLE,43385,19.15,Municipality,Pedestrian,'Single Vehicle',Clear,Dry,'Dark - Lighted','TRAFFIC SIGNAL','None Detected','None Detected','Cross/Enter at Intersection',None,'ON ROADWAY AT CROSSWALK',No,None,0.615178,0.893039,'Suspected Serious Injury'
MONTGOMERY,44375,19.383,'Maryland (State)',Bicyclist,'STRAIGHT MOVEMENT ANGLE',Clear,Dry,Daylight,'TRAFFIC SIGNAL','None Detected','None Detected','Cross/Enter at Intersection',None,'IN BIKEWAY',No,Yes,0.55277,0.947224,'Possible Injury'
MONTGOMERY,43897,17,County,Pedestrian,'Single Vehicle',Clear,Dry,Daylight,'NO CONTROLS','None Detected','None Detected','Cross/Enter at Intersection',None,'AT AT INTERSECTION MARKED CROSSWALK',No,None,0.68054,0.868616,'No Apparent Injury'
MONTGOMERY,43639,8,'Maryland (State)',Pedestrian,'Single Vehicle',Clear,Dry,Daylight,'NO CONTROLS','None Detected','None Detected','Cross/Enter at Intersection',None,'ON ROADWAY NOT AT CROSSWALK',No,None,0.561821,0.932917,'Suspected Serious Injury'
MONTGOMERY,42204,16.15,Government,Bicyclist,'HEAD ON LEFT TURN',Clear,Dry,Daylight,'STOP SIGN','None Detected','None Detected','Cross/Enter at Intersection',None,'AT AT INTERSECTION MARKED CROSSWALK',No,Yes,0.498799,0.874362,'Possible Injury'
MONTGOMERY,42115,11,County,Pedestrian,'Single Vehicle',Clear,Dry,Daylight,'NO CONTROLS','None Detected','None Detected','Getting off/on Vehicle',None,SHOULDER,No,None,0.834964,0.882365,'Suspected Minor Injury'
MONTGOMERY,45518,20.3,County,Pedestrian,'Single Vehicle',Clear,Dry,'Dark - Lighted','NO CONTROLS','None Detected','None Detected','Walking/Riding w/Traffic',None,'SHARED USE PATH OR TRAILS',No,None,0.678759,0.834022,'Possible Injury'
MONTGOMERY,43745,20,County,Pedestrian,'Single Vehicle',Clear,Dry,'Dark - Lighted','NO CONTROLS','None Detected','None Detected','Cross/Enter at Intersection',None,'ON ROADWAY AT CROSSWALK',No,None,0.503359,0.938195,'Possible Injury'
MONTGOMERY,45376,9.5,County,Pedestrian,'Single Vehicle',Rain,Wet,Daylight,'TRAFFIC SIGNAL','None Detected','None Detected','Cross/Enter at Intersection',None,'ON ROADWAY AT CROSSWALK',No,None,0.708795,0.87206,'Suspected Minor Injury'
MONTGOMERY,42405,21.5,County,Pedestrian,'Single Vehicle',Clear,Dry,'Dark - Lighted','NO CONTROLS','None Detected','None Detected','Cross/Enter Not at Intersection',None,'ON ROADWAY AT CROSSWALK',Yes,None,0.502279,0.949278,'Possible Injury'
MONTGOMERY,44019,13.667,'Maryland (State)',Pedestrian,'Single Vehicle',Clear,Dry,Daylight,'TRAFFIC SIGNAL','None Detected','None Detected','Cross/Enter at Intersection',None,'AT AT INTERSECTION MARKED CROSSWALK',No,None,0.571919,0.938174,'Possible Injury'
MONTGOMERY,42121,22.4,County,Pedestrian,'Single Vehicle',Clear,Dry,'Dark - Lighted','NO CONTROLS','None Detected','ALCOHOL PRESENT','Cross/Enter at Intersection',Dart/Dash,'ON ROADWAY NOT AT CROSSWALK',No,None,0.55841,0.966979,'Possible Injury'
MONTGOMERY,42379,12.1,County,Pedestrian,'Single Vehicle',Rain,Dry,Daylight,'NO CONTROLS','None Detected','None Detected','Cross/Enter at Intersection',None,'ON ROADWAY AT CROSSWALK',No,None,0.739137,0.852255,'Possible Injury'
MONTGOMERY,44205,13.933,County,Pedestrian,'STRAIGHT MOVEMENT ANGLE',Clear,Dry,Daylight,'STOP SIGN','None Detected','None Detected','Cross/Enter at Intersection',None,'ON ROADWAY AT CROSSWALK',No,None,0.581532,0.927425,'No Apparent Injury'
MONTGOMERY,42786,17,County,Pedestrian,'Single Vehicle',Clear,Dry,Daylight,'NO CONTROLS','None Detected','None Detected','Cross/Enter Not at Intersection',None,'ON ROADWAY NOT AT CROSSWALK',Yes,None,0.557999,0.891382,'Possible Injury'
MONTGOMERY,42027,21.75,'Maryland (State)',Pedestrian,'Single Vehicle',Rain,Wet,'Dark - Lighted','TRAFFIC SIGNAL','None Detected','None Detected','Cross/Enter at Intersection',None,'ON ROADWAY AT CROSSWALK',No,None,0.534588,0.97093,'Suspected Minor Injury'
MONTGOMERY,43222,14.817,County,Pedestrian,'Single Vehicle',Clear,Dry,Daylight,'TRAFFIC SIGNAL','None Detected','None Detected','Cross/Enter at Intersection',None,'ON ROADWAY AT CROSSWALK',No,None,0.55573,0.938971,'Suspected Minor Injury'
MONTGOMERY,42668,11.183,County,Pedestrian,'Single Vehicle',Clear,Dry,Daylight,'NO CONTROLS','None Detected','None Detected','Cross/Enter at Intersection',None,'AT AT INTERSECTION MARKED CROSSWALK',No,None,0.576877,0.92642,'Suspected Minor Injury'
MONTGOMERY,43463,14.5,County,Pedestrian,'ANGLE MEETS LEFT TURN',Clear,Dry,Daylight,'NO CONTROLS','None Detected','None Detected','Cross/Enter Not at Intersection',Dart/Dash,'ON ROADWAY NOT AT CROSSWALK',Yes,None,0.55644,0.937559,'Possible Injury'
ROCKVILLE,42648,14,County,Pedestrian,'Single Vehicle',Clear,Dry,Daylight,'NO CONTROLS','None Detected','None Detected',Standing,None,'ON ROADWAY AT CROSSWALK',No,None,0.626447,0.891327,'No Apparent Injury'
MONTGOMERY,44859,16.75,Municipality,Bicyclist,'Single Vehicle',Cloudy,Dry,Daylight,'NO CONTROLS','None Detected','None Detected','Cross/Enter at Intersection',Inattentive,'AT INTERSECTION BUT NO CROSSWALK',Yes,None,0.676008,0.782106,'No Apparent Injury'
MONTGOMERY,44923,14,County,Pedestrian,'Single Vehicle',Clear,Dry,Daylight,'TRAFFIC SIGNAL','None Detected','None Detected','Cross/Enter at Intersection',None,'ON ROADWAY AT CROSSWALK',No,None,0.6973,0.887706,'Suspected Minor Injury'
MONTGOMERY,43508,16.5,County,Pedestrian,'Single Vehicle',Rain,Wet,Daylight,'TRAFFIC SIGNAL','None Detected','None Detected','Cross/Enter Not at Intersection',Inattentive,'ON ROADWAY AT CROSSWALK',Yes,None,0.57616,0.905103,'Suspected Minor Injury'
MONTGOMERY,43370,3.583,County,Pedestrian,'OPPOSITE DIRECTION SIDESWIPE',Rain,Wet,'Dark - Lighted','NO CONTROLS','ALCOHOL PRESENT','None Detected',Standing,None,'ON ROADWAY NOT AT CROSSWALK',No,None,0.706959,0.868122,'Suspected Minor Injury'
'Maryland-National Capital',43012,9.6,'Maryland (State)',Pedestrian,'Single Vehicle',Clear,Dry,Daylight,'NO CONTROLS','None Detected','None Detected','Walking/Riding w/Traffic',None,SHOULDER,No,None,0.630786,0.943485,'Suspected Minor Injury'
GAITHERSBURG,44599,7.083,'Maryland (State)',Pedestrian,'Single Vehicle',Clear,Dry,Dawn,'TRAFFIC SIGNAL','None Detected','None Detected','Cross/Enter at Intersection','FAILURE TO OBEY TRAFFIC SIGNS SIGNALS OR OFFICER','AT AT INTERSECTION MARKED CROSSWALK',Yes,None,0.67396,0.864972,'Suspected Minor Injury'
MONTGOMERY,45336,8.667,Municipality,Pedestrian,'Single Vehicle',Clear,Dry,Daylight,'NO CONTROLS','None Detected','None Detected','Cross/Enter at Intersection',Inattentive,'ON ROADWAY AT CROSSWALK',No,None,0.646056,0.865219,'Suspected Minor Injury'
MONTGOMERY,43445,18.75,County,Pedestrian,'STRAIGHT MOVEMENT ANGLE',Clear,Dry,'Dark - Lighted','NO CONTROLS','None Detected','None Detected','Walking/Cycling on Sidewalk',None,SIDEWALK,No,None,0.558366,0.939777,'Possible Injury'
MONTGOMERY,43390,8.4,County,Pedestrian,'Single Vehicle',Clear,Dry,Daylight,'NO CONTROLS','None Detected','None Detected','Cross/Enter Not at Intersection',Dart/Dash,'ON ROADWAY NOT AT CROSSWALK',Yes,None,0.72064,0.844501,'Suspected Minor Injury'
MONTGOMERY,44225,23,'Maryland (State)',Pedestrian,'STRAIGHT MOVEMENT ANGLE',Clear,Dry,'Dark - Lighted','NO CONTROLS','None Detected','None Detected','Walking/Riding against Traffic','IN ROADWAY IMPROPERLY','ON ROADWAY NOT AT CROSSWALK',Yes,None,0.710366,0.845532,'Suspected Serious Injury'
MONTGOMERY,43140,18.433,County,Pedestrian,'Single Vehicle',Cloudy,Dry,'Dark - Lighted','STOP SIGN','None Detected','None Detected','Cross/Enter at Intersection',Inattentive,SIDEWALK,No,None,0.691262,0.871203,'Suspected Minor Injury'
MONTGOMERY,44804,14.1,County,Bicyclist,'Single Vehicle',Clear,Dry,Daylight,'NO CONTROLS','None Detected','None Detected','Cross/Enter at Intersection','FAILURE TO YIELD RIGHT OF WAY','ON ROADWAY AT CROSSWALK',Yes,Yes,0.744787,0.89926,'Possible Injury'
'Maryland-National Capital',43723,15.583,Government,Bicyclist,'Single Vehicle',Clear,Dry,Daylight,'NO CONTROLS','None Detected','None Detected','Walking/Riding w/Traffic',None,SHOULDER,No,Yes,0.554106,0.922852,'Suspected Minor Injury'
MONTGOMERY,42229,16.4,County,Bicyclist,'Single Vehicle',Clear,Dry,Daylight,'NO CONTROLS','None Detected','None Detected','Walking/Riding against Traffic','FAILURE TO YIELD RIGHT OF WAY','OUTSIDE RIGHT OF WAY',Yes,None,0.722763,0.843493,'No Apparent Injury'
MONTGOMERY,42765,19.067,'Maryland (State)',Pedestrian,'Single Vehicle',Clear,Dry,'Dark - Lighted','NO CONTROLS','None Detected','None Detected','Cross/Enter Not at Intersection','FAILURE TO YIELD RIGHT OF WAY','ON ROADWAY NOT AT CROSSWALK',Yes,None,0.47059,0.922117,'Suspected Serious Injury'