'Agency Name','Days after Jan 1','Hours past Midnight','Route Type','Related Non-Motorist','Collision Type',Weather,'Surface Condition',Light,'Traffic Control','Driver Substance Abuse','Non-Motorist Substance Abuse','Pedestrian Movement','Pedestrian Actions','Pedestrian Location','At Fault','Safety Equipment','Lat- Normalized','Long- Normalized','Injury Severity'
TAKOMA,44193,18.633,'Maryland (State)',Pedestrian,'Single Vehicle',Clear,Dry,'Dark - Lighted','NO CONTROLS','None Detected','COMBINATION CONTRIBUTED','Cross/Enter Not at Intersection','IN ROADWAY IMPROPERLY','ON ROADWAY NOT AT CROSSWALK',Yes,None,0.483395,0.963394,'Suspected Minor Injury'
MONTGOMERY,42668,6.967,County,Pedestrian,'Single Vehicle',Clear,Dry,'Dark - Lighted','TRAFFIC SIGNAL','None Detected','None Detected','Cross/Enter at Intersection',None,'AT AT INTERSECTION MARKED CROSSWALK',No,None,0.586839,0.945493,'Suspected Serious Injury'
MONTGOMERY,42197,14.067,County,Bicyclist,'STRAIGHT MOVEMENT ANGLE',Clear,Dry,Daylight,'NO CONTROLS','None Detected','None Detected','Walking/Riding w/Traffic',None,SHOULDER,No,Yes,0.763108,0.862974,'Suspected Minor Injury'
MONTGOMERY,44797,17.583,'Maryland (State)',Pedestrian,'Single Vehicle',Clear,Dry,Daylight,'TRAFFIC SIGNAL','None Detected','None Detected','Cross/Enter at Intersection',None,'AT AT INTERSECTION MARKED CROSSWALK',No,None,0.721992,0.844521,'Suspected Minor Injury'
MONTGOMERY,45475,19.333,'Maryland (State)',Bicyclist,'Single Vehicle',Clear,Dry,Daylight,'NO CONTROLS','None Detected','None Detected','Walking/Cycling on Sidewalk',None,SIDEWALK,No,None,0.55824,0.93996,'No Apparent Injury'
MONTGOMERY,44150,19.5,'Maryland (State)',Pedestrian,'Single Vehicle',Rain,Wet,'Dark - Lighted','TRAFFIC SIGNAL','None Detected','None Detected','Cross/Enter at Intersection',Dart/Dash,'AT AT INTERSECTION MARKED CROSSWALK',Yes,None,0.686508,0.931327,'Possible Injury'
MONTGOMERY,43155,20.267,County,Pedestrian,'Single Vehicle',Rain,Wet,'Dark - Not Lighted','NO CONTROLS','None Detected','None Detected','Cross/Enter at Intersection',None,'ON ROADWAY AT CROSSWALK',No,Yes,0.552105,0.864896,'Suspected Minor Injury'
MONTGOMERY,44636,7.983,'Maryland (State)',Bicyclist,'Single Vehicle',Clear,Dry,Daylight,'NO CONTROLS','None Detected','None Detected','Cross/Enter at Intersection',None,'AT AT INTERSECTION MARKED CROSSWALK',No,None,0.577317,0.938597,'Possible Injury'
MONTGOMERY,43606,17.567,County,Pedestrian,'Single Vehicle',Cloudy,Dry,Daylight,'NO CONTROLS','None Detected','None Detected','Cross/Enter at Intersection',None,SIDEWALK,No,None,0.84065,0.869862,'Suspected Serious Injury'
MONTGOMERY,45530,9.267,County,Pedestrian,'Single Vehicle',Clear,Dry,Daylight,'NO CONTROLS','None Detected','None Detected','Cross/Enter Not at Intersection',None,'ON ROADWAY AT CROSSWALK',No,None,0.713825,0.868228,'Suspected Serious Injury'
MONTGOMERY,44320,14.683,'Maryland (State)',Pedestrian,'Single Vehicle',Clear,Dry,Daylight,'TRAFFIC SIGNAL','None Detected','None Detected','Cross/Enter at Intersection',None,'AT AT INTERSECTION MARKED CROSSWALK',No,None,0.655361,0.880106,'Suspected Minor Injury'
MONTGOMERY,45304,8.4,County,' PEDALCYCLIST','STRAIGHT MOVEMENT ANGLE',Cloudy,Dry,Daylight,'NO CONTROLS','None Detected','None Detected','Walking/Cycling on Sidewalk',None,SIDEWALK,No,None,0.577615,0.939333,'Possible Injury'
MONTGOMERY,42304,7.067,'US (State)',Pedestrian,'Single Vehicle',Clear,Dry,'Dark - Lighted','TRAFFIC SIGNAL','None Detected','None Detected','Cross/Enter at Intersection',None,'AT AT INTERSECTION MARKED CROSSWALK',No,None,0.503636,0.948994,'Possible Injury'
GAITHERSBURG,45323,9.75,County,Pedestrian,'Single Vehicle',Clear,Dry,Daylight,'STOP SIGN','None Detected','None Detected','Cross/Enter at Intersection',None,'AT INTERSECTION BUT NO CROSSWALK',No,None,0.658862,0.870081,'Possible Injury'
MONTGOMERY,44834,19.433,County,Pedestrian,'Single Vehicle',Rain,Wet,'Dark - Lighted','TRAFFIC SIGNAL','None Detected','ALCOHOL PRESENT','Cross/Enter at Intersection',None,'AT AT INTERSECTION MARKED CROSSWALK',No,None,0.716276,0.856016,'Suspected Serious Injury'
MONTGOMERY,43416,18.4,County,Pedestrian,'Single Vehicle',Rain,Dry,'Dark - Lighted','NO CONTROLS','None Detected','None Detected','Cross/Enter Not at Intersection','IN ROADWAY IMPROPERLY','ON ROADWAY NOT AT CROSSWALK',Yes,None,0.739179,0.851774,'Possible Injury'
MONTGOMERY,44051,12.9,'Maryland (State)',Pedestrian,'Single Vehicle',Clear,Dry,Daylight,'NO CONTROLS','None Detected','None Detected','Cross/Enter at Intersection',None,'ON ROADWAY AT CROSSWALK',No,None,0.569112,0.937932,'Possible Injury'
MONTGOMERY,42318,5.567,'Maryland (State)',Pedestrian,'Single Vehicle',Rain,Wet,'Dark - Lighted','TRAFFIC SIGNAL','None Detected','None Detected','Cross/Enter at Intersection',None,'AT AT INTERSECTION MARKED CROSSWALK',No,None,0.504412,0.946204,'Suspected Minor Injury'
MONTGOMERY,44126,12.767,'Maryland (State)',Bicyclist,'SAME DIRECTION SIDESWIPE',Clear,Dry,Daylight,'TRAFFIC SIGNAL','None Detected','None Detected','Cross/Enter at Intersection',None,'ON ROADWAY AT CROSSWALK',No,Yes,0.62897,0.863585,'Suspected Minor Injury'
GAITHERSBURG,44509,18,Municipality,Bicyclist,'Single Vehicle',Clear,Dry,'Dark - Lighted','NO CONTROLS','None Detected','None Detected','Cross/Enter at Intersection',None,'ON ROADWAY AT CROSSWALK',No,Yes,0.643852,0.86739,'Possible Injury'
MONTGOMERY,44678,15.967,County,Pedestrian,'Single Vehicle',Clear,Dry,Daylight,'NO CONTROLS','None Detected','None Detected','Cross/Enter at Intersection',None,'ON ROADWAY AT CROSSWALK',No,None,0.709012,0.84438,'Suspected Minor Injury'
MONTGOMERY,42529,17,'Maryland (State)',Pedestrian,'Single Vehicle',Clear,Dry,Daylight,'TRAFFIC SIGNAL','None Detected','None Detected','Cross/Enter at Intersection',None,'AT AT INTERSECTION MARKED CROSSWALK',No,None,0.508444,0.947612,'Possible Injury'
MONTGOMERY,42774,17.05,County,Pedestrian,'Single Vehicle',Clear,Dry,Daylight,'NO CONTROLS','None Detected','None Detected',Standing,None,SIDEWALK,No,None,0.71044,0.873858,'Suspected Serious Injury'
MONTGOMERY,45372,21.85,County,Bicyclist,'SAME DIR REAR END',Clear,Dry,'Dark - Lighted','NO CONTROLS','None Detected','None Detected','Walking/Riding w/Traffic',None,'ON ROADWAY NOT AT CROSSWALK',No,None,0.665106,0.891321,'Suspected Minor Injury'
ROCKVILLE,44429,18.85,Municipality,Pedestrian,'Single Vehicle',Clear,Dry,Dusk,'TRAFFIC SIGNAL','None Detected','None Detected','Walking/Cycling on Sidewalk',None,'AT AT INTERSECTION MARKED CROSSWALK',No,None,0.578318,0.908381,'Suspected Serious Injury'
MONTGOMERY,43910,14.65,County,Pedestrian,'Single Vehicle',Clear,Dry,Daylight,'NO CONTROLS','None Detected','None Detected','Getting off/on Vehicle','ENTERING EXITING PARKED STANDING VEHICLE','ON ROADWAY NOT AT CROSSWALK',Yes,None,0.675886,0.879264,'Suspected Serious Injury'
MONTGOMERY,42109,22.533,'Maryland (State)',Pedestrian,'STRAIGHT MOVEMENT ANGLE',Rain,Wet,'Dark - Lighted','TRAFFIC SIGNAL','None Detected','None Detected','Cross/Enter at Intersection',None,'ON ROADWAY AT CROSSWALK',No,None,0.643653,0.887476,'Possible Injury'
MONTGOMERY,42411,15.117,Municipality,Pedestrian,'Single Vehicle',Clear,Dry,Daylight,'TRAFFIC SIGNAL','None Detected','None Detected','Cross/Enter Not at Intersection','FAILURE TO YIELD RIGHT OF WAY','ON ROADWAY NOT AT CROSSWALK',Yes,None,0.572222,0.906211,'Suspected Minor Injury'
ROCKVILLE,43638,22.367,County,Pedestrian,'Single Vehicle',Clear,Dry,'Dark - Lighted','NO CONTROLS','None Detected','None Detected',Standing,None,'ON ROADWAY AT CROSSWALK',No,None,0.62115,0.89951,'Possible Injury'
MONTGOMERY,45612,18.083,County,Pedestrian,'Single Vehicle',Clear,Dry,'Dark - Lighted','NO CONTROLS','None Detected','None Detected','Walking/Cycling on Sidewalk',None,'AT INTERSECTION BUT NO CROSSWALK',No,None,0.614904,0.861037,'Possible Injury'
MONTGOMERY,42283,7.4,County,Pedestrian,'Single Vehicle',Clear,Dry,Daylight,'NO CONTROLS','None Detected','None Detected','Cross/Enter Not at Intersection','IN ROADWAY IMPROPERLY','ON ROADWAY NOT AT CROSSWALK',Yes,None,0.68415,0.886506,'Suspected Minor Injury'
MONTGOMERY,44563,16.817,'Maryland (State)',Pedestrian,'Single Vehicle',Clear,Dry,Daylight,'TRAFFIC SIGNAL','None Detected','None Detected','Cross/Enter at Intersection',None,'AT AT INTERSECTION MARKED CROSSWALK',No,None,0.555535,0.938272,'Possible Injury'
MONTGOMERY,44313,21.817,County,Pedestrian,'Single Vehicle',Clear,Dry,'Dark - Lighted','NO CONTROLS','None Detected','ALCOHOL PRESENT',Standing,None,'ON ROADWAY AT CROSSWALK',No,None,0.517571,0.898211,'Suspected Minor Injury'
MONTGOMERY,43649,16.5,County,Pedestrian,'Single Vehicle',Clear,Dry,Daylight,'NO CONTROLS','None Detected','None Detected','Cross/Enter Not at Intersection',Dart/Dash,'ON ROADWAY NOT AT CROSSWALK',Yes,None,0.54229,0.896031,'Suspected Minor Injury'
MONTGOMERY,42783,15.2,County,Pedestrian,'Single Vehicle',Clear,Dry,Daylight,'NO CONTROLS','None Detected','None Detected','Cross/Enter at Intersection',None,'ON ROADWAY AT CROSSWALK',No,None,0.548334,0.959673,'Possible Injury'
MONTGOMERY,44083,14.017,County,Pedestrian,'Single Vehicle',Clear,Dry,Daylight,'NO CONTROLS','None Detected','None Detected',Standing,None,'ON ROADWAY AT CROSSWALK',No,None,0.472157,0.914662,'Suspected Minor Injury'
MONTGOMERY,42852,18.5,'Maryland (State)',Pedestrian,'SAME DIR REAR END',Clear,Dry,Daylight,'NO CONTROLS','None Detected','None Detected',Standing,None,SHOULDER,No,None,0.589907,0.959407,'Suspected Minor Injury'
MONTGOMERY,45335,9.667,County,Pedestrian,'HEAD ON LEFT TURN',Clear,Wet,Daylight,'TRAFFIC SIGNAL','None Detected','None Detected',Standing,None,SIDEWALK,No,None,0.726358,0.878309,'Suspected Serious Injury'
MONTGOMERY,43254,14.6,Government,Pedestrian,'Single Vehicle',Rain,Wet,Daylight,'NO CONTROLS','None Detected','None Detected','Cross/Enter at Intersection',None,'ON ROADWAY AT CROSSWALK',No,None,0.510607,0.917491,'Possible Injury'
MONTGOMERY,44474,6.55,'Maryland (State)',Pedestrian,'Single Vehicle',Foggy,Dry,'Dark - Lighted','TRAFFIC SIGNAL','None Detected','None Detected','Cross/Enter at Intersection',None,'ON ROADWAY AT CROSSWALK',No,None,0.571831,0.938256,'Suspected Minor Injury'
MONTGOMERY,43460,17,'Maryland (State)',Pedestrian,'HEAD ON LEFT TURN',Clear,Dry,Dusk,'TRAFFIC SIGNAL','None Detected','None Detected','Cross/Enter at Intersection',None,'AT AT INTERSECTION MARKED CROSSWALK',No,None,0.509011,0.959149,'Suspected Minor Injury'
MONTGOMERY,42802,8.517,County,Pedestrian,'Single Vehicle',Clear,Dry,'Dark - Lighted','NO CONTROLS','None Detected','None Detected','Cross/Enter at Intersection',None,'ON ROADWAY AT CROSSWALK',No,None,0.485845,0.919991,'Suspected Minor Injury'
MONTGOMERY,42628,12.017,County,Pedestrian,'Single Vehicle',Clear,Dry,Daylight,'NO CONTROLS','None Detected','None Detected','Cross/Enter at Intersection','IN ROADWAY IMPROPERLY','ON ROADWAY NOT AT CROSSWALK',No,None,0.55614,0.964457,'Possible Injury'
MONTGOMERY,43049,7.217,County,Pedestrian,'Single Vehicle',Clear,Dry,Daylight,'NO CONTROLS','None Detected','None Detected','Getting off/on Vehicle',None,'ON ROADWAY AT CROSSWALK',No,None,0.503411,0.950123,'Suspected Minor Injury'
MONTGOMERY,42903,11.35,County,Pedestrian,'Single Vehicle',Clear,Dry,Daylight,'NO CONTROLS','None Detected','None Detected',Standing,None,'ON ROADWAY AT CROSSWALK',No,None,0.603746,0.97518,'Suspected Minor Injury'
MONTGOMERY,45569,16.75,County,Pedestrian,'Single Vehicle',Clear,Dry,Daylight,'NO CONTROLS','None Detected','None Detected',Standing,'ENTERING EXITING PARKED STANDING VEHICLE','ON ROADWAY NOT AT CROSSWALK',Yes,None,0.622973,0.967114,'Suspected Serious Injury'
MONTGOMERY,42530,16.7,County,Pedestrian,'Single Vehicle',Clear,Dry,Daylight,'NO CONTROLS','None Detected','None Detected',' Working',None,'ON ROADWAY AT CROSSWALK',No,None,0.579785,0.911674,'Suspected Minor Injury'
TAKOMA,42911,14.917,County,Pedestrian,'Single Vehicle',Clear,Dry,Daylight,'NO CONTROLS','None Detected','None Detected','Cross/Enter at Intersection',None,'ON ROADWAY AT CROSSWALK',No,None,0.494539,0.965991,'No Apparent Injury'
MONTGOMERY,42648,5.5,'Maryland (State)',Bicyclist,'Single Vehicle',Clear,Dry,Dawn,'TRAFFIC SIGNAL','None Detected','None Detected','Cross/Enter at Intersection',None,'AT AT INTERSECTION MARKED CROSSWALK',No,None,0.524209,0.970017,'Suspected Minor Injury'
MONTGOMERY,42381,22.333,County,Bicyclist,'Single Vehicle',Clear,Dry,'Dark - Lighted','NO CONTROLS','None Detected','None Detected','Walking/Cycling on Sidewalk','NOT VISIBLE',SIDEWALK,Yes,None,0.559183,0.91082,'Suspected Minor Injury'
MONTGOMERY,45329,9.65,County,Pedestrian,'Single Vehicle',Clear,Dry,Daylight,'NO CONTROLS','None Detected','None Detected','Walking to/from school','FAILURE TO YIELD RIGHT OF WAY','ON ROADWAY NOT AT CROSSWALK',Yes,None,0.728783,0.841733,'Suspected Minor Injury'
MONTGOMERY,42340,19.333,County,Pedestrian,'Single Vehicle',Rain,Dry,'Dark - Lighted','NO CONTROLS','None Detected','None Detected','Cross/Enter at Intersection','FAILURE TO YIELD RIGHT OF WAY','OUTSIDE RIGHT OF WAY',Yes,None,0.552689,0.935675,'Suspected Minor Injury'
MONTGOMERY,45429,18.067,County,Bicyclist,'SAME DIRECTION SIDESWIPE',Clear,Dry,Daylight,'NO CONTROLS','None Detected','None Detected','Walking/Riding w/Traffic',None,'ON ROADWAY AT CROSSWALK',No,Yes,0.49845,0.886391,'Suspected Serious Injury'
ROCKVILLE,43676,11.167,County,Pedestrian,'Single Vehicle',Clear,Dry,Daylight,'NO CONTROLS','None Detected','None Detected','Cross/Enter at Intersection',None,'ON ROADWAY AT CROSSWALK',No,None,0.62525,0.890428,'Possible Injury'
MONTGOMERY,43654,14.75,'Maryland (State)',' CONVEYANCE','Single Vehicle',Cloudy,Dry,Daylight,'NO CONTROLS','None Detected','None Detected','Cross/Enter at Intersection',None,'AT AT INTERSECTION MARKED CROSSWALK',No,None,0.509055,0.947194,'Suspected Minor Injury'
MONTGOMERY,44896,20.683,'Maryland (State)',Pedestrian,'STRAIGHT MOVEMENT ANGLE',Clear,Dry,'Dark - Lighted','NO CONTROLS','None Detected','ALCOHOL CONTRIBUTED','Cross/Enter Not at Intersection','IN ROADWAY IMPROPERLY','ON ROADWAY NOT AT CROSSWALK',Yes,None,0.592564,0.902568,'Fatal Injury'
MONTGOMERY,42117,3.333,'US (State)',Pedestrian,'Single Vehicle',Clear,Dry,'Dark - Lighted','TRAFFIC SIGNAL','None Detected','None Detected','Cross/Enter at Intersection',Dart/Dash,'AT AT INTERSECTION MARKED CROSSWALK',No,None,0.534418,0.955059,'Suspected Serious Injury'
MONTGOMERY,44379,12.65,County,Bicyclist,'SAME DIR REAR END',Clear,Dry,Daylight,'NO CONTROLS','None Detected','None Detected','Walking/Riding w/Traffic',None,'ON ROADWAY NOT AT CROSSWALK',No,Yes,0.557023,0.938171,'Suspected Minor Injury'
MONTGOMERY,43296,8.8,County,Pedestrian,'Single Vehicle',Clear,Dry,Daylight,'NO CONTROLS','None Detected','None Detected','Cross/Enter at Intersection',None,'ON ROADWAY AT CROSSWALK',No,None,0.714526,0.81975,'Fatal Injury'
MONTGOMERY,44275,15.033,County,Pedestrian,'Single Vehicle',Clear,Dry,Daylight,'STOP SIGN','None Detected','None Detected','Cross/Enter at Intersection',None,'ON ROADWAY AT CROSSWALK',No,None,0.463182,0.906965,'Suspected Minor Injury'
MONTGOMERY,42896,12.5,'Maryland (State)',Bicyclist,'SAME DIRECTION RIGHT TURN',Clear,Dry,Daylight,'TRAFFIC SIGNAL','None Detected','None Detected','Cross/Enter at Intersection',None,'IN BIKEWAY',No,Yes,0.628807,0.863322,'Suspected Minor Injury'
MONTGOMERY,43502,10.583,County,Pedestrian,'Single Vehicle',Clear,Dry,'Dark - Lighted','TRAFFIC SIGNAL','None Detected','None Detected','Cross/Enter at Intersection',None,'AT AT INTERSECTION MARKED CROSSWALK',No,None,0.468671,0.923134,'Suspected Minor Injury'
MONTGOMERY,45613,16.167,County,Pedestrian,'Single Vehicle',Clear,Dry,Dusk,'NO CONTROLS','None Detected','None Detected','Cross/Enter Not at Intersection',Dart/Dash,'ON ROADWAY NOT AT CROSSWALK',Yes,None,0.708623,0.870944,'Suspected Minor Injury'
MONTGOMERY,43101,15.417,County,Pedestrian,'Single Vehicle',Clear,Dry,Daylight,'NO CONTROLS','None Detected','None Detected','Cross/Enter Not at Intersection',None,'ON ROADWAY AT CROSSWALK',No,None,0.574041,0.909953,'Suspected Minor Injury'
MONTGOMERY,43302,11.533,County,Pedestrian,'Single Vehicle',Rain,Dry,Daylight,'NO CONTROLS','None Detected','None Detected','Cross/Enter at Intersection',None,'ON ROADWAY AT CROSSWALK',No,None,0.627541,0.927492,'Suspected Minor Injury'
MONTGOMERY,44606,13.95,County,Pedestrian,'Single Vehicle',Clear,Dry,Daylight,'NO CONTROLS','None Detected','None Detected','Walking/Cycling on Sidewalk',None,SIDEWALK,No,None,0.558006,0.936984,'Possible Injury'
MONTGOMERY,42382,11.8,County,Pedestrian,'Single Vehicle',Clear,Dry,Daylight,'NO CONTROLS','None Detected','None Detected','Cross/Enter at Intersection','IN ROADWAY IMPROPERLY','ON ROADWAY NOT AT CROSSWALK',Yes,None,0.706247,0.869405,'Suspected Minor Injury'
MONTGOMERY,43204,9.183,County,Bicyclist,'HEAD ON LEFT TURN',Clear,Dry,Daylight,'NO CONTROLS','None Detected','None Detected','Cross/Enter at Intersection','FAILURE TO YIELD RIGHT OF WAY',SHOULDER,No,Yes,0.552661,0.90241,'Suspected Minor Injury'
GAITHERSBURG,43006,18.4,County,Pedestrian,'Single Vehicle',Clear,Dry,Daylight,'NO CONTROLS','None Detected','None Detected',Playing,'IN ROADWAY IMPROPERLY','ON ROADWAY AT CROSSWALK',Yes,None,0.679312,0.875936,'Suspected Minor Injury'
ROCKVILLE,42220,19.867,County,Pedestrian,'Single Vehicle',Rain,Dry,Dusk,'NO CONTROLS','None Detected','None Detected','Walking/Cycling on Sidewalk',None,'DRIVEWAY ACCESS MARKED CROSSWALK',No,None,0.579693,0.90676,'Possible Injury'
TAKOMA,43894,10.983,County,Pedestrian,'Single Vehicle',Clear,Dry,Daylight,'NO CONTROLS','None Detected','None Detected','Cross/Enter at Intersection','NOT VISIBLE','ON ROADWAY AT CROSSWALK',No,None,0.50245,0.96394,'Possible Injury'
MONTGOMERY,44200,10.867,County,Pedestrian,'Single Vehicle',Cloudy,Dry,Daylight,'NO CONTROLS','None Detected','None Detected','Cross/Enter at Intersection',None,'ON ROADWAY AT CROSSWALK',No,None,0.622997,0.872821,'Possible Injury'
MONTGOMERY,43562,20.5,' Public Roadway',Pedestrian,'Single Vehicle',Cloudy,Dry,'Dark - Lighted','TRAFFIC SIGNAL','None Detected','None Detected','Cross/Enter at Intersection',None,'ON ROADWAY AT CROSSWALK',No,None,0.57977,0.939929,'Suspected Minor Injury'
ROCKVILLE,42924,12.267,Municipality,Pedestrian,'SAME DIR REAR END',Clear,Dry,Daylight,PERSON,'None Detected','None Detected','Cross/Enter at Intersection',None,'ON ROADWAY AT CROSSWALK',No,None,0.610243,0.897061,'No Apparent Injury'
MONTGOMERY,42355,15.583,County,Pedestrian,'Single Vehicle',Rain,Wet,Daylight,'TRAFFIC SIGNAL','None Detected','None Detected','Cross/Enter at Intersection',None,'ON ROADWAY AT CROSSWALK',No,None,0.518294,0.961796,'Suspected Minor Injury'
GAITHERSBURG,44442,21,County,Pedestrian,'Single Vehicle',Clear,Dry,'Dark - Lighted','STOP SIGN','None Detected','None Detected','Cross/Enter at Intersection',None,'ON ROADWAY AT CROSSWALK',No,None,0.642878,0.870459,'Possible Injury'
MONTGOMERY,44590,12.4,County,Pedestrian,'Single Vehicle',Clear,Dry,Daylight,'NO CONTROLS','None Detected','None Detected',Standing,None,'ON ROADWAY AT CROSSWALK',No,None,0.535387,0.971251,'Possible Injury'
MONTGOMERY,43996,14.217,County,Bicyclist,'Single Vehicle',Clear,Dry,Daylight,'NO CONTROLS','None Detected','None Detected',Playing,Inattentive,SIDEWALK,Yes,None,0.837173,0.870568,'No Apparent Injury'
GAITHERSBURG,44489,14.317,County,Pedestrian,'Single Vehicle',Clear,Dry,Daylight,'NO CONTROLS','None Detected','None Detected','Cross/Enter at Intersection',None,'ON ROADWAY AT CROSSWALK',No,None,0.642537,0.865118,'Suspected Minor Injury'
MONTGOMERY,42160,21.967,County,Pedestrian,'Single Vehicle',Clear,Dry,'Dark - Not Lighted','NO CONTROLS','None Detected','ALCOHOL PRESENT','Walking/Riding against Traffic','IN ROADWAY IMPROPERLY','ON ROADWAY NOT AT CROSSWALK',No,None,0.601504,0.8964,'Possible Injury'
MONTGOMERY,45575,19.25,'Maryland (State)',' PEDALCYCLIST','Single Vehicle',Clear,Dry,'Dark - Lighted','TRAFFIC SIGNAL','None Detected','None Detected','Cross/Enter at Intersection',None,'ON ROADWAY AT CROSSWALK',No,None,0.50682,0.948246,'Possible Injury'
MONTGOMERY,43762,22.167,'Maryland (State)',Pedestrian,'Single Vehicle',Clear,Dry,'Dark - Lighted','NO CONTROLS','None Detected','None Detected','Cross/Enter at Intersection',Dart/Dash,'AT AT INTERSECTION MARKED CROSSWALK',No,None,0.565077,0.91089,'Suspected Minor Injury'
MONTGOMERY,45409,23.75,County,Bicyclist,'Single Vehicle',Clear,Dry,'Dark - Lighted','NO CONTROLS','None Detected','None Detected','Walking/Riding w/Traffic','NOT VISIBLE','OUTSIDE RIGHT OF WAY',Yes,None,0.738374,0.84541,'Possible Injury'
MONTGOMERY,45444,18.65,'Maryland (State)',' PEDALCYCLIST','Single Vehicle',Clear,Dry,Daylight,'NO CONTROLS','None Detected','None Detected','Walking/Riding w/Traffic',None,SHOULDER,No,Yes,0.689433,0.929468,'Suspected Minor Injury'
MONTGOMERY,44711,23.25,'US (State)',Pedestrian,'Single Vehicle',Clear,Dry,'Dark - Lighted','NO CONTROLS','None Detected','ALCOHOL PRESENT','Cross/Enter at Intersection',Dart/Dash,'ON ROADWAY NOT AT CROSSWALK',Yes,None,0.548344,0.959174,'Suspected Serious Injury'
MONTGOMERY,44715,16.633,County,Pedestrian,'Single Vehicle',Rain,Dry,Daylight,'NO CONTROLS','None Detected','None Detected','Cross/Enter at Intersection',None,'ON ROADWAY AT CROSSWALK',No,None,0.551034,0.936248,'Suspected Minor Injury'
MONTGOMERY,43817,18.683,County,Pedestrian,'Single Vehicle',Clear,Dry,'Dark - Lighted','NO CONTROLS','None Detected','None Detected','Cross/Enter at Intersection',None,'ON ROADWAY AT CROSSWALK',No,None,0.5,0.950177,'Suspected Minor Injury'
MONTGOMERY,42128,7.667,County,Bicyclist,'STRAIGHT MOVEMENT ANGLE',Clear,Dry,Daylight,'NO CONTROLS','None Detected','None Detected','Cross/Enter Not at Intersection',None,'ON ROADWAY AT CROSSWALK',No,Yes,0.529721,0.946239,'Suspected Minor Injury'
MONTGOMERY,43293,13.5,'Maryland (State)',Bicyclist,'Single Vehicle',Clear,Dry,Daylight,'NO CONTROLS','None Detected','None Detected','Cross/Enter at Intersection',Inattentive,'AT AT INTERSECTION MARKED CROSSWALK',Yes,None,0.653809,0.851939,'Possible Injury'
MONTGOMERY,44531,17.433,'Maryland (State)',Pedestrian,'Single Vehicle',Clear,Dry,'Dark - Not Lighted','NO CONTROLS','None Detected','None Detected','Cross/Enter Not at Intersection','IN ROADWAY IMPROPERLY','ON ROADWAY NOT AT CROSSWALK',Yes,None,0.614562,0.925579,'Suspected Minor Injury'
MONTGOMERY,44033,9.167,'Maryland (State)',Bicyclist,'Single Vehicle',Clear,Dry,Daylight,'TRAFFIC SIGNAL','None Detected','None Detected','Walking/Riding w/Traffic','FAILURE TO YIELD RIGHT OF WAY','ON ROADWAY NOT AT CROSSWALK',Yes,None,0.496923,0.917005,'Suspected Minor Injury'
MONTGOMERY,44111,14.767,'US (State)',' CONVEYANCE','Single Vehicle',Clear,Dry,Daylight,'TRAFFIC SIGNAL','None Detected','None Detected','Walking/Riding w/Traffic',None,'IN BIKEWAY',No,None,0.504822,0.948858,'Suspected Minor Injury'
MONTGOMERY,43396,16.15,County,Bicyclist,'Single Vehicle',Clear,Dry,Daylight,'STOP SIGN','None Detected','None Detected','Walking/Riding w/Traffic',None,SHOULDER,No,Yes,0.564903,0.872944,'Possible Injury'
MONTGOMERY,43868,8.917,'US (State)',Pedestrian,'Single Vehicle',Rain,Wet,Daylight,'TRAFFIC SIGNAL','None Detected','None Detected','Cross/Enter at Intersection',None,'AT AT INTERSECTION MARKED CROSSWALK',No,None,0.501367,0.948926,'Possible Injury'
MONTGOMERY,42687,21.417,County,Bicyclist,'Single Vehicle',Clear,Dry,'Dark - Lighted','TRAFFIC SIGNAL','None Detected','ALCOHOL PRESENT','Cross/Enter at Intersection',None,'ON ROADWAY AT CROSSWALK',No,None,0.566051,0.889337,'Possible Injury'
MONTGOMERY,42782,18,County,Pedestrian,'Single Vehicle',Clear,Dry,'Dark - Lighted','NO CONTROLS','None Detected','None Detected','Walking/Cycling on Sidewalk',None,SIDEWALK,No,None,0.567994,0.915414,'Possible Injury'
MONTGOMERY,44088,14.5,County,'MACHINE OPERATOR/RIDER','Single Vehicle',Clear,Dry,Daylight,'STOP SIGN','None Detected','None Detected','Cross/Enter at Intersection',None,'AT AT INTERSECTION MARKED CROSSWALK',No,None,0.555948,0.948474,'Suspected Minor Injury'
MONTGOMERY,45449,10.583,Municipality,Pedestrian,'STRAIGHT MOVEMENT ANGLE',Clear,Dry,Daylight,'YIELD SIGN','None Detected','None Detected','Cross/Enter at Intersection',Dart/Dash,'ON ROADWAY AT CROSSWALK',Yes,None,0.652322,0.855507,'Possible Injury'
MONTGOMERY,43412,12.5,County,Pedestrian,'Single Vehicle',Clear,Dry,Daylight,'NO CONTROLS','None Detected','None Detected',Standing,None,'ON ROADWAY AT CROSSWALK',No,None,0.533965,0.954667,'Possible Injury'
ROCKVILLE,45518,19.167,'Maryland (State)',' CONVEYANCE','SAME DIRECTION LEFT TURN',Clear,Dry,Daylight,'TRAFFIC SIGNAL','None Detected','None Detected','Cross/Enter at Intersection',None,'ON ROADWAY AT CROSSWALK',No,Yes,0.607971,0.900726,'Suspected Minor Injury'