'Agency Name','Days after Jan 1','Hours past Midnight','Route Type','Related Non-Motorist','Collision Type',Weather,'Surface Condition',Light,'Traffic Control','Driver Substance Abuse','Non-Motorist Substance Abuse','Pedestrian Movement','Pedestrian Actions','Pedestrian Location','At Fault','Safety Equipment','Lat- Normalized','Long- Normalized','Injury Severity'
MONTGOMERY,44619,10.5,'Maryland (State)',Bicyclist,'STRAIGHT MOVEMENT ANGLE',Clear,Dry,Daylight,'STOP SIGN','None Detected','None Detected','Cross/Enter at Intersection',None,SHOULDER,No,None,0.492343,0.910264,'No Apparent Injury'
MONTGOMERY,45323,19.667,County,Pedestrian,'Single Vehicle',Clear,Dry,'Dark - Lighted','TRAFFIC SIGNAL','None Detected','None Detected','Cross/Enter at Intersection',None,'ON ROADWAY AT CROSSWALK',No,None,0.709192,0.871074,'Fatal Injury'
MONTGOMERY,45561,6.7,County,Pedestrian,'Single Vehicle',Rain,Wet,'Dark - Lighted','NO CONTROLS','None Detected','None Detected','Cross/Enter at Intersection',Dart/Dash,'ON ROADWAY NOT AT CROSSWALK',Yes,None,0.726421,0.890042,'Suspected Serious Injury'
ROCKVILLE,44378,10.333,'Maryland (State)',Bicyclist,'Single Vehicle',Clear,Dry,Daylight,'NO CONTROLS','None Detected','None Detected','Cross/Enter Not at Intersection',Dart/Dash,'ON ROADWAY NOT AT CROSSWALK',Yes,None,0.592537,0.902527,'Possible Injury'
MONTGOMERY,42289,18.05,County,Bicyclist,'STRAIGHT MOVEMENT ANGLE',Clear,Dry,Daylight,'NO CONTROLS','None Detected','None Detected','Cross/Enter at Intersection','NOT VISIBLE',SIDEWALK,No,Yes,0.610045,0.864141,'Suspected Minor Injury'
MONTGOMERY,43420,23.167,'Maryland (State)',Bicyclist,'Single Vehicle',Clear,Dry,'Dark - Lighted','TRAFFIC SIGNAL','None Detected','None Detected','Cross/Enter at Intersection','FAILURE TO OBEY TRAFFIC SIGNS SIGNALS OR OFFICER','ON ROADWAY NOT AT CROSSWALK',No,None,0.510942,0.926766,'Suspected Serious Injury'
MONTGOMERY,44251,17.833,Municipality,Bicyclist,'Single Vehicle',Clear,Dry,'Dark - Lighted','STOP SIGN','None Detected','None Detected','Cross/Enter at Intersection',None,'ON ROADWAY AT CROSSWALK',No,Yes,0.475306,0.91577,'Suspected Minor Injury'
ROCKVILLE,42760,17.917,Municipality,' CONVEYANCE','STRAIGHT MOVEMENT ANGLE',Clear,Dry,'Dark - Lighted','STOP SIGN','None Detected','None Detected','Cross/Enter at Intersection',None,'ON ROADWAY AT CROSSWALK',No,None,0.607749,0.895123,'Possible Injury'
ROCKVILLE,43357,13.75,'Maryland (State)',Pedestrian,'Single Vehicle',Cloudy,Dry,Daylight,'NO CONTROLS','None Detected','None Detected','Walking/Cycling on Sidewalk',None,SIDEWALK,No,None,0.61519,0.893306,'Possible Injury'
MONTGOMERY,44615,23.5,County,Pedestrian,'Single Vehicle',Clear,Dry,'Dark - Lighted','NO CONTROLS','None Detected','None Detected','Cross/Enter at Intersection',None,'ON ROADWAY AT CROSSWALK',No,None,0.727124,0.888546,'Suspected Minor Injury'
MONTGOMERY,42626,12.2,County,Pedestrian,'Single Vehicle',Clear,Dry,Daylight,'TRAFFIC SIGNAL','None Detected','None Detected','Cross/Enter at Intersection',None,'ON ROADWAY AT CROSSWALK',No,None,0.507426,0.94951,'Possible Injury'
MONTGOMERY,43698,13.217,County,Bicyclist,'Single Vehicle',Clear,Dry,Daylight,'NO CONTROLS','None Detected','None Detected','Walking/Cycling on Sidewalk',None,SIDEWALK,No,Yes,0.49868,0.917915,'Suspected Minor Injury'
MONTGOMERY,43883,23.35,County,Pedestrian,'Single Vehicle',Clear,Dry,'Dark - Lighted','NO CONTROLS','None Detected','None Detected',' Working',None,'ON ROADWAY NOT AT CROSSWALK',No,None,0.502825,0.94927,'Suspected Minor Injury'
MONTGOMERY,43208,11.5,County,Pedestrian,'Single Vehicle',Clear,Dry,Daylight,'NO CONTROLS','None Detected','None Detected','Cross/Enter Not at Intersection',Inattentive,'ON ROADWAY NOT AT CROSSWALK',Yes,None,0.610115,0.98251,'Suspected Minor Injury'
MONTGOMERY,43445,5.883,County,Pedestrian,'Single Vehicle',Clear,Dry,'Dark - Not Lighted','TRAFFIC SIGNAL','None Detected','None Detected','Cross/Enter at Intersection',None,'ON ROADWAY AT CROSSWALK',No,None,0.581777,0.920188,'Suspected Minor Injury'
MONTGOMERY,44380,8.733,County,Pedestrian,'Single Vehicle',Cloudy,Dry,Daylight,'TRAFFIC SIGNAL','None Detected','None Detected','Cross/Enter at Intersection',None,'ON ROADWAY AT CROSSWALK',No,None,0.620719,0.940906,'Suspected Minor Injury'
MONTGOMERY,45452,16,County,Bicyclist,'Single Vehicle',Clear,Dry,Daylight,'NO CONTROLS','None Detected','None Detected','Cross/Enter at Intersection',None,'ON ROADWAY NOT AT CROSSWALK',No,Yes,0.695523,0.890628,'Possible Injury'
MONTGOMERY,43074,18.95,County,Pedestrian,'Single Vehicle',Clear,Wet,'Dark - Lighted','NO CONTROLS','None Detected','None Detected',Standing,None,'ON ROADWAY AT CROSSWALK',No,None,0.641449,0.878435,'Possible Injury'
MONTGOMERY,43777,18.667,'US (State)',Pedestrian,'STRAIGHT MOVEMENT ANGLE',Clear,Dry,'Dark - Lighted','TRAFFIC SIGNAL','None Detected','None Detected','Cross/Enter at Intersection',Dart/Dash,'ON ROADWAY NOT AT CROSSWALK',Yes,None,0.575596,0.973176,'Suspected Serious Injury'
MONTGOMERY,42230,19,County,Pedestrian,'Single Vehicle',Clear,Dry,Daylight,'NO CONTROLS','None Detected','None Detected','Cross/Enter at Intersection',None,'ON ROADWAY AT CROSSWALK',No,None,0.676376,0.864464,'Suspected Minor Injury'
MONTGOMERY,44402,10.633,County,Pedestrian,'Single Vehicle',Clear,Dry,Daylight,PERSON,'None Detected','None Detected',Standing,None,'ON ROADWAY AT CROSSWALK',No,None,0.573092,0.910792,'Possible Injury'
MONTGOMERY,42151,15.05,'US (State)',Bicyclist,'STRAIGHT MOVEMENT ANGLE',Clear,Dry,Daylight,'STOP SIGN','None Detected','None Detected','Cross/Enter at Intersection',None,'ON ROADWAY AT CROSSWALK',No,Yes,0.498335,0.948859,'Suspected Minor Injury'
MONTGOMERY,42648,20.817,County,Pedestrian,'Single Vehicle',Clear,Dry,'Dark - Lighted','NO CONTROLS','None Detected','None Detected','Cross/Enter at Intersection',None,'MIDBLOCK MARKED CROSSWALK',No,None,0.602254,0.984884,'Possible Injury'
MONTGOMERY,43540,11.967,County,Bicyclist,'Single Vehicle',Clear,Dry,Daylight,'NO CONTROLS','None Detected','None Detected','Walking/Riding w/Traffic','IMPROPER TURN MERGE','ON ROADWAY NOT AT CROSSWALK',Yes,Yes,0.551484,0.924913,'Suspected Minor Injury'
MONTGOMERY,42628,9.517,County,Pedestrian,'Single Vehicle',Cloudy,Dry,Daylight,'NO CONTROLS','None Detected','None Detected','Cross/Enter at Intersection',None,'ON ROADWAY AT CROSSWALK',No,None,0.540317,0.89737,'Suspected Minor Injury'
MONTGOMERY,42058,13.117,Municipality,Pedestrian,'Single Vehicle',Clear,Dry,Daylight,'NO CONTROLS','None Detected','None Detected',' Working',None,'ON ROADWAY NOT AT CROSSWALK',No,None,0.659102,0.871426,'No Apparent Injury'
MONTGOMERY,45414,5.867,'Maryland (State)',Pedestrian,'Single Vehicle',Clear,Dry,'Dark - Lighted','TRAFFIC SIGNAL','None Detected','None Detected','Cross/Enter at Intersection',None,'ON ROADWAY AT CROSSWALK',No,None,0.50388,0.956656,'Possible Injury'
MONTGOMERY,45525,21.383,'Maryland (State)',Pedestrian,'Single Vehicle',Clear,Dry,'Dark - Lighted','TRAFFIC SIGNAL','None Detected','None Detected','Cross/Enter at Intersection','FAILURE TO YIELD RIGHT OF WAY','ON ROADWAY AT CROSSWALK',Yes,None,0.645362,0.886232,'Possible Injury'
MONTGOMERY,42915,8.833,Ramp,' CONVEYANCE','STRAIGHT MOVEMENT ANGLE',Clear,Dry,Daylight,'STOP SIGN','None Detected','None Detected','Cross/Enter at Intersection',None,'ON ROADWAY AT CROSSWALK',No,None,0.639113,0.876151,'Suspected Minor Injury'
MONTGOMERY,43413,17.983,'Maryland (State)',Pedestrian,'Single Vehicle',Rain,Wet,'Dark - Lighted','TRAFFIC SIGNAL','None Detected','None Detected','Cross/Enter at Intersection',None,'AT AT INTERSECTION MARKED CROSSWALK',No,None,0.565228,0.911023,'Possible Injury'
ROCKVILLE,45634,23.283,Municipality,Pedestrian,'Single Vehicle',Clear,Dry,'Dark - Lighted','NO CONTROLS','None Detected','None Detected',Standing,'IN ROADWAY IMPROPERLY','ON ROADWAY NOT AT CROSSWALK',Yes,None,0.579995,0.907768,'No Apparent Injury'
MONTGOMERY,43628,12.3,Municipality,Bicyclist,'Single Vehicle',Clear,Dry,Daylight,'TRAFFIC SIGNAL','None Detected','None Detected','Walking/Riding against Traffic','WRONG WAY RIDING OR WALKING','ON ROADWAY AT CROSSWALK',Yes,Yes,0.640563,0.87649,'Suspected Minor Injury'
MONTGOMERY,45423,19,County,Pedestrian,'Single Vehicle',Clear,Dry,Daylight,'NO CONTROLS','None Detected','None Detected','Cross/Enter at Intersection',None,SIDEWALK,No,None,0.707987,0.870445,'Possible Injury'
MONTGOMERY,42620,9.3,County,Pedestrian,'Single Vehicle',Clear,Dry,Daylight,'NO CONTROLS','None Detected','None Detected','Cross/Enter at Intersection',None,'INSIDE BUILDING',No,None,0.68128,0.911035,'No Apparent Injury'
MONTGOMERY,42923,13,County,Bicyclist,'STRAIGHT MOVEMENT ANGLE',Clear,Dry,Daylight,'NO CONTROLS','None Detected','None Detected','Cross/Enter at Intersection','FAILURE TO YIELD RIGHT OF WAY','ON ROADWAY AT CROSSWALK',No,Yes,0.606103,0.983472,'Possible Injury'
MONTGOMERY,44364,11.3,'Maryland (State)',Pedestrian,'Single Vehicle',Clear,Dry,Daylight,'NO CONTROLS','None Detected','None Detected','Cross/Enter at Intersection',Dart/Dash,'ON ROADWAY NOT AT CROSSWALK',Yes,None,0.555845,0.936796,'Possible Injury'
MONTGOMERY,45420,20.067,County,Bicyclist,'Single Vehicle',Clear,Dry,'Dark - Lighted','TRAFFIC SIGNAL','None Detected','None Detected','Cross/Enter at Intersection',None,SIDEWALK,No,Yes,0.563821,0.946497,'Suspected Minor Injury'
MONTGOMERY,43304,11.083,County,Pedestrian,'Single Vehicle',Cloudy,Wet,Daylight,'NO CONTROLS','None Detected','None Detected','Cross/Enter Not at Intersection','IN ROADWAY IMPROPERLY','ON ROADWAY NOT AT CROSSWALK',Yes,None,0.597908,0.960363,'Suspected Minor Injury'
MONTGOMERY,43457,20.733,County,Pedestrian,'Single Vehicle',Clear,Dry,'Dark - Lighted','NO CONTROLS','None Detected','ALCOHOL PRESENT','Cross/Enter Not at Intersection','IN ROADWAY IMPROPERLY','ON ROADWAY NOT AT CROSSWALK',Yes,None,0.712232,0.848168,'Suspected Minor Injury'
MONTGOMERY,45657,13,County,Pedestrian,'Single Vehicle',Clear,Dry,Daylight,'TRAFFIC SIGNAL','None Detected','None Detected','Walking/Cycling on Sidewalk',None,SIDEWALK,No,None,0.681048,0.869589,'Suspected Minor Injury'
GAITHERSBURG,44916,15.167,Municipality,Pedestrian,'Single Vehicle',Clear,Dry,Daylight,'NO CONTROLS','None Detected','None Detected','Cross/Enter at Intersection',None,'AT AT INTERSECTION MARKED CROSSWALK',No,Yes,0.646355,0.871193,'Possible Injury'
ROCKVILLE,42233,13.467,County,Pedestrian,'Single Vehicle',Clear,Dry,Daylight,'NO CONTROLS','None Detected','None Detected','Cross/Enter at Intersection',None,'ON ROADWAY AT CROSSWALK',No,None,0.617059,0.893575,'Suspected Minor Injury'
MONTGOMERY,42531,10.15,'Maryland (State)',Bicyclist,'STRAIGHT MOVEMENT ANGLE',Clear,Dry,Daylight,'NO CONTROLS','None Detected','None Detected','Walking/Riding w/Traffic',None,'ON ROADWAY NOT AT CROSSWALK',No,Yes,0.751133,0.851871,'Suspected Serious Injury'
MONTGOMERY,43816,17.533,'Maryland (State)',Pedestrian,'Single Vehicle',Rain,Wet,'Dark - Lighted','NO CONTROLS','None Detected','None Detected','Cross/Enter at Intersection',None,'ON ROADWAY AT CROSSWALK',No,None,0.50895,0.947173,'Possible Injury'
MONTGOMERY,42643,2.25,County,Pedestrian,'Single Vehicle',Rain,Dry,'Dark - Lighted','NO CONTROLS','ALCOHOL PRESENT','None Detected',Standing,None,'ON ROADWAY AT CROSSWALK',No,None,0.576054,0.975254,'Suspected Minor Injury'
ROCKVILLE,42738,14.683,'Maryland (State)',Pedestrian,'Single Vehicle',Rain,Wet,Daylight,'NO CONTROLS','None Detected','None Detected','Cross/Enter at Intersection',None,SIDEWALK,No,None,0.614204,0.893583,'Possible Injury'
MONTGOMERY,44029,12.417,'Maryland (State)',Bicyclist,'Single Vehicle',Clear,Dry,Daylight,'NO CONTROLS','None Detected','None Detected','Cross/Enter at Intersection',None,'AT AT INTERSECTION MARKED CROSSWALK',No,Yes,0.49622,0.917541,'Possible Injury'
MONTGOMERY,43867,22.033,'Maryland (State)',Pedestrian,'Single Vehicle',Rain,Wet,'Dark - Lighted','NO CONTROLS','None Detected','ALCOHOL CONTRIBUTED','Cross/Enter Not at Intersection','IN ROADWAY IMPROPERLY','ON ROADWAY NOT AT CROSSWALK',Yes,None,0.534374,0.954517,'Possible Injury'
MONTGOMERY,42256,13.667,County,Pedestrian,'Single Vehicle',Clear,Dry,Daylight,'NO CONTROLS','None Detected','None Detected','Cross/Enter at Intersection',None,'ON ROADWAY AT CROSSWALK',No,None,0.577357,0.939213,'Possible Injury'
MONTGOMERY,44593,7.667,County,Pedestrian,'Single Vehicle',Clear,Dry,Dawn,'TRAFFIC SIGNAL','None Detected','None Detected','Cross/Enter at Intersection',None,'ON ROADWAY AT CROSSWALK',No,None,0.583487,0.938596,'Suspected Minor Injury'
MONTGOMERY,43800,21.15,'Maryland (State)',Pedestrian,'Single Vehicle',Clear,Wet,'Dark - Lighted','TRAFFIC SIGNAL','None Detected','None Detected','Cross/Enter at Intersection',None,'ON ROADWAY AT CROSSWALK',No,None,0.528636,0.970543,'Suspected Minor Injury'
ROCKVILLE,42427,21.783,Municipality,Pedestrian,'Single Vehicle',Clear,Dry,'Dark - Lighted','NO CONTROLS','None Detected','None Detected','Cross/Enter at Intersection',None,'ON ROADWAY AT CROSSWALK',No,None,0.595356,0.900424,'Possible Injury'
MONTGOMERY,45611,8.383,County,Bicyclist,'SAME DIRECTION LEFT TURN',Clear,Dry,Daylight,'NO CONTROLS','None Detected','None Detected','Cross/Enter Not at Intersection',None,SIDEWALK,No,Yes,0.549231,0.939918,'Suspected Serious Injury'
MONTGOMERY,43138,14.417,'Maryland (State)',Bicyclist,'STRAIGHT MOVEMENT ANGLE',Rain,Wet,Daylight,'NO CONTROLS','None Detected','None Detected','Cross/Enter at Intersection','FAILURE TO YIELD RIGHT OF WAY','ON ROADWAY NOT AT CROSSWALK',Yes,Yes,0.509062,0.947295,'Possible Injury'
MONTGOMERY,44042,15.8,County,Pedestrian,'STRAIGHT MOVEMENT ANGLE',Clear,Dry,Daylight,'TRAFFIC SIGNAL','None Detected','None Detected','Cross/Enter at Intersection',None,'AT AT INTERSECTION MARKED CROSSWALK',No,None,0.615119,0.939549,'Suspected Minor Injury'
MONTGOMERY,43350,12.383,County,Pedestrian,'Single Vehicle',Cloudy,Dry,Daylight,'STOP SIGN','None Detected','None Detected','Cross/Enter at Intersection','IN ROADWAY IMPROPERLY','ON ROADWAY AT CROSSWALK',Yes,None,0.712652,0.842505,'Suspected Serious Injury'
MONTGOMERY,44324,2.4,County,Pedestrian,'Single Vehicle',Clear,Dry,'Dark - Lighted','NO CONTROLS','ALCOHOL PRESENT','None Detected',Standing,None,'ON ROADWAY AT CROSSWALK',No,None,0.501302,0.949819,'Suspected Serious Injury'
ROCKVILLE,42183,18.283,Municipality,Pedestrian,'Single Vehicle',Clear,Dry,Daylight,'NO CONTROLS','None Detected','None Detected','Cross/Enter Not at Intersection','IN ROADWAY IMPROPERLY','AT INTERSECTION BUT NO CROSSWALK',No,None,0.610536,0.89742,'Suspected Minor Injury'
MONTGOMERY,42166,13.067,'Maryland (State)',Bicyclist,'Single Vehicle',Clear,Dry,Daylight,'NO CONTROLS','None Detected','None Detected','Walking/Cycling on Sidewalk','FAILURE TO YIELD RIGHT OF WAY',SIDEWALK,No,None,0.678529,0.870792,'Suspected Minor Injury'
MONTGOMERY,44097,13.3,County,Bicyclist,'Single Vehicle',Clear,Dry,Daylight,'NO CONTROLS','None Detected','None Detected','Cross/Enter Not at Intersection',Dart/Dash,'ON ROADWAY AT CROSSWALK',Yes,None,0.778766,0.855118,'No Apparent Injury'
MONTGOMERY,42739,13.75,'Maryland (State)',Bicyclist,'HEAD ON LEFT TURN',Clear,Dry,Daylight,'TRAFFIC SIGNAL','None Detected','None Detected','Cross/Enter at Intersection',None,'AT INTERSECTION BUT NO CROSSWALK',No,Yes,0.513424,0.881059,'Suspected Minor Injury'
MONTGOMERY,42858,19.8,'Maryland (State)',Bicyclist,'STRAIGHT MOVEMENT ANGLE',Clear,Dry,Dusk,'TRAFFIC SIGNAL','None Detected','None Detected','Cross/Enter at Intersection',None,'ON ROADWAY AT CROSSWALK',No,None,0.497727,0.91892,'Suspected Minor Injury'
MONTGOMERY,42934,10.167,County,Pedestrian,'HEAD ON LEFT TURN',Clear,Dry,Daylight,'TRAFFIC SIGNAL','None Detected','None Detected','Cross/Enter at Intersection',None,'ON ROADWAY AT CROSSWALK',No,None,0.616061,0.933066,'Suspected Minor Injury'
MONTGOMERY,43272,23.317,'Maryland (State)',Pedestrian,'Single Vehicle',Clear,Dry,'Dark - Lighted','TRAFFIC SIGNAL','None Detected','None Detected','Cross/Enter at Intersection',None,'ON ROADWAY AT CROSSWALK',No,None,0.528681,0.970474,'Fatal Injury'
MONTGOMERY,44450,13.917,County,Pedestrian,'HEAD ON',Clear,Dry,Daylight,'NO CONTROLS','None Detected','None Detected',Standing,None,'ON ROADWAY AT CROSSWALK',No,None,0.596244,0.92072,'No Apparent Injury'
MONTGOMERY,42551,10.817,County,Pedestrian,'SAME DIR REAR END',Clear,Dry,Daylight,'NO CONTROLS','None Detected','None Detected',Standing,None,'ON ROADWAY AT CROSSWALK',No,None,0.669692,0.888778,'No Apparent Injury'
MONTGOMERY,42347,6.617,County,Pedestrian,'Single Vehicle',Clear,Dry,'Dark - Lighted','TRAFFIC SIGNAL','None Detected','None Detected','Cross/Enter at Intersection',None,'AT AT INTERSECTION MARKED CROSSWALK',No,None,0.645509,0.879827,'Possible Injury'
MONTGOMERY,43451,19.933,County,Pedestrian,'Single Vehicle',Clear,Dry,'Dark - Lighted','TRAFFIC SIGNAL','None Detected','None Detected','Cross/Enter at Intersection',None,'AT AT INTERSECTION MARKED CROSSWALK',No,None,0.530165,0.921982,'Suspected Minor Injury'
GAITHERSBURG,45563,18.283,County,Pedestrian,'Single Vehicle',Clear,Dry,Daylight,'NO CONTROLS','None Detected','None Detected',Standing,None,'ON ROADWAY AT CROSSWALK',No,None,0.648841,0.870658,'Possible Injury'
MONTGOMERY,45509,13.8,County,Pedestrian,'Single Vehicle',Cloudy,Dry,Daylight,'NO CONTROLS','None Detected','None Detected','Cross/Enter at Intersection',None,'ON ROADWAY AT CROSSWALK',No,None,0.690301,0.866468,'Possible Injury'
MONTGOMERY,43370,3.583,County,Pedestrian,'OPPOSITE DIRECTION SIDESWIPE',Rain,Wet,'Dark - Lighted','NO CONTROLS','ALCOHOL PRESENT','None Detected',Standing,None,'ON ROADWAY NOT AT CROSSWALK',No,None,0.706959,0.868122,'Suspected Serious Injury'
MONTGOMERY,43235,17.333,'Maryland (State)',Bicyclist,'STRAIGHT MOVEMENT ANGLE',Clear,Dry,Daylight,'NO CONTROLS','None Detected','None Detected','Walking/Cycling on Sidewalk',None,SIDEWALK,No,None,0.675362,0.872184,'Suspected Serious Injury'
MONTGOMERY,42618,16.217,County,Bicyclist,'SAME DIRECTION RIGHT TURN',Clear,Dry,Daylight,'TRAFFIC SIGNAL','None Detected','None Detected','Walking/Cycling on Sidewalk',None,'ON ROADWAY AT CROSSWALK',Yes,None,0.510886,0.964803,'Possible Injury'
MONTGOMERY,42340,17.333,'Maryland (State)',Bicyclist,'STRAIGHT MOVEMENT ANGLE',Foggy,Wet,'Dark - Lighted','TRAFFIC SIGNAL','None Detected','None Detected','Walking/Riding w/Traffic','FAILURE TO YIELD RIGHT OF WAY','ON ROADWAY NOT AT CROSSWALK',Yes,Yes,0.484927,0.920756,'Suspected Minor Injury'
ROCKVILLE,43649,10.883,Municipality,Pedestrian,'Single Vehicle',Clear,Dry,Daylight,'STOP SIGN','None Detected','None Detected','Cross/Enter at Intersection',None,'ON ROADWAY AT CROSSWALK',No,None,0.60145,0.8981,'Possible Injury'
MONTGOMERY,44050,10.25,County,Pedestrian,'Single Vehicle',Clear,Dry,Daylight,'STOP SIGN','None Detected','None Detected','Walking/Riding w/Traffic',None,'ON ROADWAY NOT AT CROSSWALK',Yes,None,0.511239,0.957883,'Suspected Serious Injury'
MONTGOMERY,45554,18.383,'Maryland (State)',Pedestrian,'HEAD ON LEFT TURN',Clear,Dry,Daylight,'TRAFFIC SIGNAL','None Detected','None Detected','Cross/Enter at Intersection',None,'ON ROADWAY AT CROSSWALK',No,None,0.557684,0.912391,'Possible Injury'
MONTGOMERY,42306,12,County,Pedestrian,'Single Vehicle',Clear,Dry,Daylight,PERSON,'None Detected','None Detected',Standing,None,'ON ROADWAY AT CROSSWALK',No,Yes,0.557157,0.911401,'Possible Injury'
MONTGOMERY,44488,15.25,'US (State)',Pedestrian,'Single Vehicle',Clear,Dry,Daylight,'TRAFFIC SIGNAL','None Detected','None Detected','Cross/Enter at Intersection',None,'ON ROADWAY AT CROSSWALK',No,None,0.577425,0.974699,'No Apparent Injury'
MONTGOMERY,44336,12.967,County,Pedestrian,'Single Vehicle',Clear,Dry,Daylight,'NO CONTROLS','None Detected','None Detected','Walking/Cycling on Sidewalk',None,SIDEWALK,No,None,0.609819,0.871312,'Possible Injury'
MONTGOMERY,43129,6.95,County,Pedestrian,'Single Vehicle',Cloudy,Dry,'Dark - Lighted','TRAFFIC SIGNAL','None Detected','None Detected','Cross/Enter at Intersection','FAILURE TO YIELD RIGHT OF WAY','ON ROADWAY AT CROSSWALK',No,None,0.721703,0.845565,'Suspected Minor Injury'
MONTGOMERY,43755,9.517,County,Pedestrian,'Single Vehicle',Clear,Dry,Daylight,'NO CONTROLS','None Detected','None Detected','Cross/Enter at Intersection',None,'ON ROADWAY AT CROSSWALK',No,None,0.470544,0.914619,'Possible Injury'
MONTGOMERY,43845,20.683,'Maryland (State)',Pedestrian,'Single Vehicle',Clear,Dry,'Dark - Lighted','TRAFFIC SIGNAL','None Detected','None Detected','Cross/Enter at Intersection',None,'ON ROADWAY AT CROSSWALK',Yes,None,0.576949,0.90771,'Fatal Injury'
MONTGOMERY,43809,8.5,County,Pedestrian,'Single Vehicle',Cloudy,Wet,Daylight,'NO CONTROLS','None Detected','None Detected','Cross/Enter at Intersection',None,'AT INTERSECTION BUT NO CROSSWALK',No,None,0.712578,0.848491,'Suspected Minor Injury'
MONTGOMERY,43413,18.517,County,Pedestrian,'Single Vehicle',Clear,Dry,'Dark - Lighted','NO CONTROLS','None Detected','None Detected','Cross/Enter at Intersection',None,'ON ROADWAY AT CROSSWALK',No,None,0.564083,0.966598,'Possible Injury'
MONTGOMERY,44580,6.817,County,Pedestrian,'STRAIGHT MOVEMENT ANGLE',Cloudy,Wet,'Dark - Lighted','NO CONTROLS','None Detected','None Detected','Cross/Enter at Intersection','NOT VISIBLE','ON ROADWAY NOT AT CROSSWALK',No,None,0.537628,0.892973,'Suspected Serious Injury'
MONTGOMERY,44073,22.117,'Maryland (State)',Bicyclist,'SAME DIR REAR END',Clear,Dry,'Dark - Lighted','NO CONTROLS','None Detected','None Detected','Walking/Riding w/Traffic',None,'ON ROADWAY NOT AT CROSSWALK',No,Yes,0.53323,0.956264,'Suspected Serious Injury'
MONTGOMERY,43809,18.133,'Maryland (State)',Pedestrian,'Single Vehicle',Rain,Wet,'Dark - Lighted','NO CONTROLS','None Detected','None Detected','Cross/Enter at Intersection',None,'ON ROADWAY AT CROSSWALK',No,None,0.508993,0.94721,'Possible Injury'
MONTGOMERY,43077,18.883,'US (State)',Pedestrian,'Single Vehicle',Clear,Dry,'Dark - Lighted','NO CONTROLS','None Detected','None Detected','Cross/Enter at Intersection',None,'AT AT INTERSECTION MARKED CROSSWALK',No,None,0.50995,0.949135,'Suspected Minor Injury'
MONTGOMERY,43332,20.683,'Maryland (State)',Pedestrian,'STRAIGHT MOVEMENT ANGLE',Clear,Dry,'Dark - Lighted','TRAFFIC SIGNAL','None Detected','None Detected','Cross/Enter at Intersection','IN ROADWAY IMPROPERLY','ON ROADWAY AT CROSSWALK',Yes,None,0.536557,0.970572,'Possible Injury'
MONTGOMERY,43617,18.867,County,Pedestrian,'Single Vehicle',Clear,Dry,Daylight,'WARNING SIGN','None Detected','None Detected','Cross/Enter at Intersection',None,'ON ROADWAY AT CROSSWALK',No,None,0.695391,0.888744,'Possible Injury'
MONTGOMERY,43274,21.25,County,Pedestrian,'Single Vehicle',Clear,Dry,'Dark - Lighted','NO CONTROLS','None Detected','None Detected','Cross/Enter Not at Intersection',Dart/Dash,'ON ROADWAY NOT AT CROSSWALK',Yes,None,0.604894,0.985048,'Suspected Serious Injury'
MONTGOMERY,42321,16.317,County,Pedestrian,'Single Vehicle',Clear,Dry,Daylight,'NO CONTROLS','None Detected','None Detected','Cross/Enter at Intersection',None,'AT AT INTERSECTION MARKED CROSSWALK',No,None,0.575877,0.923049,'Possible Injury'
ROCKVILLE,45607,21.9,'Maryland (State)',Pedestrian,'Single Vehicle',Clear,Dry,'Dark - Lighted','TRAFFIC SIGNAL','None Detected','None Detected','Cross/Enter at Intersection',None,'ON ROADWAY AT CROSSWALK',No,None,0.645321,0.886287,'Suspected Minor Injury'
MONTGOMERY,42547,3.233,'Maryland (State)',Pedestrian,'STRAIGHT MOVEMENT ANGLE',Clear,Dry,'Dark - Lighted','NO CONTROLS','None Detected','ALCOHOL CONTRIBUTED','Cross/Enter Not at Intersection','IN ROADWAY IMPROPERLY','ON ROADWAY NOT AT CROSSWALK',Yes,None,0.606354,0.926509,'Suspected Minor Injury'
MONTGOMERY,43064,9,County,Bicyclist,'STRAIGHT MOVEMENT ANGLE',Clear,Dry,Daylight,'STOP SIGN','None Detected','None Detected',Standing,None,'AT AT INTERSECTION MARKED CROSSWALK',No,Yes,0.664791,0.922888,'Possible Injury'
TAKOMA,42275,8.95,Municipality,'Bicyclist  Pedestrian','Single Vehicle',Cloudy,Dry,Daylight,'SCHOOL ZONE SIGN DEVICE','None Detected','None Detected','Walking/Riding w/Traffic','FAILURE TO YIELD RIGHT OF WAY','AT AT INTERSECTION MARKED CROSSWALK',Yes,None,0.488031,0.957197,'No Apparent Injury'
MONTGOMERY,44635,15.383,'Maryland (State)',Bicyclist,'STRAIGHT MOVEMENT ANGLE',Clear,Dry,Daylight,'FLASHING TRAFFIC SIGNAL','None Detected','None Detected','Cross/Enter at Intersection',None,SHOULDER,No,Yes,0.503325,0.932752,'Suspected Serious Injury'
MONTGOMERY,43815,17.383,County,Pedestrian,'Single Vehicle',Rain,Wet,'Dark - Lighted','STOP SIGN','None Detected','None Detected','Cross/Enter at Intersection',None,'ON ROADWAY AT CROSSWALK',No,None,0.720216,0.843692,'Possible Injury'