'Agency Name','Days after Jan 1','Hours past Midnight','Route Type','Related Non-Motorist','Collision Type',Weather,'Surface Condition',Light,'Traffic Control','Driver Substance Abuse','Non-Motorist Substance Abuse','Pedestrian Movement','Pedestrian Actions','Pedestrian Location','At Fault','Safety Equipment','Lat- Normalized','Long- Normalized','Injury Severity'
MONTGOMERY,42745,9.933,County,Pedestrian,'Single Vehicle',Cloudy,Dry,Daylight,'NO CONTROLS','None Detected','None Detected','Cross/Enter at Intersection',None,'AT INTERSECTION BUT NO CROSSWALK',No,None,0.707357,0.869425,'Suspected Minor Injury'
MONTGOMERY,42038,10.15,County,Pedestrian,'Single Vehicle',Clear,Dry,Daylight,'TRAFFIC SIGNAL','None Detected','None Detected','Cross/Enter at Intersection',None,'ON ROADWAY AT CROSSWALK',No,None,0.507506,0.949494,'Possible Injury'
MONTGOMERY,44720,19.833,County,'MACHINE OPERATOR/RIDER','STRAIGHT MOVEMENT ANGLE',Rain,Wet,Daylight,'NO CONTROLS','None Detected','None Detected','Cross/Enter at Intersection',Inattentive,'ON ROADWAY NOT AT CROSSWALK',Yes,None,0.676824,0.855816,'Possible Injury'
MONTGOMERY,44022,6.383,'Maryland (State)',' CONVEYANCE','SAME DIR REAR END',Clear,Dry,Daylight,'NO CONTROLS','None Detected','None Detected','Cross/Enter at Intersection',Inattentive,'ON ROADWAY AT CROSSWALK',Yes,Yes,0.573692,0.925567,'Suspected Minor Injury'
TAKOMA,44519,17,County,Pedestrian,'Single Vehicle',Clear,Dry,'Dark - Lighted','NO CONTROLS','None Detected','None Detected','Cross/Enter at Intersection',None,'ON ROADWAY AT CROSSWALK',No,None,0.489729,0.956155,'No Apparent Injury'
MONTGOMERY,44326,17.833,County,Bicyclist,'Single Vehicle',Clear,Dry,Daylight,'NO CONTROLS','None Detected','None Detected','Cross/Enter Not at Intersection',Dart/Dash,'ON ROADWAY NOT AT CROSSWALK',Yes,Yes,0.501743,0.917573,'Suspected Minor Injury'
MONTGOMERY,45612,15.333,'Maryland (State)',Bicyclist,'HEAD ON LEFT TURN',Clear,Dry,Daylight,'TRAFFIC SIGNAL','None Detected','None Detected','Cross/Enter at Intersection',None,'ON ROADWAY NOT AT CROSSWALK',No,Yes,0.708258,0.934695,'Possible Injury'
MONTGOMERY,43491,0.05,'Maryland (State)',Pedestrian,'Single Vehicle',Clear,Dry,'Dark - Lighted','NO CONTROLS','None Detected','None Detected','Cross/Enter Not at Intersection',None,'OUTSIDE RIGHT OF WAY',No,None,0.580981,0.938297,'Fatal Injury'
MONTGOMERY,43658,9,County,Pedestrian,'Single Vehicle',Clear,Dry,'Dark - Lighted','NO CONTROLS','None Detected','None Detected','Cross/Enter Not at Intersection',None,'ON ROADWAY AT CROSSWALK',No,None,0.629094,0.875178,'Possible Injury'
MONTGOMERY,42733,14.233,Municipality,Pedestrian,'STRAIGHT MOVEMENT ANGLE',Clear,Dry,Daylight,'NO CONTROLS','None Detected','None Detected','Cross/Enter at Intersection',None,'AT AT INTERSECTION MARKED CROSSWALK',No,None,0.606015,0.897481,'Possible Injury'
MONTGOMERY,45593,17.067,County,Pedestrian,'Single Vehicle',Clear,Dry,Daylight,'NO CONTROLS','None Detected','None Detected','Cross/Enter at Intersection',None,'ON ROADWAY AT CROSSWALK',No,None,0.631281,0.934283,'Suspected Minor Injury'
MONTGOMERY,42715,18.6,'Maryland (State)',Pedestrian,'Single Vehicle',Clear,Dry,'Dark - Lighted','NO CONTROLS','None Detected','None Detected','Cross/Enter Not at Intersection',None,'ON ROADWAY AT CROSSWALK',No,None,0.553811,0.935298,'Suspected Minor Injury'
MONTGOMERY,45564,21.783,County,Pedestrian,'Single Vehicle',Clear,Wet,'Dark - Not Lighted','TRAFFIC SIGNAL','None Detected','ALCOHOL PRESENT','Cross/Enter at Intersection',None,'ON ROADWAY AT CROSSWALK',No,None,0.562494,0.932157,'Suspected Serious Injury'
ROCKVILLE,44041,16.683,Municipality,Bicyclist,'STRAIGHT MOVEMENT ANGLE',Clear,Dry,Daylight,'STOP SIGN','None Detected','None Detected','Walking/Riding w/Traffic','FAILURE TO OBEY TRAFFIC SIGNS SIGNALS OR OFFICER','ON ROADWAY NOT AT CROSSWALK',Yes,None,0.600811,0.903216,'Suspected Minor Injury'
MONTGOMERY,43883,15.333,County,Pedestrian,'HEAD ON LEFT TURN',Clear,Dry,Daylight,'NO CONTROLS','None Detected','None Detected','Push/Work on Vehicle',Inattentive,SIDEWALK,No,None,0.575797,0.923755,'Possible Injury'
MONTGOMERY,45645,15.367,County,Pedestrian,'STRAIGHT MOVEMENT ANGLE',Clear,Dry,Daylight,'NO CONTROLS','None Detected','None Detected','Cross/Enter at Intersection',None,'ON ROADWAY AT CROSSWALK',No,None,0.614689,0.937342,'Suspected Serious Injury'
MONTGOMERY,43203,18.567,County,Pedestrian,'Single Vehicle',Clear,Dry,Daylight,'NO CONTROLS','None Detected','None Detected','Cross/Enter Not at Intersection','IN ROADWAY IMPROPERLY','ON ROADWAY NOT AT CROSSWALK',Yes,None,0.689174,0.872476,'Suspected Minor Injury'
ROCKVILLE,45341,20,'Maryland (State)',Pedestrian,'Single Vehicle',Clear,Dry,'Dark - Lighted','TRAFFIC SIGNAL','None Detected','None Detected','Cross/Enter Not at Intersection',Dart/Dash,'ON ROADWAY NOT AT CROSSWALK',Yes,None,0.596928,0.909811,'Suspected Minor Injury'
MONTGOMERY,43451,8,'Maryland (State)',Pedestrian,'SAME DIRECTION RIGHT TURN',Clear,Dry,Daylight,'NO CONTROLS','None Detected','None Detected','Cross/Enter at Intersection',Inattentive,'AT AT INTERSECTION MARKED CROSSWALK',No,None,0.652792,0.881844,'Suspected Minor Injury'
MONTGOMERY,42970,19.4,'Maryland (State)',Bicyclist,'HEAD ON LEFT TURN',Clear,Dry,Daylight,'TRAFFIC SIGNAL','None Detected','None Detected','Walking/Cycling on Sidewalk','FAILURE TO OBEY TRAFFIC SIGNS SIGNALS OR OFFICER','ON ROADWAY AT CROSSWALK',Yes,Yes,0.528318,0.908421,'Possible Injury'
MONTGOMERY,45566,7.5,'Maryland (State)',Pedestrian,'Single Vehicle',Clear,Dry,Daylight,'TRAFFIC SIGNAL','None Detected','None Detected','Cross/Enter at Intersection',Inattentive,'ON ROADWAY AT CROSSWALK',No,None,0.603226,0.927548,'Suspected Minor Injury'
MONTGOMERY,44054,10.15,County,Pedestrian,'Single Vehicle',Clear,Dry,Daylight,'NO CONTROLS','None Detected','None Detected',Standing,'ENTERING EXITING PARKED STANDING VEHICLE','ON ROADWAY AT CROSSWALK',No,None,0.617577,0.925241,'Fatal Injury'
MONTGOMERY,43764,20.067,County,Pedestrian,'Single Vehicle',Clear,Dry,'Dark - Lighted','NO CONTROLS','None Detected','None Detected','Cross/Enter at Intersection','FAILURE TO YIELD RIGHT OF WAY','ON ROADWAY AT CROSSWALK',Yes,None,0.50321,0.939687,'Suspected Minor Injury'
ROCKVILLE,42871,9.733,'Maryland (State)',Pedestrian,'Single Vehicle',Clear,Dry,Daylight,'NO CONTROLS','None Detected','None Detected','Cross/Enter Not at Intersection','FAILURE TO YIELD RIGHT OF WAY','OUTSIDE RIGHT OF WAY',Yes,None,0.619382,0.893274,'Possible Injury'
MONTGOMERY,43703,20.333,County,Pedestrian,'Single Vehicle',Clear,Dry,'Dark - Lighted','NO CONTROLS','None Detected','None Detected','Cross/Enter at Intersection',None,'AT AT INTERSECTION MARKED CROSSWALK',No,None,0.673152,0.926352,'Possible Injury'
MONTGOMERY,43626,16.133,County,Pedestrian,'Single Vehicle',Cloudy,Dry,Daylight,'NO CONTROLS','None Detected','ALCOHOL PRESENT','Cross/Enter at Intersection',None,'ON ROADWAY AT CROSSWALK',No,None,0.576393,0.924404,'Possible Injury'
MONTGOMERY,45524,21.433,County,Pedestrian,'Single Vehicle',Clear,Dry,'Dark - Lighted','TRAFFIC SIGNAL','None Detected','None Detected','Cross/Enter at Intersection',None,'ON ROADWAY AT CROSSWALK',No,None,0.485642,0.918101,'Suspected Minor Injury'
MONTGOMERY,44373,9.15,County,Bicyclist,'SAME DIR REAR END',Clear,Dry,Daylight,'NO CONTROLS','None Detected','None Detected','Walking/Riding w/Traffic',None,'ON ROADWAY AT CROSSWALK',No,Yes,0.770327,0.783171,'Suspected Minor Injury'
MONTGOMERY,43988,4.25,County,Pedestrian,'Single Vehicle',Clear,Dry,'Dark - Lighted','NO CONTROLS','None Detected','None Detected','Walking/Riding w/Traffic',None,SIDEWALK,No,None,0.619752,0.930014,'Suspected Minor Injury'
MONTGOMERY,42952,11.567,'Maryland (State)',Pedestrian,'Single Vehicle',Clear,Dry,Daylight,'TRAFFIC SIGNAL','None Detected','None Detected','Cross/Enter at Intersection',None,'AT AT INTERSECTION MARKED CROSSWALK',No,None,0.529274,0.941875,'Suspected Serious Injury'
MONTGOMERY,43647,18.767,County,Pedestrian,'Single Vehicle',Clear,Dry,Daylight,'TRAFFIC SIGNAL','None Detected','None Detected','Cross/Enter at Intersection',None,'ON ROADWAY AT CROSSWALK',No,None,0.541577,0.896582,'Possible Injury'
MONTGOMERY,42886,7.333,County,Pedestrian,'STRAIGHT MOVEMENT ANGLE',Cloudy,Wet,Daylight,'NO CONTROLS','None Detected','None Detected','Cross/Enter Not at Intersection','IN ROADWAY IMPROPERLY','ON ROADWAY NOT AT CROSSWALK',Yes,None,0.542503,0.953112,'Possible Injury'
MONTGOMERY,43902,18.517,County,Bicyclist,'Single Vehicle',Clear,Dry,Daylight,'TRAFFIC SIGNAL','None Detected','None Detected','Cross/Enter at Intersection',None,'AT AT INTERSECTION MARKED CROSSWALK',No,None,0.71375,0.844265,'Possible Injury'
MONTGOMERY,43436,17.483,'Maryland (State)',Pedestrian,'Single Vehicle',Clear,Dry,'Dark - Lighted','NO CONTROLS','None Detected','None Detected','Cross/Enter Not at Intersection','IN ROADWAY IMPROPERLY','ON ROADWAY NOT AT CROSSWALK',Yes,None,0.513518,0.962541,'Suspected Serious Injury'
MONTGOMERY,42018,17.283,County,Pedestrian,'Single Vehicle',Cloudy,Dry,Dusk,'STOP SIGN','None Detected','None Detected','Cross/Enter at Intersection',None,'ON ROADWAY AT CROSSWALK',No,None,0.452649,0.907757,'Possible Injury'
MONTGOMERY,44834,21.083,County,Pedestrian,'Single Vehicle',Clear,Wet,'Dark - Lighted','NO CONTROLS','None Detected','None Detected','Cross/Enter Not at Intersection','FAILURE TO YIELD RIGHT OF WAY',SHOULDER,Yes,None,0.509911,0.946244,'Possible Injury'
MONTGOMERY,42286,7.65,County,Bicyclist,'STRAIGHT MOVEMENT ANGLE',Clear,Wet,Daylight,'TRAFFIC SIGNAL','None Detected','None Detected','Cross/Enter at Intersection','FAILURE TO OBEY TRAFFIC SIGNS SIGNALS OR OFFICER','ON ROADWAY AT CROSSWALK',Yes,Yes,0.616662,0.875026,'Possible Injury'
MONTGOMERY,43092,20.133,'Maryland (State)',Pedestrian,'Single Vehicle',Clear,Wet,'Dark - Lighted','STOP SIGN','None Detected','None Detected','Cross/Enter at Intersection',None,'AT INTERSECTION BUT NO CROSSWALK',No,None,0.614789,0.925612,'Possible Injury'
MONTGOMERY,42898,6.3,'Maryland (State)',Bicyclist,'STRAIGHT MOVEMENT ANGLE',Cloudy,Dry,Daylight,'NO CONTROLS','None Detected','None Detected','Cross/Enter Not at Intersection',Inattentive,'OUTSIDE RIGHT OF WAY',Yes,Yes,0.503361,0.932454,'Suspected Minor Injury'
MONTGOMERY,43602,11.233,County,Pedestrian,'Single Vehicle',Cloudy,Dry,Daylight,'NO CONTROLS','None Detected','None Detected','Cross/Enter at Intersection',None,'ON ROADWAY AT CROSSWALK',No,None,0.553098,0.929789,'No Apparent Injury'
MONTGOMERY,44886,14.333,County,Pedestrian,'Single Vehicle',Clear,Dry,Daylight,'NO CONTROLS','None Detected','None Detected',Standing,None,'INSIDE BUILDING',No,None,0.716948,0.855264,'Possible Injury'
MONTGOMERY,42777,16.317,County,Bicyclist,'Single Vehicle',Cloudy,Dry,Daylight,'NO CONTROLS','None Detected','None Detected',Playing,Dart/Dash,'ON ROADWAY NOT AT CROSSWALK',Yes,None,0.584573,0.927249,'No Apparent Injury'
MONTGOMERY,42790,15,County,Pedestrian,'Single Vehicle',Clear,Dry,Daylight,'NO CONTROLS','None Detected','None Detected','Cross/Enter at Intersection',None,'ON ROADWAY AT CROSSWALK',No,None,0.538719,0.906143,'No Apparent Injury'
ROCKVILLE,42801,13.75,Municipality,Bicyclist,'Single Vehicle',Clear,Dry,Daylight,'TRAFFIC SIGNAL','None Detected','None Detected','Walking/Riding against Traffic',None,'ON ROADWAY AT CROSSWALK',No,Yes,0.587816,0.889499,'Suspected Minor Injury'
MONTGOMERY,43027,18.867,County,Pedestrian,'SAME DIRECTION SIDESWIPE',Clear,Dry,'Dark - Lighted','NO CONTROLS','ALCOHOL PRESENT','None Detected','Cross/Enter at Intersection',None,'INSIDE BUILDING',No,None,0.510898,0.965355,'Suspected Minor Injury'
TAKOMA,43531,4.217,'Maryland (State)',Pedestrian,'Single Vehicle',Clear,Dry,'Dark - Lighted',PERSON,'None Detected','None Detected',Standing,None,'ON ROADWAY NOT AT CROSSWALK',No,Yes,0.492227,0.953861,'Possible Injury'
ROCKVILLE,45611,12,'Maryland (State)',Pedestrian,'Single Vehicle',Clear,Dry,Daylight,'TRAFFIC SIGNAL','None Detected','None Detected','Cross/Enter at Intersection',None,'ON ROADWAY AT CROSSWALK',No,None,0.59926,0.899262,'Possible Injury'
MONTGOMERY,42614,20.583,'Maryland (State)',Pedestrian,'Single Vehicle',Rain,Wet,'Dark - Lighted','TRAFFIC SIGNAL','None Detected','None Detected','Cross/Enter at Intersection',None,'ON ROADWAY AT CROSSWALK',No,None,0.485949,0.926771,'Suspected Minor Injury'
MONTGOMERY,43061,11.633,County,Pedestrian,'Single Vehicle',Clear,Dry,Daylight,'NO CONTROLS','None Detected','None Detected',' Working','NOT VISIBLE','ON ROADWAY AT CROSSWALK',No,None,0.504809,0.936647,'Possible Injury'
MONTGOMERY,42140,11.283,'Maryland (State)',Bicyclist,'SAME DIRECTION RIGHT TURN',Clear,Dry,Daylight,'TRAFFIC SIGNAL','None Detected','None Detected','Walking/Riding w/Traffic',None,'ON ROADWAY NOT AT CROSSWALK',No,Yes,0.578948,0.907217,'Suspected Minor Injury'
MONTGOMERY,44480,7.467,County,Bicyclist,'Single Vehicle',Clear,Dry,Daylight,'STOP SIGN','None Detected','None Detected','Cross/Enter at Intersection','WRONG WAY RIDING OR WALKING','AT AT INTERSECTION MARKED CROSSWALK',Yes,Yes,0.64459,0.851206,'Suspected Minor Injury'
MONTGOMERY,43377,17,County,Pedestrian,'Single Vehicle',Clear,Dry,Daylight,'NO CONTROLS','None Detected','None Detected','Cross/Enter at Intersection',None,'ON ROADWAY AT CROSSWALK',No,None,0.554133,0.935877,'Possible Injury'
ROCKVILLE,43840,16.983,County,Pedestrian,'Single Vehicle',Clear,Dry,Dawn,'NO CONTROLS','None Detected','None Detected','Walking/Cycling on Sidewalk',None,SIDEWALK,No,None,0.578861,0.907229,'Possible Injury'
GAITHERSBURG,44260,17.883,County,Pedestrian,'Single Vehicle',Clear,Dry,Daylight,'NO CONTROLS','None Detected','None Detected','Cross/Enter at Intersection',Inattentive,'ON ROADWAY AT CROSSWALK',No,None,0.65059,0.856426,'Suspected Minor Injury'
MONTGOMERY,42656,9.2,County,Pedestrian,'Single Vehicle',Clear,Dry,Daylight,'NO CONTROLS','None Detected','None Detected',Standing,None,'ON ROADWAY AT CROSSWALK',No,None,0.554918,0.890146,'Suspected Minor Injury'
MONTGOMERY,42551,10.817,County,Pedestrian,'SAME DIR REAR END',Clear,Dry,Daylight,'NO CONTROLS','None Detected','None Detected',Standing,None,'ON ROADWAY AT CROSSWALK',No,None,0.669692,0.888778,'Suspected Serious Injury'
MONTGOMERY,45415,10.25,County,Pedestrian,'Single Vehicle',Clear,Dry,Daylight,'NO CONTROLS','None Detected','None Detected','Cross/Enter Not at Intersection',Dart/Dash,'ON ROADWAY NOT AT CROSSWALK',No,None,0.541516,0.967008,'Possible Injury'
MONTGOMERY,44518,17.667,County,Pedestrian,'Single Vehicle',Clear,Dry,'Dark - Lighted','TRAFFIC SIGNAL','None Detected','None Detected','Cross/Enter at Intersection','FAILURE TO YIELD RIGHT OF WAY','ON ROADWAY AT CROSSWALK',Yes,None,0.539446,0.895077,'Suspected Serious Injury'
MONTGOMERY,42451,14.5,County,Pedestrian,'Single Vehicle',Clear,Dry,Daylight,'NO CONTROLS','None Detected','None Detected','Cross/Enter Not at Intersection',None,'ON ROADWAY NOT AT CROSSWALK',No,None,0.719171,0.843366,'Possible Injury'
MONTGOMERY,42875,15.517,County,Pedestrian,'Single Vehicle',Clear,Dry,Daylight,'NO CONTROLS','None Detected','None Detected',' Working',None,'ON ROADWAY AT CROSSWALK',No,None,0.510251,0.959643,'Possible Injury'
MONTGOMERY,42429,18.883,'Maryland (State)',Pedestrian,'Single Vehicle',Clear,Dry,'Dark - Lighted','TRAFFIC SIGNAL','None Detected','None Detected','Cross/Enter at Intersection','FAILURE TO OBEY TRAFFIC SIGNS SIGNALS OR OFFICER','AT AT INTERSECTION MARKED CROSSWALK',Yes,None,0.678429,0.860159,'Suspected Minor Injury'
MONTGOMERY,42604,8.917,County,Pedestrian,'Single Vehicle',Clear,Dry,Daylight,'NO CONTROLS','None Detected','None Detected','Cross/Enter at Intersection',None,'ON ROADWAY AT CROSSWALK',No,None,0.633148,0.894017,'Suspected Minor Injury'
TAKOMA,43117,9.55,County,Pedestrian,'Single Vehicle',Cloudy,Dry,Daylight,'NO CONTROLS','None Detected','None Detected','Getting off/on Vehicle','ENTERING EXITING PARKED STANDING VEHICLE','ON ROADWAY AT CROSSWALK',No,None,0.496008,0.965484,'Possible Injury'
MONTGOMERY,43744,18.283,County,Bicyclist,'Single Vehicle',Clear,Dry,Daylight,'NO CONTROLS','None Detected','None Detected','Cross/Enter at Intersection',Dart/Dash,'AT INTERSECTION BUT NO CROSSWALK',No,Yes,0.591568,0.921583,'Suspected Minor Injury'
MONTGOMERY,43564,15.383,County,Pedestrian,'Single Vehicle',Clear,Dry,Daylight,'NO CONTROLS','None Detected','None Detected','Cross/Enter at Intersection','ENTERING EXITING PARKED STANDING VEHICLE','ON ROADWAY AT CROSSWALK',No,None,0.662951,0.929561,'Suspected Serious Injury'
MONTGOMERY,45515,18.333,County,Bicyclist,'Single Vehicle',Clear,Dry,Daylight,'NO CONTROLS','None Detected','None Detected','Walking/Riding against Traffic',None,'ON ROADWAY NOT AT CROSSWALK',Yes,Yes,0.762655,0.832763,'Suspected Minor Injury'
MONTGOMERY,42628,20.583,County,Pedestrian,'Single Vehicle',Clear,Dry,'Dark - Lighted','NO CONTROLS','None Detected','ALCOHOL CONTRIBUTED','Cross/Enter Not at Intersection',Dart/Dash,'ON ROADWAY NOT AT CROSSWALK',Yes,None,0.649352,0.89068,'Suspected Minor Injury'
MONTGOMERY,45555,12.3,County,Pedestrian,'Single Vehicle',Clear,Dry,Daylight,'NO CONTROLS','ALCOHOL PRESENT','None Detected','Cross/Enter at Intersection',None,CURB,No,None,0.71597,0.85547,'Possible Injury'
MONTGOMERY,43721,6.917,County,Pedestrian,'Single Vehicle',Cloudy,Dry,Daylight,'TRAFFIC SIGNAL','None Detected','None Detected','Cross/Enter at Intersection','IN ROADWAY IMPROPERLY','ON ROADWAY AT CROSSWALK',Yes,None,0.729505,0.876177,'Suspected Minor Injury'
MONTGOMERY,45393,21.033,County,Pedestrian,'Single Vehicle',Clear,Dry,'Dark - Lighted','NO CONTROLS','None Detected','None Detected','Walking/Riding w/Traffic',None,SHOULDER,No,None,0.494755,0.90864,'Possible Injury'
MONTGOMERY,44509,15.067,County,Pedestrian,'Single Vehicle',Clear,Dry,Daylight,'STOP SIGN','None Detected','None Detected','Cross/Enter at Intersection','IN ROADWAY IMPROPERLY','ON ROADWAY NOT AT CROSSWALK',Yes,None,0.684606,0.873534,'Fatal Injury'
MONTGOMERY,44267,15.55,County,Pedestrian,'Single Vehicle',Clear,Dry,Daylight,'NO CONTROLS','None Detected','None Detected','Cross/Enter at Intersection',None,'ON ROADWAY AT CROSSWALK',No,None,0.697054,0.887946,'Suspected Minor Injury'
MONTGOMERY,42688,7.617,County,Pedestrian,'SAME DIR REAR END',Clear,Dry,Daylight,'NO CONTROLS','None Detected','None Detected','Walking/Riding w/Traffic',None,'ON ROADWAY NOT AT CROSSWALK',No,None,0.693481,0.832313,'Suspected Minor Injury'
MONTGOMERY,43100,16.983,Municipality,Pedestrian,'Single Vehicle',Clear,Dry,'Dark - Lighted','TRAFFIC SIGNAL','None Detected','None Detected','Cross/Enter at Intersection',None,'AT AT INTERSECTION MARKED CROSSWALK',No,None,0.681308,0.869625,'Suspected Minor Injury'
MONTGOMERY,42634,19.583,County,Pedestrian,'Single Vehicle',Clear,Dry,'Dark - Not Lighted','NO CONTROLS','None Detected','None Detected','Getting off/on Vehicle',None,'ON ROADWAY AT CROSSWALK',No,None,0.603863,0.98604,'Suspected Minor Injury'
MONTGOMERY,43164,8.2,County,Pedestrian,'Single Vehicle',Clear,Dry,Daylight,PERSON,'None Detected','None Detected','Cross/Enter at Intersection',None,'ON ROADWAY AT CROSSWALK',No,None,0.54995,0.928787,'Possible Injury'
MONTGOMERY,42319,18.15,'Maryland (State)',Bicyclist,'Single Vehicle',Clear,Dry,'Dark - Lighted','NO CONTROLS','None Detected','None Detected','Cross/Enter at Intersection',None,'ON ROADWAY NOT AT CROSSWALK',No,None,0.500372,0.91681,'No Apparent Injury'
MONTGOMERY,42044,20.333,County,Pedestrian,'Single Vehicle',Rain,Wet,'Dark - Lighted','NO CONTROLS','None Detected','None Detected','Cross/Enter at Intersection',None,'ON ROADWAY AT CROSSWALK',No,None,0.491217,0.918495,'Possible Injury'
MONTGOMERY,42857,18.35,'Maryland (State)',Pedestrian,'Single Vehicle',Clear,Dry,Daylight,'NO CONTROLS','None Detected','None Detected','Walking/Cycling on Sidewalk',None,SIDEWALK,No,None,0.509507,0.960679,'Possible Injury'
MONTGOMERY,45406,11.833,County,Pedestrian,'Single Vehicle',Clear,Dry,Daylight,'NO CONTROLS','None Detected','None Detected','Cross/Enter at Intersection','IN ROADWAY IMPROPERLY',SIDEWALK,Yes,None,0.501083,0.917631,'Possible Injury'
MONTGOMERY,42218,11.1,County,Bicyclist,'STRAIGHT MOVEMENT ANGLE',Clear,Dry,Daylight,'STOP SIGN','None Detected','None Detected','Cross/Enter at Intersection','FAILURE TO OBEY TRAFFIC SIGNS SIGNALS OR OFFICER',SIDEWALK,Yes,Yes,0.448696,0.90769,'Suspected Minor Injury'
MONTGOMERY,42620,13.1,'Maryland (State)',Pedestrian,'Single Vehicle',Clear,Dry,Daylight,'TRAFFIC SIGNAL','None Detected','None Detected','Cross/Enter at Intersection','IN ROADWAY IMPROPERLY','ON ROADWAY AT CROSSWALK',Yes,None,0.717375,0.894368,'Suspected Serious Injury'
MONTGOMERY,42328,8.733,'Maryland (State)',Pedestrian,'Single Vehicle',Clear,Dry,Daylight,PERSON,'None Detected','None Detected','Cross/Enter at Intersection',None,'ON ROADWAY AT CROSSWALK',No,None,0.50469,0.944787,'Possible Injury'
MONTGOMERY,44615,15,County,'MACHINE OPERATOR/RIDER','Single Vehicle',Clear,Dry,Daylight,'STOP SIGN','None Detected','None Detected','Walking/Riding against Traffic','NOT VISIBLE','ON ROADWAY NOT AT CROSSWALK',Yes,None,0.569105,0.982271,'Possible Injury'
MONTGOMERY,42053,11.267,County,Pedestrian,'Single Vehicle',Clear,Dry,Daylight,'NO CONTROLS','ALCOHOL PRESENT','None Detected',Standing,None,CURB,No,None,0.535816,0.965985,'Fatal Injury'
MONTGOMERY,43214,15.667,Municipality,Bicyclist,'Single Vehicle',Rain,Wet,Daylight,'STOP SIGN','None Detected','None Detected','Cross/Enter at Intersection',None,'AT INTERSECTION BUT NO CROSSWALK',No,Yes,0.536127,0.928589,'Suspected Minor Injury'
MONTGOMERY,42471,18,County,Pedestrian,'STRAIGHT MOVEMENT ANGLE',Clear,Dry,Daylight,'NO CONTROLS','None Detected','None Detected','Walking/Cycling on Sidewalk',None,SIDEWALK,No,None,0.594459,0.911154,'Suspected Minor Injury'
MONTGOMERY,42319,15.883,County,Pedestrian,'Single Vehicle',Clear,Dry,Daylight,'NO CONTROLS','None Detected','None Detected','Cross/Enter Not at Intersection','IN ROADWAY IMPROPERLY','ON ROADWAY NOT AT CROSSWALK',Yes,None,0.539645,0.897118,'Possible Injury'
MONTGOMERY,42166,13.617,'Maryland (State)',Pedestrian,'Single Vehicle',Clear,Dry,Daylight,'TRAFFIC SIGNAL','None Detected','None Detected','Cross/Enter Not at Intersection',Dart/Dash,'ON ROADWAY NOT AT CROSSWALK',No,None,0.549372,0.950073,'Possible Injury'
MONTGOMERY,43383,8.55,County,Pedestrian,'Single Vehicle',Clear,Dry,Daylight,'STOP SIGN','None Detected','None Detected','Cross/Enter at Intersection',None,'ON ROADWAY AT CROSSWALK',No,None,0.696428,0.878941,'Possible Injury'
MONTGOMERY,43814,18.567,County,Pedestrian,'Single Vehicle',Clear,Dry,'Dark - Lighted','NO CONTROLS','None Detected','None Detected',Standing,None,'INSIDE BUILDING',No,None,0.740949,0.852277,'Suspected Minor Injury'
MONTGOMERY,43133,20.3,County,Pedestrian,'Single Vehicle',Clear,Dry,'Dark - Lighted','TRAFFIC SIGNAL','None Detected','None Detected',Standing,'IN ROADWAY IMPROPERLY','ON ROADWAY AT CROSSWALK',Yes,None,0.578797,0.939745,'Possible Injury'
MONTGOMERY,44383,10.317,County,Bicyclist,'Single Vehicle',Clear,Dry,Daylight,'STOP SIGN','None Detected','None Detected','Cross/Enter at Intersection',None,'ON ROADWAY AT CROSSWALK',No,None,0.705099,0.84446,'Suspected Minor Injury'
MONTGOMERY,42989,18.55,County,Bicyclist,'Single Vehicle',Clear,Dry,Daylight,'NO CONTROLS','None Detected','None Detected','Walking/Riding w/Traffic',None,'ON ROADWAY NOT AT CROSSWALK',No,Yes,0.654035,0.856876,'Suspected Minor Injury'
MONTGOMERY,42871,14.933,'Maryland (State)',Pedestrian,'Single Vehicle',Clear,Dry,Daylight,'NO CONTROLS','None Detected','None Detected','Cross/Enter at Intersection',None,SHOULDER,No,None,0.63553,0.99493,'Suspected Serious Injury'
MONTGOMERY,43902,8.867,' Public Roadway',Pedestrian,'Single Vehicle',Clear,Dry,Daylight,'NO CONTROLS','None Detected','None Detected','Walking/Riding w/Traffic',None,'ON ROADWAY NOT AT CROSSWALK',No,None,0.504067,0.949164,'Possible Injury'
MONTGOMERY,42364,23.067,'Maryland (State)',Pedestrian,'Single Vehicle',Rain,Wet,'Dark - Lighted','TRAFFIC SIGNAL','None Detected','None Detected','Cross/Enter at Intersection',None,'AT AT INTERSECTION MARKED CROSSWALK',No,None,0.583499,0.938594,'Possible Injury'
MONTGOMERY,43476,20.5,County,Pedestrian,'Single Vehicle',Clear,Dry,'Dark - Lighted','NO CONTROLS','None Detected','None Detected','Cross/Enter Not at Intersection',Dart/Dash,'ON ROADWAY NOT AT CROSSWALK',Yes,None,0.580789,0.938897,'Possible Injury'
MONTGOMERY,44665,0.75,County,Pedestrian,'Single Vehicle',Clear,Dry,'Dark - Lighted','NO CONTROLS','None Detected','None Detected','Cross/Enter at Intersection',None,'ON ROADWAY AT CROSSWALK',No,None,0.602648,0.985172,'Suspected Serious Injury'