'Agency Name','Days after Jan 1','Hours past Midnight','Route Type','Related Non-Motorist','Collision Type',Weather,'Surface Condition',Light,'Traffic Control','Driver Substance Abuse','Non-Motorist Substance Abuse','Pedestrian Movement','Pedestrian Actions','Pedestrian Location','At Fault','Safety Equipment','Lat- Normalized','Long- Normalized','Injury Severity'
MONTGOMERY,44869,13.667,County,Pedestrian,'Single Vehicle',Clear,Dry,Daylight,'NO CONTROLS','None Detected','None Detected',Standing,'ENTERING EXITING PARKED STANDING VEHICLE','ON ROADWAY AT CROSSWALK',No,None,0.558534,0.93983,'Possible Injury'
ROCKVILLE,42580,12.75,Municipality,' CONVEYANCE','STRAIGHT MOVEMENT ANGLE',Clear,Dry,Daylight,'NO CONTROLS','None Detected','None Detected','Cross/Enter at Intersection',None,'ON ROADWAY AT CROSSWALK',No,Yes,0.605142,0.893434,'No Apparent Injury'
MONTGOMERY,42416,22,'Maryland (State)',Pedestrian,'Single Vehicle',Clear,Dry,'Dark - Not Lighted','NO CONTROLS','None Detected','None Detected','Cross/Enter at Intersection','IN ROADWAY IMPROPERLY','AT INTERSECTION BUT NO CROSSWALK',Yes,None,0.497267,0.896095,'Suspected Minor Injury'
MONTGOMERY,42681,15.783,'Maryland (State)',Pedestrian,'Single Vehicle',Clear,Dry,Daylight,'TRAFFIC SIGNAL','None Detected','None Detected','Cross/Enter at Intersection','FAILURE TO OBEY TRAFFIC SIGNS SIGNALS OR OFFICER','ON ROADWAY AT CROSSWALK',Yes,None,0.711226,0.845634,'Suspected Minor Injury'
MONTGOMERY,43540,19.9,County,Pedestrian,'Single Vehicle',Clear,Dry,'Dark - Lighted','NO CONTROLS','None Detected','None Detected','Cross/Enter at Intersection',None,'ON ROADWAY AT CROSSWALK',No,None,0.722156,0.844685,'Suspected Minor Injury'
MONTGOMERY,42399,13.217,County,Pedestrian,'Single Vehicle',Clear,Dry,Daylight,'NO CONTROLS','None Detected','None Detected','Cross/Enter at Intersection',None,'ON ROADWAY AT CROSSWALK',No,None,0.549937,0.939362,'Suspected Minor Injury'
TAKOMA,43502,17.833,Municipality,Pedestrian,'Single Vehicle',Rain,Wet,'Dark - Lighted','NO CONTROLS','None Detected','None Detected','Cross/Enter at Intersection',Dart/Dash,'ON ROADWAY AT CROSSWALK',No,Yes,0.428546,0.953823,'Suspected Serious Injury'
MONTGOMERY,43155,17.167,'Maryland (State)',Pedestrian,'Single Vehicle',Rain,Wet,Daylight,'NO CONTROLS','None Detected','None Detected','Cross/Enter at Intersection',None,'AT AT INTERSECTION MARKED CROSSWALK',No,None,0.557227,0.938076,'Suspected Minor Injury'
ROCKVILLE,45544,14.467,County,Pedestrian,'Single Vehicle',Clear,Dry,Daylight,'NO CONTROLS','None Detected','None Detected','Cross/Enter at Intersection',None,'ON ROADWAY AT CROSSWALK',No,None,0.640376,0.8851,'Possible Injury'
GAITHERSBURG,42318,17.667,Municipality,Pedestrian,'Single Vehicle',Rain,Wet,'Dark - Lighted','NO CONTROLS','None Detected','None Detected','Cross/Enter at Intersection','FAILURE TO YIELD RIGHT OF WAY','ON ROADWAY AT CROSSWALK',No,None,0.652919,0.867321,'Suspected Minor Injury'
MONTGOMERY,45655,16.517,County,Bicyclist,'STRAIGHT MOVEMENT ANGLE',Clear,Dry,Daylight,'TRAFFIC SIGNAL','None Detected','None Detected','Walking/Cycling on Sidewalk',Dart/Dash,'AT AT INTERSECTION MARKED CROSSWALK',Yes,Yes,0.624168,0.870837,'Suspected Minor Injury'
MONTGOMERY,44827,13.283,County,Pedestrian,'Single Vehicle',Clear,Dry,Daylight,'NO CONTROLS','None Detected','None Detected','Cross/Enter at Intersection',None,'INSIDE BUILDING',No,None,0.558967,0.939012,'No Apparent Injury'
MONTGOMERY,44561,12.3,'Maryland (State)',Pedestrian,'Single Vehicle',Cloudy,Dry,Daylight,'NO CONTROLS','None Detected','None Detected','Cross/Enter at Intersection',None,'AT AT INTERSECTION MARKED CROSSWALK',No,None,0.503619,0.918585,'Suspected Minor Injury'
MONTGOMERY,42549,13.25,County,Pedestrian,'Single Vehicle',Cloudy,Dry,Daylight,'TRAFFIC SIGNAL','None Detected','None Detected','Cross/Enter at Intersection',None,'ON ROADWAY AT CROSSWALK',No,None,0.572006,0.938343,'Possible Injury'
MONTGOMERY,42393,16.067,County,Pedestrian,'Single Vehicle',Clear,Snow,Daylight,'NO CONTROLS','None Detected','None Detected','Walking/Riding w/Traffic',None,SHOULDER,No,None,0.619239,0.912501,'Possible Injury'
MONTGOMERY,44780,19.883,County,Pedestrian,'STRAIGHT MOVEMENT ANGLE',Clear,Dry,Daylight,'NO CONTROLS','None Detected','None Detected','Cross/Enter at Intersection',None,'ON ROADWAY AT CROSSWALK',No,None,0.57662,0.907118,'Possible Injury'
MONTGOMERY,43418,6.2,'Maryland (State)',Pedestrian,'STRAIGHT MOVEMENT ANGLE',Clear,Dry,'Dark - Not Lighted','NO CONTROLS','None Detected','None Detected','Cross/Enter Not at Intersection','IN ROADWAY IMPROPERLY','ON ROADWAY NOT AT CROSSWALK',Yes,None,0.568774,0.928595,'Possible Injury'
MONTGOMERY,42652,10.983,County,Bicyclist,'Single Vehicle',Clear,Dry,Daylight,'TRAFFIC SIGNAL','None Detected','None Detected','Cross/Enter at Intersection',None,'ON ROADWAY AT CROSSWALK',No,None,0.584079,0.909463,'Possible Injury'
MONTGOMERY,42894,7.533,County,Bicyclist,'HEAD ON LEFT TURN',Clear,Dry,Daylight,'NO CONTROLS','None Detected','None Detected','Cross/Enter at Intersection',None,'AT INTERSECTION BUT NO CROSSWALK',No,Yes,0.627414,0.969357,'Suspected Minor Injury'
MONTGOMERY,44586,17.867,County,Pedestrian,'Single Vehicle',Clear,Dry,Daylight,'TRAFFIC SIGNAL','None Detected','None Detected','Cross/Enter at Intersection',None,'ON ROADWAY AT CROSSWALK',No,None,0.718912,0.838907,'Possible Injury'
MONTGOMERY,44807,9.333,' Public Roadway',Bicyclist,'Single Vehicle',Clear,Dry,Daylight,'STOP SIGN','None Detected','None Detected','Cross/Enter at Intersection',None,'AT INTERSECTION BUT NO CROSSWALK',No,Yes,0.692039,0.890633,'Suspected Minor Injury'
MONTGOMERY,42516,19.133,County,Pedestrian,'Single Vehicle',Clear,Dry,Daylight,'NO CONTROLS','None Detected','None Detected','Walking/Cycling on Sidewalk',None,SIDEWALK,No,None,0.521106,0.961276,'Possible Injury'
MONTGOMERY,44814,18.933,'Maryland (State)',Pedestrian,'Single Vehicle',Clear,Dry,Dawn,'WARNING SIGN','None Detected','None Detected','Cross/Enter Not at Intersection',None,'ON ROADWAY AT CROSSWALK',No,None,0.549616,0.959224,'Suspected Minor Injury'
MONTGOMERY,42550,6.8,County,Pedestrian,'Single Vehicle',Clear,Dry,Daylight,'NO CONTROLS','None Detected','None Detected',Standing,None,'ON ROADWAY AT CROSSWALK',Yes,None,0.653043,0.871354,'Suspected Minor Injury'
MONTGOMERY,43774,14.083,County,Pedestrian,'Single Vehicle',Clear,Dry,Daylight,'NO CONTROLS','None Detected','None Detected','Cross/Enter at Intersection',None,'AT AT INTERSECTION MARKED CROSSWALK',No,None,0.5609,0.947199,'No Apparent Injury'
MONTGOMERY,44760,5.9,County,Pedestrian,'Single Vehicle',Cloudy,Dry,Dawn,'YIELD SIGN','None Detected','None Detected','Cross/Enter at Intersection','IN ROADWAY IMPROPERLY','ON ROADWAY AT CROSSWALK',Yes,None,0.699858,0.853343,'Possible Injury'
MONTGOMERY,43889,18.167,County,Pedestrian,'Single Vehicle',Clear,Dry,'Dark - Lighted','TRAFFIC SIGNAL','None Detected','None Detected','Cross/Enter at Intersection',None,'AT AT INTERSECTION MARKED CROSSWALK',No,None,0.535254,0.971022,'No Apparent Injury'
MONTGOMERY,44411,15.583,'Maryland (State)',Pedestrian,'STRAIGHT MOVEMENT ANGLE',Clear,Dry,Daylight,'STOP SIGN','None Detected','None Detected','Cross/Enter at Intersection','WRONG WAY RIDING OR WALKING','IN BIKEWAY',No,None,0.552481,0.944232,'Possible Injury'
MONTGOMERY,43186,20.75,County,Pedestrian,'Single Vehicle',Clear,Dry,Daylight,'NO CONTROLS','None Detected','None Detected',Standing,None,'ON ROADWAY AT CROSSWALK',No,None,0.743603,0.851975,'Suspected Minor Injury'
GAITHERSBURG,42976,5.5,'Maryland (State)',Bicyclist,'STRAIGHT MOVEMENT ANGLE',Rain,Wet,'Dark - Lighted','TRAFFIC SIGNAL','None Detected','None Detected','Cross/Enter at Intersection','FAILURE TO OBEY TRAFFIC SIGNS SIGNALS OR OFFICER','ON ROADWAY AT CROSSWALK',Yes,None,0.675019,0.863502,'Possible Injury'
MONTGOMERY,43507,11.133,County,Pedestrian,'Single Vehicle',Rain,Wet,Daylight,'TRAFFIC SIGNAL','None Detected','None Detected','Cross/Enter at Intersection',None,'ON ROADWAY AT CROSSWALK',No,None,0.536335,0.901088,'Possible Injury'
MONTGOMERY,44840,7.567,'Maryland (State)',Bicyclist,'Single Vehicle',Clear,Dry,Daylight,'STOP SIGN','None Detected','None Detected','Cross/Enter at Intersection',None,'ON ROADWAY AT CROSSWALK',No,None,0.705848,0.830007,'Suspected Minor Injury'
MONTGOMERY,42963,16.767,'Maryland (State)',Bicyclist,'Single Vehicle',Clear,Dry,Daylight,'NO CONTROLS','None Detected','ALCOHOL PRESENT','Cross/Enter Not at Intersection','FAILURE TO YIELD RIGHT OF WAY','ON ROADWAY NOT AT CROSSWALK',Yes,None,0.520161,0.969523,'Suspected Serious Injury'
GAITHERSBURG,43874,16.633,'Maryland (State)',Pedestrian,'Single Vehicle',Cloudy,Wet,Daylight,'NO CONTROLS','None Detected','None Detected','Cross/Enter Not at Intersection',Dart/Dash,'ON ROADWAY NOT AT CROSSWALK',Yes,None,0.675181,0.872376,'Possible Injury'
MONTGOMERY,42531,7.667,County,Pedestrian,'Single Vehicle',Clear,Dry,Daylight,'NO CONTROLS','None Detected','None Detected','Cross/Enter Not at Intersection',None,'ON ROADWAY AT CROSSWALK',No,None,0.5347,0.955386,'Suspected Minor Injury'
MONTGOMERY,44561,12.3,'Maryland (State)',Pedestrian,'Single Vehicle',Cloudy,Dry,Daylight,'NO CONTROLS','None Detected','None Detected','Cross/Enter at Intersection',None,'AT AT INTERSECTION MARKED CROSSWALK',No,None,0.503619,0.918585,'Suspected Minor Injury'
MONTGOMERY,44327,11.2,County,Pedestrian,'SAME DIR REAR END',Clear,Dry,Daylight,'NO CONTROLS','None Detected','None Detected',' Working',None,'ON ROADWAY AT CROSSWALK',No,None,0.494725,0.866906,'Suspected Minor Injury'
MONTGOMERY,44914,16.417,County,Pedestrian,'OPPOSITE DIRECTION SIDESWIPE',Clear,Dry,Daylight,'NO CONTROLS','None Detected','None Detected',Standing,None,SIDEWALK,No,None,0.551903,0.93612,'Possible Injury'
MONTGOMERY,44209,17.667,County,Bicyclist,'Single Vehicle',Clear,Dry,Dusk,'NO CONTROLS','None Detected','None Detected','Cross/Enter at Intersection',None,'ON ROADWAY NOT AT CROSSWALK',No,None,0.582418,0.942239,'Possible Injury'
MONTGOMERY,42279,7.967,'Maryland (State)',Pedestrian,'Single Vehicle',Rain,Wet,'Dark - Lighted','TRAFFIC SIGNAL','None Detected','None Detected','Cross/Enter at Intersection',None,'ON ROADWAY AT CROSSWALK',No,None,0.550967,0.913662,'Possible Injury'
MONTGOMERY,44079,18.667,County,Pedestrian,'Single Vehicle',Clear,Dry,Daylight,'NO CONTROLS','None Detected','None Detected','Cross/Enter at Intersection',Inattentive,'ON ROADWAY AT CROSSWALK',No,None,0.603124,0.92935,'Suspected Minor Injury'
MONTGOMERY,42467,7.7,County,Pedestrian,'Single Vehicle',Rain,Dry,Daylight,'NO CONTROLS','None Detected','None Detected','Walking/Cycling on Sidewalk',None,'ON ROADWAY AT CROSSWALK',No,None,0.599566,0.925501,'Suspected Minor Injury'
GAITHERSBURG,42700,20.783,'Maryland (State)',Pedestrian,'Single Vehicle',Clear,Dry,'Dark - Lighted','NO CONTROLS','None Detected','None Detected','Cross/Enter Not at Intersection',Dart/Dash,'ON ROADWAY NOT AT CROSSWALK',Yes,None,0.671118,0.8742,'No Apparent Injury'
MONTGOMERY,42516,1.767,County,Bicyclist,'SAME DIR REAR END',Clear,Dry,'Dark - Not Lighted','NO CONTROLS','None Detected','None Detected','Walking/Riding w/Traffic','NOT VISIBLE','ON ROADWAY NOT AT CROSSWALK',No,None,0.69944,0.870896,'Suspected Minor Injury'
ROCKVILLE,44248,16.383,County,Pedestrian,'Single Vehicle',Clear,Dry,Daylight,'NO CONTROLS','None Detected','None Detected','Cross/Enter Not at Intersection',Dart/Dash,'ON ROADWAY AT CROSSWALK',Yes,None,0.580613,0.904753,'Suspected Minor Injury'
MONTGOMERY,42275,12.367,County,Pedestrian,'Single Vehicle',Cloudy,Dry,Daylight,'TRAFFIC SIGNAL','None Detected','None Detected','Cross/Enter at Intersection',None,'ON ROADWAY AT CROSSWALK',No,None,0.655351,0.880125,'Suspected Serious Injury'
MONTGOMERY,43243,17.917,'Maryland (State)',Pedestrian,'Single Vehicle',Clear,Dry,Daylight,'NO CONTROLS','None Detected','None Detected','Cross/Enter at Intersection',Inattentive,'ON ROADWAY AT CROSSWALK',Yes,None,0.496357,0.912905,'Suspected Minor Injury'
MONTGOMERY,43220,16.35,County,Bicyclist,'SAME DIRECTION RIGHT TURN',Clear,Dry,Daylight,'TRAFFIC SIGNAL','None Detected','None Detected','Cross/Enter at Intersection',None,'AT AT INTERSECTION MARKED CROSSWALK',No,None,0.632915,0.893618,'Suspected Minor Injury'
MONTGOMERY,42170,15.917,County,Pedestrian,'Single Vehicle',Clear,Dry,Daylight,'NO CONTROLS','None Detected','None Detected','Cross/Enter Not at Intersection',Dart/Dash,'ON ROADWAY NOT AT CROSSWALK',No,None,0.711159,0.870625,'Suspected Minor Injury'
MONTGOMERY,44613,10.75,County,Pedestrian,'Single Vehicle',Clear,Dry,Daylight,'TRAFFIC SIGNAL','None Detected','None Detected','Cross/Enter at Intersection',None,'AT INTERSECTION BUT NO CROSSWALK',No,None,0.571836,0.9383,'Possible Injury'
MONTGOMERY,43706,21.583,'Maryland (State)',Pedestrian,'Single Vehicle',Clear,Dry,'Dark - Not Lighted','NO CONTROLS','None Detected','ALCOHOL PRESENT','Getting off/on Vehicle',Dart/Dash,'ON ROADWAY AT CROSSWALK',Yes,None,0.616189,0.940825,'Suspected Minor Injury'
MONTGOMERY,44093,16.75,County,Bicyclist,'Single Vehicle',Clear,Dry,Daylight,'NO CONTROLS','None Detected','None Detected','Walking/Cycling on Sidewalk',None,'ON ROADWAY AT CROSSWALK',No,Yes,0.615562,0.931329,'Suspected Minor Injury'
MONTGOMERY,43254,0.217,County,Pedestrian,'Single Vehicle',Rain,Wet,'Dark - Lighted','TRAFFIC SIGNAL','None Detected','None Detected','Cross/Enter at Intersection','FAILURE TO YIELD RIGHT OF WAY','ON ROADWAY AT CROSSWALK',Yes,None,0.594951,0.911316,'Possible Injury'
MONTGOMERY,42127,3.133,County,Pedestrian,'SAME DIR REAR END',Clear,Dry,'Dark - Lighted','NO CONTROLS','ILLEGAL DRUG PRESENT','None Detected','Cross/Enter at Intersection',None,'ON ROADWAY AT CROSSWALK',No,None,0.595203,0.918662,'No Apparent Injury'
MONTGOMERY,44162,17.333,County,Pedestrian,'Single Vehicle',Clear,Dry,'Dark - Lighted','NO CONTROLS','None Detected','None Detected','Getting off/on Vehicle',None,SHOULDER,No,None,0.614709,0.913252,'Possible Injury'
MONTGOMERY,43014,16.333,County,Bicyclist,'Single Vehicle',Clear,Dry,Daylight,'TRAFFIC SIGNAL','None Detected','None Detected','Cross/Enter at Intersection',Dart/Dash,'ON ROADWAY AT CROSSWALK',Yes,Yes,0.497028,0.91696,'Suspected Minor Injury'
MONTGOMERY,44042,17.883,County,Bicyclist,'SAME DIR REAR END',Clear,Dry,Daylight,'NO CONTROLS','None Detected','None Detected','Walking/Riding w/Traffic',None,'ON ROADWAY AT CROSSWALK',No,Yes,0.655885,0.922727,'Possible Injury'
MONTGOMERY,44145,10.8,'Maryland (State)',Pedestrian,'Single Vehicle',Clear,Dry,Daylight,'NO CONTROLS','None Detected','None Detected','Cross/Enter Not at Intersection','IN ROADWAY IMPROPERLY','OUTSIDE RIGHT OF WAY',Yes,None,0.57607,0.923965,'Suspected Minor Injury'
MONTGOMERY,45314,7.033,County,Pedestrian,'Single Vehicle',Rain,Wet,'Dark - Lighted','NO CONTROLS','None Detected','None Detected','Cross/Enter at Intersection',None,'ON ROADWAY AT CROSSWALK',No,None,0.644589,0.891699,'Suspected Serious Injury'
MONTGOMERY,42457,14.45,County,Bicyclist,'HEAD ON',Clear,Dry,Daylight,'TRAFFIC SIGNAL','None Detected','None Detected','Cross/Enter at Intersection','FAILURE TO OBEY TRAFFIC SIGNS SIGNALS OR OFFICER','ON ROADWAY AT CROSSWALK',Yes,None,0.722464,0.867792,'Suspected Minor Injury'
MONTGOMERY,44789,14.1,County,Pedestrian,'Single Vehicle',Clear,Dry,Daylight,'TRAFFIC SIGNAL','None Detected','None Detected','Cross/Enter at Intersection',None,'ON ROADWAY AT CROSSWALK',No,None,0.588644,0.966993,'Possible Injury'
MONTGOMERY,42242,16.25,County,Bicyclist,'STRAIGHT MOVEMENT ANGLE',Clear,Dry,Daylight,'TRAFFIC SIGNAL','None Detected','None Detected','Cross/Enter at Intersection','FAILURE TO OBEY TRAFFIC SIGNS SIGNALS OR OFFICER','ON ROADWAY AT CROSSWALK',Yes,Yes,0.617119,0.875371,'Suspected Minor Injury'
MONTGOMERY,44057,20.3,County,Pedestrian,'Single Vehicle',Rain,Wet,'Dark - Not Lighted','NO CONTROLS','None Detected','None Detected','Cross/Enter at Intersection',None,'ON ROADWAY AT CROSSWALK',No,None,0.713542,0.868189,'Suspected Serious Injury'
MONTGOMERY,42689,18.1,County,Pedestrian,'Single Vehicle',Clear,Dry,'Dark - Not Lighted','NO CONTROLS','None Detected','None Detected','Cross/Enter at Intersection',None,'ON ROADWAY AT CROSSWALK',No,None,0.706375,0.763936,'No Apparent Injury'
MONTGOMERY,42084,20.5,Municipality,Pedestrian,'STRAIGHT MOVEMENT ANGLE',Clear,Dry,'Dark - Lighted','STOP SIGN','None Detected','None Detected','Cross/Enter at Intersection',Inattentive,'ON ROADWAY AT CROSSWALK',No,None,0.67367,0.861815,'Suspected Minor Injury'
MONTGOMERY,42286,17.783,County,Pedestrian,'Single Vehicle',Clear,Dry,Daylight,'NO CONTROLS','None Detected','None Detected','Cross/Enter Not at Intersection',Dart/Dash,'AT INTERSECTION BUT NO CROSSWALK',Yes,None,0.536767,0.970805,'Suspected Minor Injury'
GAITHERSBURG,42318,17.667,Municipality,Pedestrian,'Single Vehicle',Rain,Wet,'Dark - Lighted','NO CONTROLS','None Detected','None Detected','Cross/Enter at Intersection','FAILURE TO YIELD RIGHT OF WAY','ON ROADWAY AT CROSSWALK',No,None,0.652919,0.867321,'Suspected Minor Injury'
MONTGOMERY,43327,8.383,County,Pedestrian,'Single Vehicle',Cloudy,Dry,Daylight,'NO CONTROLS','None Detected','None Detected','Walking/Riding against Traffic',None,'ON ROADWAY NOT AT CROSSWALK',No,None,0.727069,0.882288,'Possible Injury'
MONTGOMERY,45487,9.883,'Maryland (State)',Pedestrian,'Single Vehicle',Clear,Dry,Daylight,'TRAFFIC SIGNAL','None Detected','None Detected','Cross/Enter at Intersection',None,'AT AT INTERSECTION MARKED CROSSWALK',No,None,0.506826,0.948306,'No Apparent Injury'
MONTGOMERY,43028,6.85,'Maryland (State)',Pedestrian,'Single Vehicle',Clear,Dry,'Dark - Lighted','NO CONTROLS','None Detected','None Detected','Walking/Cycling on Sidewalk',Dart/Dash,'ON ROADWAY AT CROSSWALK',No,None,0.500772,0.947203,'Suspected Minor Injury'
MONTGOMERY,43083,12.75,County,Pedestrian,'Single Vehicle',Clear,Dry,Daylight,'NO CONTROLS','None Detected','None Detected','Cross/Enter at Intersection',None,'ON ROADWAY AT CROSSWALK',No,None,0.726483,0.878334,'Suspected Minor Injury'
MONTGOMERY,43745,7.683,County,Bicyclist,'Single Vehicle',Cloudy,Dry,Daylight,'TRAFFIC SIGNAL','None Detected','None Detected','Cross/Enter at Intersection','IN ROADWAY IMPROPERLY','ON ROADWAY NOT AT CROSSWALK',No,Yes,0.649831,0.890961,'Possible Injury'
MONTGOMERY,44534,20.5,County,Pedestrian,'Single Vehicle',Clear,Dry,'Dark - Lighted','NO CONTROLS','None Detected','None Detected','Cross/Enter at Intersection',None,'ON ROADWAY AT CROSSWALK',No,None,0.578863,0.938834,'Possible Injury'
TAKOMA,43153,15.3,County,Pedestrian,'Single Vehicle',Rain,Dry,Daylight,'NO CONTROLS','None Detected','None Detected',Standing,None,'ON ROADWAY AT CROSSWALK',No,None,0.472434,0.959539,'Suspected Serious Injury'
MONTGOMERY,42305,9.3,County,Pedestrian,'Single Vehicle',Cloudy,Wet,Daylight,'STOP SIGN','None Detected','None Detected','Cross/Enter at Intersection',None,'DRIVEWAY ACCESS MARKED CROSSWALK',No,None,0.706768,0.870789,'Possible Injury'
MONTGOMERY,45448,16.633,County,Pedestrian,'HEAD ON',Clear,Dry,Daylight,'NO CONTROLS','None Detected','None Detected','Cross/Enter at Intersection',Dart/Dash,'AT INTERSECTION BUT NO CROSSWALK',Yes,None,0.512156,0.907423,'Possible Injury'
MONTGOMERY,43507,18.233,County,Pedestrian,'Single Vehicle',Rain,Wet,'Dark - Lighted','NO CONTROLS','None Detected','None Detected','Cross/Enter at Intersection',None,'AT INTERSECTION BUT NO CROSSWALK',No,None,0.703615,0.870215,'Possible Injury'
MONTGOMERY,42506,7.6,'Maryland (State)',Bicyclist,'HEAD ON LEFT TURN',Clear,Dry,Daylight,'TRAFFIC SIGNAL','None Detected','None Detected','Cross/Enter at Intersection',None,SIDEWALK,No,None,0.504538,0.944678,'Suspected Minor Injury'
MONTGOMERY,44116,19.25,'Interstate (State)',Pedestrian,'SAME DIR REAR END',Rain,Wet,'Dark - Lighted','NO CONTROLS','None Detected','None Detected','Cross/Enter Not at Intersection','FAILURE TO YIELD RIGHT OF WAY','ON ROADWAY AT CROSSWALK',Yes,None,0.727725,0.847011,'No Apparent Injury'
MONTGOMERY,44487,6.533,County,Pedestrian,'Single Vehicle',Clear,Dry,'Dark - Lighted','STOP SIGN','None Detected','None Detected','Cross/Enter at Intersection',None,SIDEWALK,No,None,0.575185,0.97553,'Possible Injury'
MONTGOMERY,42546,13.283,County,Pedestrian,'Single Vehicle',Clear,Dry,Daylight,'NO CONTROLS','None Detected','None Detected','Cross/Enter at Intersection',Inattentive,'ON ROADWAY AT CROSSWALK',Yes,None,0.577044,0.911945,'Possible Injury'
MONTGOMERY,42950,11.15,County,Pedestrian,'Single Vehicle',Clear,Dry,Daylight,'TRAFFIC SIGNAL','None Detected','None Detected','Cross/Enter at Intersection',None,'ON ROADWAY AT CROSSWALK',No,None,0.578849,0.939792,'Suspected Serious Injury'
MONTGOMERY,42283,7.5,'Maryland (State)',Bicyclist,'Single Vehicle',Clear,Dry,Daylight,'TRAFFIC SIGNAL','None Detected','None Detected','Cross/Enter at Intersection',None,'ON ROADWAY AT CROSSWALK',No,Yes,0.707095,0.845019,'Suspected Minor Injury'
MONTGOMERY,44266,21.133,'Maryland (State)',Pedestrian,'Single Vehicle',Clear,Dry,'Dark - Not Lighted','NO CONTROLS','None Detected','None Detected','Cross/Enter Not at Intersection','IN ROADWAY IMPROPERLY','ON ROADWAY NOT AT CROSSWALK',Yes,None,0.530822,0.970768,'Fatal Injury'
MONTGOMERY,44669,16,County,Pedestrian,'Single Vehicle',Rain,Wet,Daylight,'NO CONTROLS','None Detected','None Detected','Cross/Enter at Intersection',Inattentive,CURB,No,None,0.521979,0.942471,'No Apparent Injury'
MONTGOMERY,44395,16.333,'Maryland (State)',Bicyclist,'Single Vehicle',Clear,Dry,Daylight,'TRAFFIC SIGNAL','None Detected','None Detected','Cross/Enter at Intersection','FAILURE TO YIELD RIGHT OF WAY','AT AT INTERSECTION MARKED CROSSWALK',Yes,Yes,0.541852,0.905045,'Possible Injury'
MONTGOMERY,43980,14.2,County,Pedestrian,'Single Vehicle',Cloudy,Dry,Daylight,'NO CONTROLS','None Detected','None Detected','Cross/Enter at Intersection',None,'ON ROADWAY AT CROSSWALK',No,None,0.573583,0.940005,'Suspected Minor Injury'
MONTGOMERY,43634,12.05,County,Pedestrian,'Single Vehicle',Cloudy,Dry,Daylight,'NO CONTROLS','None Detected','None Detected','Cross/Enter at Intersection',None,'ON ROADWAY AT CROSSWALK',No,None,0.708393,0.893139,'Suspected Minor Injury'
MONTGOMERY,42286,7.65,'Maryland (State)',Bicyclist,'SAME DIR REAR END',Cloudy,Wet,Dusk,'NO CONTROLS','None Detected','None Detected','Walking/Riding w/Traffic',None,'ON ROADWAY NOT AT CROSSWALK',No,Yes,0.522531,0.917866,'Possible Injury'
MONTGOMERY,42963,17.667,'Maryland (State)',Bicyclist,'STRAIGHT MOVEMENT ANGLE',Clear,Dry,Daylight,'TRAFFIC SIGNAL','None Detected','None Detected','Walking/Riding against Traffic','WRONG WAY RIDING OR WALKING','AT AT INTERSECTION MARKED CROSSWALK',Yes,None,0.500157,0.915019,'Possible Injury'
MONTGOMERY,43595,11,County,Bicyclist,'Single Vehicle',Clear,Dry,Daylight,'NO CONTROLS','None Detected','None Detected','Cross/Enter at Intersection',None,'ON ROADWAY AT CROSSWALK',No,None,0.475788,0.914155,'Suspected Minor Injury'
MONTGOMERY,44882,8.483,County,Pedestrian,'Single Vehicle',Clear,Dry,Daylight,'STOP SIGN','None Detected','None Detected','Cross/Enter at Intersection',None,'ON ROADWAY AT CROSSWALK',No,None,0.622705,0.874545,'Fatal Injury'
ROCKVILLE,44773,4.133,County,Pedestrian,'Single Vehicle',Clear,Dry,'Dark - Not Lighted','NO CONTROLS','None Detected','None Detected','Cross/Enter at Intersection',None,'ON ROADWAY AT CROSSWALK',No,None,0.582,0.905649,'Suspected Minor Injury'
MONTGOMERY,44416,16.65,County,Pedestrian,'Single Vehicle',Clear,Dry,Daylight,'NO CONTROLS','None Detected','None Detected','Cross/Enter at Intersection',None,'ON ROADWAY AT CROSSWALK',No,None,0.540791,0.896325,'Possible Injury'
MONTGOMERY,44704,16.75,County,Bicyclist,'Single Vehicle',Clear,Dry,Daylight,'NO CONTROLS','None Detected','None Detected','Walking/Riding w/Traffic','IN ROADWAY IMPROPERLY','ON ROADWAY NOT AT CROSSWALK',Yes,None,0.791952,0.83833,'Possible Injury'
MONTGOMERY,43394,10.583,Municipality,Bicyclist,'Single Vehicle',Clear,Dry,Daylight,'TRAFFIC SIGNAL','None Detected','None Detected','Cross/Enter at Intersection','IN ROADWAY IMPROPERLY','ON ROADWAY AT CROSSWALK',Yes,Yes,0.473644,0.921704,'Possible Injury'
MONTGOMERY,44678,12.967,'Maryland (State)',' PEDALCYCLIST','Single Vehicle',Clear,Dry,Daylight,'NO CONTROLS','None Detected','None Detected','Cross/Enter at Intersection','FAILURE TO YIELD RIGHT OF WAY',SIDEWALK,Yes,None,0.640043,0.857002,'Possible Injury'
MONTGOMERY,42650,13.2,County,Pedestrian,'Single Vehicle',Cloudy,Dry,Daylight,'NO CONTROLS','None Detected','None Detected','Cross/Enter at Intersection',None,'ON ROADWAY NOT AT CROSSWALK',No,Yes,0.566203,0.898932,'No Apparent Injury'