'Agency Name','Days after Jan 1','Hours past Midnight','Route Type','Related Non-Motorist','Collision Type',Weather,'Surface Condition',Light,'Traffic Control','Driver Substance Abuse','Non-Motorist Substance Abuse','Pedestrian Movement','Pedestrian Actions','Pedestrian Location','At Fault','Safety Equipment','Lat- Normalized','Long- Normalized','Injury Severity'
MONTGOMERY,43243,22.4,County,Bicyclist,'SAME DIR REAR END',Clear,Dry,'Dark - Lighted','NO CONTROLS','ALCOHOL PRESENT','None Detected','Walking/Riding w/Traffic',None,'ON ROADWAY NOT AT CROSSWALK',No,None,0.59697,0.98682,'Suspected Serious Injury'
MONTGOMERY,44202,17.283,'Maryland (State)',Pedestrian,'Single Vehicle',Clear,Dry,'Dark - Lighted','TRAFFIC SIGNAL','None Detected','None Detected','Cross/Enter Not at Intersection',Dart/Dash,'ON ROADWAY NOT AT CROSSWALK',Yes,None,0.528864,0.941946,'Possible Injury'
MONTGOMERY,44880,16.467,County,Pedestrian,'Single Vehicle',Clear,Dry,Daylight,'TRAFFIC SIGNAL','None Detected','None Detected','Cross/Enter at Intersection',None,'AT AT INTERSECTION MARKED CROSSWALK',No,None,0.72292,0.845985,'Possible Injury'
MONTGOMERY,45358,17.25,'Maryland (State)',Pedestrian,'Single Vehicle',Clear,Dry,Daylight,'TRAFFIC SIGNAL','None Detected','None Detected','Cross/Enter at Intersection',None,'ON ROADWAY AT CROSSWALK',No,None,0.5717,0.938109,'Possible Injury'
MONTGOMERY,44841,10.367,County,Bicyclist,'STRAIGHT MOVEMENT ANGLE',Clear,Dry,Daylight,'STOP SIGN','None Detected','None Detected','Cross/Enter at Intersection',None,'ON ROADWAY NOT AT CROSSWALK',No,Yes,0.525428,0.932464,'Possible Injury'
MONTGOMERY,43509,16.333,County,Pedestrian,'Single Vehicle',Clear,Dry,Daylight,PERSON,'None Detected','None Detected',' Working',None,'ON ROADWAY AT CROSSWALK',No,None,0.517624,0.943721,'No Apparent Injury'
MONTGOMERY,43852,15.05,'Maryland (State)',Pedestrian,'Single Vehicle',Clear,Dry,Daylight,'TRAFFIC SIGNAL','None Detected','None Detected','Walking/Riding against Traffic','IN ROADWAY IMPROPERLY','ON ROADWAY AT CROSSWALK',Yes,None,0.589138,0.933894,'Possible Injury'
ROCKVILLE,42649,14,County,Pedestrian,'Single Vehicle',Cloudy,Dry,Daylight,'NO CONTROLS','None Detected','None Detected','Cross/Enter at Intersection',None,'ON ROADWAY AT CROSSWALK',No,None,0.617593,0.893435,'Possible Injury'
MONTGOMERY,45618,15.1,County,Pedestrian,'Single Vehicle',Clear,Dry,Daylight,'TRAFFIC SIGNAL','None Detected','None Detected','Cross/Enter at Intersection',None,'ON ROADWAY AT CROSSWALK',No,None,0.616469,0.929677,'Possible Injury'
MONTGOMERY,42066,18.333,'Maryland (State)',Pedestrian,'STRAIGHT MOVEMENT ANGLE',Rain,Wet,'Dark - Lighted','NO CONTROLS','None Detected','None Detected','Cross/Enter at Intersection',None,'ON ROADWAY AT CROSSWALK',No,None,0.499315,0.948196,'Possible Injury'
MONTGOMERY,44371,18.3,County,Bicyclist,'SAME DIR REAR END',Clear,Dry,Daylight,'NO CONTROLS','None Detected','None Detected','Cross/Enter at Intersection',None,'ON ROADWAY NOT AT CROSSWALK',No,Yes,0.76738,0.926865,'Suspected Minor Injury'
MONTGOMERY,42492,22,County,Pedestrian,'Single Vehicle',Rain,Dry,'Dark - Lighted','NO CONTROLS','None Detected','None Detected','Cross/Enter Not at Intersection',Inattentive,'ON ROADWAY NOT AT CROSSWALK',No,None,0.653172,0.872096,'Suspected Minor Injury'
MONTGOMERY,43404,18.5,County,Bicyclist,'STRAIGHT MOVEMENT ANGLE',Clear,Dry,'Dark - Not Lighted','STOP SIGN','None Detected','None Detected','Cross/Enter at Intersection','NOT VISIBLE',SIDEWALK,No,Yes,0.533111,0.941212,'Possible Injury'
MONTGOMERY,42127,22.1,'Maryland (State)',Pedestrian,'Single Vehicle',Clear,Dry,'Dark - Not Lighted','NO CONTROLS','None Detected','None Detected','Cross/Enter Not at Intersection',None,'ON ROADWAY NOT AT CROSSWALK',No,None,0.71461,0.855702,'Suspected Serious Injury'
MONTGOMERY,45308,20.217,County,Pedestrian,'Single Vehicle',Clear,Dry,'Dark - Lighted','NO CONTROLS','None Detected','None Detected','Cross/Enter at Intersection',None,'ON ROADWAY AT CROSSWALK',No,None,0.51402,0.962593,'Suspected Minor Injury'
TAKOMA,43879,9.483,Municipality,Pedestrian,'Single Vehicle',Clear,Dry,Daylight,'NO CONTROLS','None Detected','None Detected','Cross/Enter at Intersection',None,'ON ROADWAY AT CROSSWALK',Yes,None,0.495205,0.956714,'Suspected Minor Injury'
MONTGOMERY,42328,13.6,County,Pedestrian,'Single Vehicle',Clear,Dry,Daylight,'NO CONTROLS','None Detected','None Detected','Cross/Enter at Intersection',None,'ON ROADWAY AT CROSSWALK',No,None,0.497752,0.916528,'Suspected Minor Injury'
MONTGOMERY,44518,20.25,County,Pedestrian,'Single Vehicle',Rain,Wet,'Dark - Lighted','TRAFFIC SIGNAL','None Detected','None Detected','Cross/Enter at Intersection',None,'AT AT INTERSECTION MARKED CROSSWALK',No,None,0.615089,0.939391,'Suspected Minor Injury'
MONTGOMERY,44563,16.333,'Maryland (State)',Pedestrian,'Single Vehicle',Clear,Wet,Daylight,'NO CONTROLS','None Detected','ALCOHOL CONTRIBUTED','Cross/Enter at Intersection',None,CURB,Yes,None,0.510579,0.962401,'Suspected Serious Injury'
MONTGOMERY,43622,7.667,County,Bicyclist,'Single Vehicle',Cloudy,Wet,Daylight,'STOP SIGN','None Detected','None Detected','Cross/Enter at Intersection',None,'ON ROADWAY AT CROSSWALK',No,None,0.703604,0.870146,'Suspected Minor Injury'
MONTGOMERY,43545,15.25,County,Bicyclist,'STRAIGHT MOVEMENT ANGLE',Rain,Wet,Daylight,'NO CONTROLS','None Detected','None Detected','Cross/Enter Not at Intersection','IN ROADWAY IMPROPERLY','OUTSIDE RIGHT OF WAY',Yes,Yes,0.70585,0.869952,'Suspected Minor Injury'
MONTGOMERY,42870,10.367,County,Pedestrian,'Single Vehicle',Clear,Dry,Daylight,'NO CONTROLS','None Detected','None Detected','Cross/Enter at Intersection',None,'ON ROADWAY NOT AT CROSSWALK',Yes,None,0.509131,0.957661,'Possible Injury'
MONTGOMERY,44211,16.433,County,Pedestrian,'Single Vehicle',Cloudy,Dry,Daylight,'NO CONTROLS','None Detected','None Detected',' Working',None,'ON ROADWAY AT CROSSWALK',No,None,0.697745,0.888409,'Suspected Minor Injury'
MONTGOMERY,42718,20.067,County,Pedestrian,'Single Vehicle',Clear,Dry,'Dark - Lighted','NO CONTROLS','None Detected','None Detected','Cross/Enter at Intersection',None,'ON ROADWAY AT CROSSWALK',No,None,0.806473,0.868557,'Possible Injury'
GAITHERSBURG,42959,23.633,County,Pedestrian,'Single Vehicle',Clear,Dry,'Dark - Lighted','NO CONTROLS','None Detected','None Detected',Standing,None,'ON ROADWAY AT CROSSWALK',No,None,0.695089,0.864005,'Possible Injury'
MONTGOMERY,45604,8.367,County,Pedestrian,'Single Vehicle',Clear,Dry,Daylight,'STOP SIGN','None Detected','None Detected','Cross/Enter at Intersection','NOT VISIBLE','ON ROADWAY NOT AT CROSSWALK',No,None,0.522231,0.90969,'Suspected Minor Injury'
MONTGOMERY,45591,7.333,County,Pedestrian,'Single Vehicle',Clear,Dry,Dusk,'NO CONTROLS','None Detected','None Detected','Cross/Enter at Intersection',None,'AT AT INTERSECTION MARKED CROSSWALK',No,None,0.537433,0.914095,'Suspected Minor Injury'
MONTGOMERY,45398,8.033,County,Pedestrian,'Single Vehicle',Clear,Dry,Daylight,'NO CONTROLS','None Detected','None Detected',' Working',None,'ON ROADWAY AT CROSSWALK',No,None,0.599827,0.925466,'Possible Injury'
MONTGOMERY,44089,16.717,'Maryland (State)',Pedestrian,'Single Vehicle',Clear,Dry,Daylight,'NO CONTROLS','None Detected','None Detected','Cross/Enter Not at Intersection',Dart/Dash,MEDIAN,Yes,None,0.536092,0.940985,'Suspected Serious Injury'
MONTGOMERY,44579,7.767,County,Pedestrian,'STRAIGHT MOVEMENT ANGLE',Cloudy,Snow,Daylight,'NO CONTROLS','None Detected','None Detected','Cross/Enter Not at Intersection',Dart/Dash,'ON ROADWAY NOT AT CROSSWALK',Yes,None,0.710481,0.843749,'No Apparent Injury'
ROCKVILLE,43167,13.417,Municipality,Pedestrian,'Single Vehicle',Clear,Dry,Daylight,'STOP SIGN','ALCOHOL PRESENT','None Detected','Cross/Enter at Intersection',None,'AT AT INTERSECTION MARKED CROSSWALK',No,None,0.6378,0.880358,'Suspected Minor Injury'
MONTGOMERY,44122,12.5,County,Pedestrian,'Single Vehicle',Clear,Dry,Daylight,'NO CONTROLS','None Detected','None Detected',Standing,None,'ON ROADWAY AT CROSSWALK',No,None,0.5715,0.979716,'Possible Injury'
MONTGOMERY,42089,19.733,County,Pedestrian,'Single Vehicle',Rain,Dry,'Dark - Lighted','NO CONTROLS','None Detected','None Detected','Cross/Enter at Intersection','NOT VISIBLE','ON ROADWAY AT CROSSWALK',No,None,0.694295,0.837641,'Possible Injury'
MONTGOMERY,45301,17.667,County,Pedestrian,'Single Vehicle',Clear,Dry,'Dark - Lighted','TRAFFIC SIGNAL','None Detected','None Detected','Cross/Enter at Intersection','FAILURE TO OBEY TRAFFIC SIGNS SIGNALS OR OFFICER','AT AT INTERSECTION MARKED CROSSWALK',Yes,None,0.587184,0.947312,'Suspected Serious Injury'
MONTGOMERY,44361,8.383,County,Pedestrian,'Single Vehicle',Clear,Dry,Daylight,'TRAFFIC SIGNAL','None Detected','None Detected','Cross/Enter at Intersection',None,'AT AT INTERSECTION MARKED CROSSWALK',No,None,0.467697,0.921518,'Suspected Minor Injury'
GAITHERSBURG,44621,19.317,Municipality,Pedestrian,'SAME DIRECTION SIDESWIPE',Clear,Dry,'Dark - Lighted','NO CONTROLS','None Detected','None Detected','Walking/Riding w/Traffic',None,'ON ROADWAY NOT AT CROSSWALK',No,Yes,0.646179,0.871665,'No Apparent Injury'
GAITHERSBURG,44889,17.3,'Maryland (State)',Pedestrian,'Single Vehicle',Clear,Dry,'Dark - Lighted','TRAFFIC SIGNAL','None Detected','ALCOHOL PRESENT','Cross/Enter at Intersection',Dart/Dash,'ON ROADWAY AT CROSSWALK',No,None,0.676965,0.864052,'Suspected Minor Injury'
MONTGOMERY,44152,18.6,'Maryland (State)',Bicyclist,'STRAIGHT MOVEMENT ANGLE',Clear,Dry,'Dark - Lighted','NO CONTROLS','None Detected','None Detected','Cross/Enter at Intersection',None,'AT AT INTERSECTION MARKED CROSSWALK',No,None,0.557951,0.964639,'No Apparent Injury'
MONTGOMERY,43809,10.5,County,Pedestrian,'Single Vehicle',Rain,Wet,Daylight,'TRAFFIC SIGNAL','None Detected','None Detected','Cross/Enter at Intersection',None,'AT AT INTERSECTION MARKED CROSSWALK',No,None,0.494956,0.918975,'Possible Injury'
MONTGOMERY,42326,13.9,County,Pedestrian,'Single Vehicle',Cloudy,Dry,Daylight,'STOP SIGN','None Detected','None Detected','Cross/Enter at Intersection',None,'ON ROADWAY AT CROSSWALK',No,None,0.556997,0.937443,'Suspected Minor Injury'
MONTGOMERY,43869,14.867,County,Pedestrian,'Single Vehicle',Clear,Dry,Daylight,'NO CONTROLS','None Detected','None Detected','Cross/Enter at Intersection',None,'INSIDE BUILDING',No,None,0.72325,0.882781,'No Apparent Injury'
GAITHERSBURG,42053,21.15,'Maryland (State)',Pedestrian,'Single Vehicle',Cloudy,Wet,'Dark - Lighted','NO CONTROLS','None Detected','ALCOHOL CONTRIBUTED','Walking/Riding w/Traffic','IN ROADWAY IMPROPERLY','ON ROADWAY NOT AT CROSSWALK',No,None,0.685229,0.867547,'Suspected Minor Injury'
MONTGOMERY,42099,7.75,County,Pedestrian,'Single Vehicle',Clear,Dry,Daylight,'NO CONTROLS','ALCOHOL PRESENT','None Detected','Cross/Enter at Intersection',None,'ON ROADWAY AT CROSSWALK',No,None,0.623782,0.911846,'No Apparent Injury'
MONTGOMERY,43120,14.167,County,Bicyclist,'SAME DIRECTION RIGHT TURN',Clear,Dry,Daylight,'NO CONTROLS','MEDICATION PRESENT','None Detected','Walking/Riding w/Traffic',None,'ON ROADWAY AT CROSSWALK',No,Yes,0.627121,0.845102,'Suspected Minor Injury'
GAITHERSBURG,44791,20.5,'Maryland (State)',Pedestrian,'Single Vehicle',Clear,Dry,'Dark - Lighted','TRAFFIC SIGNAL','None Detected','None Detected','Cross/Enter at Intersection',None,'AT AT INTERSECTION MARKED CROSSWALK',No,None,0.684871,0.863927,'Suspected Minor Injury'
MONTGOMERY,44485,15.65,County,Pedestrian,'Single Vehicle',Rain,Dry,Daylight,'NO CONTROLS','None Detected','None Detected','Cross/Enter Not at Intersection',Inattentive,'ON ROADWAY AT CROSSWALK',Yes,None,0.55206,0.935997,'Possible Injury'
MONTGOMERY,42557,6.65,County,Pedestrian,'Single Vehicle',Clear,Dry,Daylight,'NO CONTROLS','None Detected','None Detected','Cross/Enter at Intersection',Dart/Dash,'ON ROADWAY AT CROSSWALK',Yes,None,0.727752,0.878886,'Suspected Minor Injury'
MONTGOMERY,43938,9.583,County,Pedestrian,'STRAIGHT MOVEMENT ANGLE',Clear,Dry,Daylight,'NO CONTROLS','None Detected','None Detected','Walking/Cycling on Sidewalk',None,SIDEWALK,No,None,0.579004,0.938679,'Suspected Minor Injury'
MONTGOMERY,42788,12.167,County,Bicyclist,'Single Vehicle',Clear,Dry,Daylight,'NO CONTROLS','None Detected','None Detected','Walking/Cycling on Sidewalk',None,SIDEWALK,No,None,0.636617,0.880868,'Possible Injury'
MONTGOMERY,43879,6.183,County,Pedestrian,'Single Vehicle',Cloudy,Dry,'Dark - Lighted','TRAFFIC SIGNAL','None Detected','None Detected','Cross/Enter at Intersection',None,'AT AT INTERSECTION MARKED CROSSWALK',No,None,0.710936,0.870897,'Suspected Minor Injury'
MONTGOMERY,42551,13.567,'Maryland (State)',Pedestrian,'Single Vehicle',Clear,Dry,Daylight,'YIELD SIGN','None Detected','None Detected','Cross/Enter at Intersection',None,'ON ROADWAY AT CROSSWALK',No,None,0.553113,0.933595,'Suspected Serious Injury'
MONTGOMERY,43784,8.167,County,Pedestrian,'SAME DIRECTION SIDESWIPE',Clear,Dry,Daylight,'NO CONTROLS','None Detected','None Detected',' Working',None,'ON ROADWAY AT CROSSWALK',No,Yes,0.5992,0.9208,'Possible Injury'
MONTGOMERY,44736,4.5,'Maryland (State)',Pedestrian,'Single Vehicle',Clear,Dry,'Dark - Not Lighted','NO CONTROLS','None Detected','None Detected','Cross/Enter Not at Intersection','IN ROADWAY IMPROPERLY','ON ROADWAY NOT AT CROSSWALK',Yes,None,0.625308,0.926507,'Fatal Injury'
MONTGOMERY,43449,17.667,County,Pedestrian,'Single Vehicle',Rain,Wet,'Dark - Lighted','TRAFFIC SIGNAL','None Detected','None Detected','Cross/Enter at Intersection',None,'ON ROADWAY AT CROSSWALK',No,None,0.490814,0.918454,'Possible Injury'
MONTGOMERY,45398,9.017,'Maryland (State)',Bicyclist,'Single Vehicle',Clear,Dry,Daylight,'TRAFFIC SIGNAL','None Detected','None Detected','Cross/Enter at Intersection',None,'ON ROADWAY AT CROSSWALK',No,Yes,0.590348,0.940643,'Suspected Minor Injury'
MONTGOMERY,43181,12.5,County,Pedestrian,'OPPOSITE DIR BOTH LEFT TURN',Clear,Dry,Daylight,'STOP SIGN','None Detected','None Detected','Cross/Enter at Intersection',None,'AT INTERSECTION BUT NO CROSSWALK',No,None,0.715562,0.841661,'Suspected Minor Injury'
MONTGOMERY,42681,20.017,'Maryland (State)',Bicyclist,'Single Vehicle',Clear,Dry,'Dark - Lighted','NO CONTROLS','None Detected','ILLEGAL DRUG PRESENT','Cross/Enter at Intersection',None,'AT INTERSECTION BUT NO CROSSWALK',No,None,0.696921,0.836691,'Possible Injury'
MONTGOMERY,42143,18.8,County,Pedestrian,'Single Vehicle',Clear,Dry,Daylight,'TRAFFIC SIGNAL','None Detected','None Detected','Cross/Enter at Intersection',None,'AT AT INTERSECTION MARKED CROSSWALK',No,None,0.536943,0.906439,'Possible Injury'
MONTGOMERY,43450,18.017,County,Pedestrian,'Single Vehicle',Clear,Dry,'Dark - Lighted','NO CONTROLS','None Detected','None Detected','Cross/Enter at Intersection',None,SIDEWALK,Yes,None,0.732981,0.856163,'No Apparent Injury'
MONTGOMERY,42697,19.217,County,Pedestrian,'Single Vehicle',Clear,Dry,'Dark - Lighted','NO CONTROLS','None Detected','None Detected','Walking/Cycling on Sidewalk',None,SIDEWALK,No,None,0.549313,0.939135,'Suspected Minor Injury'
MONTGOMERY,45483,19.25,County,Pedestrian,'Single Vehicle',Clear,Dry,Daylight,'TRAFFIC SIGNAL','None Detected','None Detected','Cross/Enter at Intersection','IN ROADWAY IMPROPERLY',MEDIAN,Yes,None,0.75806,0.849274,'Suspected Minor Injury'
ROCKVILLE,42754,12.967,Municipality,Pedestrian,'Single Vehicle',Clear,Dry,Daylight,'NO CONTROLS','None Detected','None Detected','Cross/Enter Not at Intersection','IN ROADWAY IMPROPERLY','ON ROADWAY NOT AT CROSSWALK',Yes,None,0.609959,0.895827,'Suspected Minor Injury'
MONTGOMERY,43116,18.5,County,Pedestrian,'Single Vehicle',Clear,Dry,'Dark - Lighted','TRAFFIC SIGNAL','None Detected','None Detected','Cross/Enter at Intersection',None,'ON ROADWAY AT CROSSWALK',No,None,0.578694,0.930246,'Possible Injury'
MONTGOMERY,43490,4.217,County,Pedestrian,'Single Vehicle',Clear,Dry,'Dark - Lighted','NO CONTROLS','None Detected','None Detected','Walking/Riding w/Traffic','IN ROADWAY IMPROPERLY','ON ROADWAY NOT AT CROSSWALK',Yes,None,0.530218,0.966786,'Suspected Serious Injury'
MONTGOMERY,44101,14.483,County,Pedestrian,'Single Vehicle',Clear,Dry,Daylight,'STOP SIGN','None Detected','None Detected','Walking/Riding w/Traffic',None,'ON ROADWAY NOT AT CROSSWALK',No,None,0.571029,0.874909,'Possible Injury'
MONTGOMERY,44479,14.583,County,Pedestrian,'Single Vehicle',Cloudy,Dry,Daylight,'NO CONTROLS','None Detected','None Detected','Walking/Riding w/Traffic',None,'ON ROADWAY NOT AT CROSSWALK',No,None,0.575698,0.871645,'Suspected Serious Injury'
MONTGOMERY,43000,8.8,County,Pedestrian,'Single Vehicle',Cloudy,Dry,Daylight,'NO CONTROLS','None Detected','None Detected','Cross/Enter Not at Intersection','IN ROADWAY IMPROPERLY','ON ROADWAY NOT AT CROSSWALK',Yes,None,0.621525,0.98398,'Possible Injury'
ROCKVILLE,42848,19.1,Municipality,Pedestrian,'STRAIGHT MOVEMENT ANGLE',Cloudy,Dry,Daylight,'NO CONTROLS','None Detected','None Detected','Cross/Enter at Intersection',Dart/Dash,'ON ROADWAY NOT AT CROSSWALK',Yes,None,0.61557,0.892423,'Suspected Minor Injury'
MONTGOMERY,44182,18.15,County,Pedestrian,'Single Vehicle',Clear,Wet,'Dark - Not Lighted','NO CONTROLS','None Detected','None Detected','Cross/Enter Not at Intersection','IN ROADWAY IMPROPERLY','ON ROADWAY NOT AT CROSSWALK',Yes,None,0.710241,0.870961,'Suspected Minor Injury'
MONTGOMERY,42969,21.25,County,Pedestrian,'Single Vehicle',Clear,Dry,'Dark - Lighted','NO CONTROLS','None Detected','None Detected',Standing,None,'ON ROADWAY NOT AT CROSSWALK',No,None,0.775298,0.851597,'Suspected Minor Injury'
MONTGOMERY,44032,17.15,County,Bicyclist,'SAME DIRECTION SIDESWIPE',Clear,Dry,Daylight,'STOP SIGN','None Detected','None Detected','Walking/Riding w/Traffic',None,SHOULDER,No,None,0.757764,0.874889,'Suspected Minor Injury'
MONTGOMERY,43260,3.383,'Maryland (State)',Pedestrian,'Single Vehicle',Clear,Dry,'Dark - Lighted','NO CONTROLS','ALCOHOL PRESENT','None Detected','Walking/Cycling on Sidewalk',None,SIDEWALK,No,None,0.558449,0.939155,'Fatal Injury'
MONTGOMERY,43381,10.283,County,Pedestrian,'Single Vehicle',Cloudy,Dry,Daylight,'NO CONTROLS','None Detected','None Detected','Getting off/on Vehicle',None,'ON ROADWAY AT CROSSWALK',No,None,0.685827,0.833148,'Possible Injury'
MONTGOMERY,44717,14.65,County,Pedestrian,'Single Vehicle',Clear,Dry,Daylight,'NO CONTROLS','None Detected','None Detected','Cross/Enter Not at Intersection','NOT VISIBLE','ON ROADWAY NOT AT CROSSWALK',No,None,0.575203,0.935671,'Possible Injury'
MONTGOMERY,45364,18.75,County,Pedestrian,'Single Vehicle',Clear,Dry,Daylight,'NO CONTROLS','None Detected','None Detected','Cross/Enter at Intersection',None,'ON ROADWAY NOT AT CROSSWALK',No,None,0.739469,0.853803,'No Apparent Injury'
MONTGOMERY,42405,9.117,County,Pedestrian,'Single Vehicle',Clear,Dry,Daylight,'NO CONTROLS','None Detected','None Detected','Approach/Leaving Schoolbus',Dart/Dash,'ON ROADWAY NOT AT CROSSWALK',Yes,None,0.598569,0.923418,'Possible Injury'
MONTGOMERY,44901,7.7,County,Pedestrian,'Single Vehicle',Foggy,Dry,Daylight,'NO CONTROLS','None Detected','None Detected','Walking to/from school',None,'ON ROADWAY AT CROSSWALK',No,None,0.551832,0.949891,'Suspected Minor Injury'
MONTGOMERY,43243,10.5,County,Pedestrian,'STRAIGHT MOVEMENT ANGLE',Clear,Dry,Daylight,'TRAFFIC SIGNAL','None Detected','None Detected','Cross/Enter at Intersection',None,'AT AT INTERSECTION MARKED CROSSWALK',No,None,0.571248,0.98121,'Possible Injury'
MONTGOMERY,43256,23.317,County,Pedestrian,'Single Vehicle',Clear,Dry,'Dark - Lighted','NO CONTROLS','None Detected','None Detected','Cross/Enter at Intersection',None,'INSIDE BUILDING',No,None,0.694281,0.871246,'No Apparent Injury'
MONTGOMERY,42423,18.817,County,Pedestrian,'Single Vehicle',Rain,Dry,'Dark - Lighted','NO CONTROLS','None Detected','None Detected','Cross/Enter at Intersection',None,'ON ROADWAY AT CROSSWALK',No,None,0.678145,0.896937,'Possible Injury'
MONTGOMERY,42166,17.667,'Maryland (State)',Bicyclist,'Single Vehicle',Clear,Dry,Daylight,'TRAFFIC SIGNAL','None Detected','None Detected','Cross/Enter Not at Intersection','FAILURE TO YIELD RIGHT OF WAY','AT INTERSECTION BUT NO CROSSWALK',No,None,0.520359,0.925386,'Suspected Minor Injury'
MONTGOMERY,43970,8.8,'Maryland (State)',Pedestrian,'Single Vehicle',Clear,Dry,Daylight,'TRAFFIC SIGNAL','None Detected','None Detected','Cross/Enter at Intersection',None,'ON ROADWAY AT CROSSWALK',No,None,0.503515,0.94652,'Suspected Minor Injury'
MONTGOMERY,45617,17.9,'Maryland (State)',Pedestrian,'Single Vehicle',Rain,Wet,'Dark - Lighted','NO CONTROLS','None Detected','None Detected','Cross/Enter Not at Intersection','IN ROADWAY IMPROPERLY','ON ROADWAY NOT AT CROSSWALK',Yes,None,0.64243,0.888307,'Suspected Minor Injury'
MONTGOMERY,44177,13.667,County,Pedestrian,'HEAD ON LEFT TURN',Clear,Dry,Daylight,'TRAFFIC SIGNAL','None Detected','None Detected','Cross/Enter at Intersection',None,'AT AT INTERSECTION MARKED CROSSWALK',No,None,0.456211,0.907463,'Suspected Minor Injury'
ROCKVILLE,44741,16,County,' CONVEYANCE','Single Vehicle',Clear,Dry,Daylight,'NO CONTROLS','None Detected','None Detected','Cross/Enter at Intersection',None,'ON ROADWAY AT CROSSWALK',No,None,0.585223,0.904992,'No Apparent Injury'
MONTGOMERY,42677,8.017,County,Bicyclist,'Single Vehicle',Clear,Dry,Daylight,'NO CONTROLS','None Detected','None Detected','Walking/Riding w/Traffic',None,'ON ROADWAY NOT AT CROSSWALK',No,Yes,0.494803,0.935491,'Suspected Minor Injury'
MONTGOMERY,42795,8.6,'Maryland (State)',Pedestrian,'Single Vehicle',Cloudy,Wet,Daylight,'STOP SIGN','None Detected','None Detected','Cross/Enter at Intersection',Dart/Dash,'ON ROADWAY AT CROSSWALK',No,None,0.509217,0.947111,'Suspected Serious Injury'
TAKOMA,45479,7.833,County,Bicyclist,'HEAD ON LEFT TURN',Clear,Dry,Daylight,'NO CONTROLS','None Detected','None Detected','Cross/Enter Not at Intersection',None,'ON ROADWAY AT CROSSWALK',No,None,0.483432,0.963652,'Suspected Serious Injury'
MONTGOMERY,45389,17.583,County,' CONVEYANCE','SAME DIRECTION RIGHT TURN',Clear,Dry,Daylight,'TRAFFIC SIGNAL','None Detected','None Detected','Cross/Enter Not at Intersection','IN ROADWAY IMPROPERLY','ON ROADWAY NOT AT CROSSWALK',Yes,None,0.745545,0.852554,'Suspected Minor Injury'
MONTGOMERY,43158,15.5,County,Pedestrian,'Single Vehicle',Clear,Dry,Daylight,'NO CONTROLS','None Detected','None Detected','Cross/Enter at Intersection',Inattentive,'ON ROADWAY NOT AT CROSSWALK',Yes,None,0.688968,0.8405,'Suspected Minor Injury'
MONTGOMERY,43934,16.633,County,Pedestrian,'Single Vehicle',Clear,Dry,Daylight,'NO CONTROLS','None Detected','None Detected','Cross/Enter at Intersection',Dart/Dash,'ON ROADWAY NOT AT CROSSWALK',Yes,Yes,0.542032,0.957027,'No Apparent Injury'
MONTGOMERY,45455,15.15,County,Pedestrian,'STRAIGHT MOVEMENT ANGLE',Rain,Wet,Daylight,'TRAFFIC SIGNAL','None Detected','None Detected','Cross/Enter at Intersection','FAILURE TO YIELD RIGHT OF WAY','AT AT INTERSECTION MARKED CROSSWALK',Yes,None,0.578043,0.938748,'Possible Injury'
MONTGOMERY,44872,16.067,County,Pedestrian,'Single Vehicle',Clear,Dry,Dusk,'NO CONTROLS','None Detected','None Detected','Cross/Enter at Intersection',None,'ON ROADWAY AT CROSSWALK',Yes,None,0.621881,0.866319,'Suspected Serious Injury'
MONTGOMERY,44070,15.2,'Maryland (State)',Bicyclist,'STRAIGHT MOVEMENT ANGLE',Cloudy,Dry,Daylight,'TRAFFIC SIGNAL','None Detected','None Detected','Cross/Enter at Intersection',None,'AT AT INTERSECTION MARKED CROSSWALK',No,None,0.600076,0.929546,'Possible Injury'
MONTGOMERY,43554,19.667,County,Pedestrian,'Single Vehicle',Clear,Dry,'Dark - Not Lighted','NO CONTROLS','None Detected','None Detected',Playing,None,'ON ROADWAY AT CROSSWALK',No,None,0.53653,0.950427,'Possible Injury'
MONTGOMERY,42459,19.383,County,Pedestrian,'Single Vehicle',Clear,Dry,Dusk,'TRAFFIC SIGNAL','None Detected','None Detected','Cross/Enter at Intersection','FAILURE TO OBEY TRAFFIC SIGNS SIGNALS OR OFFICER','ON ROADWAY AT CROSSWALK',No,None,0.658857,0.88708,'Suspected Minor Injury'
MONTGOMERY,44830,18.85,'Maryland (State)',Pedestrian,'Single Vehicle',Clear,Dry,Daylight,'TRAFFIC SIGNAL','None Detected','None Detected','Cross/Enter at Intersection',None,'ON ROADWAY AT CROSSWALK',No,None,0.534508,0.970896,'No Apparent Injury'
GAITHERSBURG,43367,8.167,Municipality,Pedestrian,'Single Vehicle',Rain,Wet,Dawn,'TRAFFIC SIGNAL','None Detected','None Detected','Walking/Cycling on Sidewalk',None,'AT AT INTERSECTION MARKED CROSSWALK',No,None,0.675851,0.862242,'Suspected Minor Injury'
MONTGOMERY,42447,10.783,County,Pedestrian,'Single Vehicle',Clear,Dry,Daylight,'NO CONTROLS','None Detected','None Detected',Standing,None,'ON ROADWAY AT CROSSWALK',No,None,0.50902,0.94892,'Suspected Serious Injury'