'Agency Name','Days after Jan 1','Hours past Midnight','Route Type','Related Non-Motorist','Collision Type',Weather,'Surface Condition',Light,'Traffic Control','Driver Substance Abuse','Non-Motorist Substance Abuse','Pedestrian Movement','Pedestrian Actions','Pedestrian Location','At Fault','Safety Equipment','Lat- Normalized','Long- Normalized','Injury Severity'
MONTGOMERY,42412,8.167,County,Pedestrian,'STRAIGHT MOVEMENT ANGLE',Clear,Dry,Daylight,'STOP SIGN','None Detected','None Detected','Walking to/from school',None,SIDEWALK,No,None,0.541949,0.964693,'Suspected Minor Injury'
MONTGOMERY,45576,17.35,County,Bicyclist,'Single Vehicle',Clear,Dry,Daylight,'TRAFFIC SIGNAL','None Detected','None Detected','Cross/Enter at Intersection',None,'ON ROADWAY AT CROSSWALK',No,None,0.626764,0.876336,'Possible Injury'
MONTGOMERY,43251,18,County,Pedestrian,'Single Vehicle',Rain,Wet,Daylight,'TRAFFIC SIGNAL','None Detected','None Detected','Cross/Enter at Intersection',None,'ON ROADWAY AT CROSSWALK',No,None,0.783259,0.838302,'Suspected Minor Injury'
TAKOMA,44431,20.333,'Maryland (State)',Pedestrian,'Single Vehicle',Clear,Dry,'Dark - Lighted','NO CONTROLS','None Detected','ALCOHOL CONTRIBUTED','Cross/Enter Not at Intersection','IN ROADWAY IMPROPERLY','ON ROADWAY NOT AT CROSSWALK',Yes,None,0.496258,0.967348,'Suspected Serious Injury'
MONTGOMERY,43506,18.783,County,Pedestrian,'Single Vehicle',Clear,Dry,'Dark - Lighted','TRAFFIC SIGNAL','None Detected','None Detected','Cross/Enter at Intersection',None,'ON ROADWAY AT CROSSWALK',No,None,0.6921,0.871973,'Fatal Injury'
MONTGOMERY,43902,6.667,County,Pedestrian,'Single Vehicle',Cloudy,Dry,'Dark - Lighted','TRAFFIC SIGNAL','None Detected','None Detected','Cross/Enter at Intersection',None,'ON ROADWAY AT CROSSWALK',No,None,0.706486,0.868696,'Suspected Minor Injury'
MONTGOMERY,43181,10.217,County,Pedestrian,'Single Vehicle',Clear,Wet,Daylight,'NO CONTROLS','None Detected','None Detected',Standing,None,'ON ROADWAY AT CROSSWALK',No,None,0.771337,0.833151,'Suspected Minor Injury'
MONTGOMERY,42646,19.567,'Maryland (State)',Pedestrian,'Single Vehicle',Clear,Dry,'Dark - Lighted','TRAFFIC SIGNAL','None Detected','None Detected','Cross/Enter at Intersection',None,'ON ROADWAY AT CROSSWALK',No,None,0.541236,0.951788,'Possible Injury'
MONTGOMERY,42459,19.317,'Maryland (State)',Pedestrian,'Single Vehicle',Clear,Dry,Daylight,'NO CONTROLS','None Detected','None Detected','Cross/Enter at Intersection',None,'AT AT INTERSECTION MARKED CROSSWALK',No,None,0.587957,0.934245,'Suspected Minor Injury'
ROCKVILLE,44517,11.25,County,Pedestrian,'Single Vehicle',Clear,Dry,Daylight,'NO CONTROLS','None Detected','None Detected','Cross/Enter at Intersection',None,'INSIDE BUILDING',No,None,0.61337,0.893234,'No Apparent Injury'
MONTGOMERY,42259,14.367,'US (State)',Pedestrian,'SAME DIR REAR END',Rain,Wet,Daylight,'NO CONTROLS','None Detected','None Detected',Standing,'DISABLED VEHICLE RELATED','ON ROADWAY AT CROSSWALK',No,None,0.601599,0.981844,'Possible Injury'
MONTGOMERY,43814,17.783,'Maryland (State)',Bicyclist,'Single Vehicle',Clear,Dry,'Dark - Lighted','TRAFFIC SIGNAL','None Detected','None Detected','Cross/Enter at Intersection',None,'ON ROADWAY AT CROSSWALK',No,Yes,0.752162,0.855033,'Suspected Minor Injury'
MONTGOMERY,43500,6.933,County,Pedestrian,'STRAIGHT MOVEMENT ANGLE',Clear,Dry,Dawn,'STOP SIGN','None Detected','None Detected','Cross/Enter at Intersection',None,'ON ROADWAY AT CROSSWALK',No,None,0.528354,0.97065,'Possible Injury'
MONTGOMERY,43566,14.4,County,Pedestrian,'Single Vehicle',Cloudy,Dry,Daylight,'NO CONTROLS','None Detected','None Detected','Cross/Enter at Intersection',None,'ON ROADWAY AT CROSSWALK',No,None,0.617409,0.892935,'Fatal Injury'
MONTGOMERY,42906,10.733,County,Pedestrian,'STRAIGHT MOVEMENT ANGLE',Clear,Dry,Daylight,'TRAFFIC SIGNAL','None Detected','None Detected','Cross/Enter at Intersection',None,MEDIAN,No,None,0.711541,0.845999,'Fatal Injury'
MONTGOMERY,42523,8.217,County,Pedestrian,'STRAIGHT MOVEMENT ANGLE',Cloudy,Dry,Daylight,'TRAFFIC SIGNAL','None Detected','None Detected','Cross/Enter at Intersection',Dart/Dash,'ON ROADWAY NOT AT CROSSWALK',Yes,None,0.598471,0.979349,'Suspected Minor Injury'
MONTGOMERY,43986,7.433,County,Pedestrian,'Single Vehicle',Clear,Dry,Daylight,'NO CONTROLS','None Detected','None Detected','Cross/Enter at Intersection',None,'ON ROADWAY AT CROSSWALK',Yes,None,0.490359,0.919459,'Possible Injury'
MONTGOMERY,43797,23.417,County,Pedestrian,'Single Vehicle',Clear,Dry,'Dark - Lighted','NO CONTROLS','ALCOHOL PRESENT','None Detected','Cross/Enter at Intersection',None,'ON ROADWAY AT CROSSWALK',No,None,0.560041,0.939312,'Suspected Minor Injury'
MONTGOMERY,42645,20.2,County,Pedestrian,'Single Vehicle',Clear,Dry,'Dark - Lighted','TRAFFIC SIGNAL','None Detected','None Detected','Cross/Enter at Intersection',None,'AT AT INTERSECTION MARKED CROSSWALK',No,None,0.514808,0.942987,'Suspected Minor Injury'
MONTGOMERY,45416,19.583,'Maryland (State)',Bicyclist,'Single Vehicle',Clear,Dry,Dusk,'TRAFFIC SIGNAL','None Detected','None Detected','Walking/Riding against Traffic','FAILURE TO YIELD RIGHT OF WAY','ON ROADWAY NOT AT CROSSWALK',Yes,Yes,0.557235,0.936199,'Suspected Minor Injury'
MONTGOMERY,43779,12.25,County,Pedestrian,'Single Vehicle',Clear,Dry,Daylight,'NO CONTROLS','None Detected','None Detected','Cross/Enter at Intersection',None,'ON ROADWAY NOT AT CROSSWALK',No,None,0.680979,0.868527,'Possible Injury'
MONTGOMERY,42066,20.267,County,Pedestrian,'Single Vehicle','WINTRY MIX',ICE,'Dark - Lighted','NO CONTROLS','None Detected','None Detected',Standing,None,'ON ROADWAY NOT AT CROSSWALK',No,None,0.506056,0.947163,'Suspected Minor Injury'
MONTGOMERY,44855,3,'US (State)',Pedestrian,'Single Vehicle',Clear,Dry,'Dark - Lighted','FLASHING TRAFFIC SIGNAL','None Detected','None Detected','Cross/Enter at Intersection',None,'ON ROADWAY AT CROSSWALK',No,None,0.507817,0.948584,'Possible Injury'
GAITHERSBURG,43898,15.367,County,Pedestrian,'Single Vehicle',Clear,Dry,Daylight,'NO CONTROLS','None Detected','None Detected',' Working',None,'ON ROADWAY AT CROSSWALK',No,None,0.690356,0.866634,'Possible Injury'
MONTGOMERY,42653,16.9,County,Pedestrian,'Single Vehicle',Clear,Dry,Daylight,'NO CONTROLS','None Detected','None Detected','Walking/Riding w/Traffic',None,SIDEWALK,No,None,0.558767,0.937046,'Possible Injury'
MONTGOMERY,42239,19.5,'Maryland (State)',' CONVEYANCE','Single Vehicle',Clear,Dry,Daylight,'NO CONTROLS','None Detected','ALCOHOL PRESENT','Cross/Enter at Intersection',None,'DRIVEWAY ACCESS MARKED CROSSWALK',No,None,0.608642,0.926035,'Suspected Minor Injury'
ROCKVILLE,44797,18.317,County,Bicyclist,'Single Vehicle',Clear,Dry,Dusk,'TRAFFIC SIGNAL','None Detected','None Detected','Cross/Enter at Intersection',None,'ON ROADWAY AT CROSSWALK',No,None,0.623369,0.900581,'Suspected Minor Injury'
MONTGOMERY,43510,6.517,County,Pedestrian,'Single Vehicle',Clear,Dry,'Dark - Lighted','TRAFFIC SIGNAL','None Detected','None Detected','Cross/Enter at Intersection',None,'ON ROADWAY AT CROSSWALK',No,None,0.601712,0.922201,'Suspected Serious Injury'
MONTGOMERY,43244,16.583,County,Bicyclist,'HEAD ON LEFT TURN',Clear,Dry,Daylight,'STOP SIGN','None Detected','None Detected','Cross/Enter at Intersection',None,'ON ROADWAY AT CROSSWALK',No,Yes,0.764015,0.795338,'Suspected Minor Injury'
MONTGOMERY,44715,22,County,Pedestrian,'Single Vehicle',Clear,Dry,'Dark - Not Lighted','STOP SIGN','None Detected','None Detected','Cross/Enter at Intersection',None,'ON ROADWAY AT CROSSWALK',No,None,0.575896,0.923123,'Fatal Injury'
GAITHERSBURG,44484,16.533,'Maryland (State)',Pedestrian,'Single Vehicle',Clear,Dry,Daylight,'TRAFFIC SIGNAL','None Detected','None Detected','Cross/Enter at Intersection','IN ROADWAY IMPROPERLY',CURB,Yes,None,0.680326,0.858039,'Suspected Minor Injury'
MONTGOMERY,44300,6,County,Pedestrian,'Single Vehicle',Cloudy,Dry,'Dark - Lighted','NO CONTROLS','None Detected','None Detected','Cross/Enter Not at Intersection','IN ROADWAY IMPROPERLY','ON ROADWAY NOT AT CROSSWALK',Yes,None,0.619697,0.926117,'Suspected Minor Injury'
MONTGOMERY,43513,18.55,County,Pedestrian,'Single Vehicle',Cloudy,Wet,'Dark - Lighted','TRAFFIC SIGNAL','None Detected','None Detected','Cross/Enter at Intersection',None,'ON ROADWAY AT CROSSWALK',No,None,0.485869,0.91804,'Suspected Minor Injury'
MONTGOMERY,43143,17.35,County,Pedestrian,'Single Vehicle',Clear,Dry,Daylight,'NO CONTROLS','None Detected','None Detected','Cross/Enter at Intersection',None,'ON ROADWAY AT CROSSWALK',No,None,0.615606,0.865803,'Suspected Minor Injury'
MONTGOMERY,42590,15.117,County,Pedestrian,'Single Vehicle',Clear,Dry,Daylight,'NO CONTROLS','None Detected','None Detected','Cross/Enter Not at Intersection','IN ROADWAY IMPROPERLY','ON ROADWAY NOT AT CROSSWALK',No,None,0.500168,0.91799,'Suspected Minor Injury'
ROCKVILLE,43244,9.433,Municipality,Pedestrian,'Single Vehicle',Clear,Dry,Daylight,'TRAFFIC SIGNAL','None Detected','None Detected','Cross/Enter Not at Intersection','FAILURE TO OBEY TRAFFIC SIGNS SIGNALS OR OFFICER','ON ROADWAY NOT AT CROSSWALK',Yes,None,0.633336,0.890664,'Possible Injury'
MONTGOMERY,42576,14.167,County,Pedestrian,'Single Vehicle',Clear,Dry,Daylight,'TRAFFIC SIGNAL','None Detected','None Detected','Cross/Enter at Intersection',None,'ON ROADWAY AT CROSSWALK',No,None,0.708534,0.893452,'Suspected Minor Injury'
MONTGOMERY,45494,11.867,'Maryland (State)',Pedestrian,'Single Vehicle',Clear,Dry,Daylight,'STOP SIGN','None Detected','None Detected','Cross/Enter at Intersection',None,'ON ROADWAY AT CROSSWALK',No,None,0.666082,0.929967,'No Apparent Injury'
MONTGOMERY,42209,11.767,County,Bicyclist,'Single Vehicle',Clear,Dry,Daylight,'YIELD SIGN','None Detected','None Detected','Walking/Cycling on Sidewalk','IN ROADWAY IMPROPERLY','ON ROADWAY AT CROSSWALK',Yes,Yes,0.526521,0.953431,'Suspected Minor Injury'
MONTGOMERY,43087,11.033,County,Pedestrian,'Single Vehicle',Cloudy,Dry,Daylight,'TRAFFIC SIGNAL','None Detected','None Detected','Cross/Enter at Intersection',None,'ON ROADWAY AT CROSSWALK',No,None,0.491139,0.917336,'Suspected Minor Injury'
MONTGOMERY,42824,15.317,County,Pedestrian,'Single Vehicle',Cloudy,Dry,Daylight,'NO CONTROLS','None Detected','None Detected','Cross/Enter at Intersection',Inattentive,'AT INTERSECTION BUT NO CROSSWALK',No,None,0.64309,0.87904,'Suspected Minor Injury'
MONTGOMERY,44323,21.7,'Maryland (State)',Pedestrian,'Single Vehicle',Clear,Wet,'Dark - Lighted','TRAFFIC SIGNAL','None Detected','ALCOHOL PRESENT','Cross/Enter Not at Intersection','FAILURE TO YIELD RIGHT OF WAY','ON ROADWAY NOT AT CROSSWALK',Yes,None,0.576024,0.924061,'Suspected Minor Injury'
MONTGOMERY,42737,18.883,County,Pedestrian,'Single Vehicle',Rain,Dry,'Dark - Lighted','NO CONTROLS','None Detected','None Detected','Walking/Riding w/Traffic',None,'ON ROADWAY NOT AT CROSSWALK',No,None,0.698672,0.850897,'Suspected Minor Injury'
ROCKVILLE,42655,10.633,County,Pedestrian,'Single Vehicle',Clear,Dry,Daylight,'NO CONTROLS','None Detected','None Detected','Cross/Enter at Intersection',Dart/Dash,'ON ROADWAY AT CROSSWALK',Yes,None,0.632949,0.877349,'Suspected Minor Injury'
MONTGOMERY,45401,21,County,Pedestrian,'STRAIGHT MOVEMENT ANGLE',Clear,Dry,'Dark - Lighted','TRAFFIC SIGNAL','None Detected','None Detected','Cross/Enter at Intersection','NOT VISIBLE','AT INTERSECTION BUT NO CROSSWALK',No,Yes,0.62117,0.912307,'Possible Injury'
MONTGOMERY,45573,18.933,'Maryland (State)','MACHINE OPERATOR/RIDER','Single Vehicle',Clear,Dry,Dusk,'TRAFFIC SIGNAL','None Detected','None Detected','Cross/Enter at Intersection',None,'AT AT INTERSECTION MARKED CROSSWALK',Yes,None,0.504673,0.944696,'Possible Injury'
MONTGOMERY,42318,17.333,County,Pedestrian,'Single Vehicle',Rain,Wet,'Dark - Not Lighted','NO CONTROLS','None Detected','None Detected','Cross/Enter at Intersection','NOT VISIBLE','ON ROADWAY AT CROSSWALK',No,None,0.529537,0.946106,'Suspected Minor Injury'
MONTGOMERY,44725,16.167,'Maryland (State)',' CONVEYANCE','Single Vehicle',Clear,Dry,Daylight,'NO CONTROLS','None Detected','None Detected','Walking/Riding against Traffic','WRONG WAY RIDING OR WALKING','ON ROADWAY AT CROSSWALK',Yes,Yes,0.597369,0.900281,'Possible Injury'
MONTGOMERY,43626,19.5,County,' CONVEYANCE','STRAIGHT MOVEMENT ANGLE',Clear,Dry,Daylight,'STOP SIGN','None Detected','None Detected','Cross/Enter at Intersection','FAILURE TO YIELD RIGHT OF WAY','ON ROADWAY NOT AT CROSSWALK',Yes,None,0.503963,0.964629,'Suspected Minor Injury'
ROCKVILLE,42164,14.65,'Maryland (State)',Pedestrian,'Single Vehicle',Clear,Dry,Daylight,'TRAFFIC SIGNAL','None Detected','None Detected','Cross/Enter at Intersection',None,'ON ROADWAY AT CROSSWALK',No,None,0.597373,0.909699,'Possible Injury'
MONTGOMERY,43005,18.55,County,Bicyclist,'Single Vehicle',Clear,Dry,Daylight,'NO CONTROLS','None Detected','None Detected','Walking/Riding w/Traffic',None,'ON ROADWAY AT CROSSWALK',No,Yes,0.722347,0.914352,'No Apparent Injury'
MONTGOMERY,42066,18.15,County,' CONVEYANCE','OPPOSITE DIRECTION SIDESWIPE','WINTRY MIX',ICE,'Dark - Lighted','NO CONTROLS','None Detected','None Detected',Standing,None,'ON ROADWAY NOT AT CROSSWALK',No,None,0.829953,0.870399,'Possible Injury'
ROCKVILLE,45400,15.567,Municipality,Pedestrian,'Single Vehicle',Clear,Dry,Daylight,'TRAFFIC SIGNAL','None Detected','None Detected','Cross/Enter at Intersection',None,'ON ROADWAY AT CROSSWALK',No,None,0.580893,0.905308,'Suspected Minor Injury'
GAITHERSBURG,43476,21.35,Municipality,Pedestrian,'Single Vehicle',Clear,Dry,'Dark - Lighted','NO CONTROLS','None Detected','None Detected','Cross/Enter Not at Intersection','FAILURE TO YIELD RIGHT OF WAY','ON ROADWAY NOT AT CROSSWALK',Yes,None,0.662776,0.871624,'Suspected Minor Injury'
MONTGOMERY,43068,17.633,County,Pedestrian,'Single Vehicle',Clear,Dry,'Dark - Lighted','NO CONTROLS','None Detected','None Detected','Cross/Enter at Intersection',None,'AT AT INTERSECTION MARKED CROSSWALK',No,None,0.613343,0.866363,'No Apparent Injury'
MONTGOMERY,44355,7.5,'US (State)',Pedestrian,'Single Vehicle',Clear,Dry,Daylight,'STOP SIGN','None Detected','None Detected','Cross/Enter at Intersection',None,'AT AT INTERSECTION MARKED CROSSWALK',No,None,0.547553,0.958882,'Suspected Minor Injury'
MONTGOMERY,43871,8.5,County,Pedestrian,'Single Vehicle',Rain,Wet,Daylight,'NO CONTROLS','None Detected','None Detected','Cross/Enter at Intersection',None,'ON ROADWAY AT CROSSWALK',No,None,0.564947,0.944586,'Suspected Minor Injury'
MONTGOMERY,44424,18.35,County,Pedestrian,'Single Vehicle',Clear,Dry,'Dark - Lighted','NO CONTROLS','None Detected','None Detected','Cross/Enter at Intersection',None,'ON ROADWAY AT CROSSWALK',No,None,0.555912,0.938595,'Possible Injury'
MONTGOMERY,42551,10.817,County,Pedestrian,'SAME DIR REAR END',Clear,Dry,Daylight,'NO CONTROLS','None Detected','None Detected',Standing,None,'ON ROADWAY AT CROSSWALK',No,None,0.669692,0.888778,'No Apparent Injury'
MONTGOMERY,44103,7.4,County,Bicyclist,'Single Vehicle',Cloudy,Dry,Daylight,'NO CONTROLS','None Detected','None Detected','Cross/Enter at Intersection','FAILURE TO OBEY TRAFFIC SIGNS SIGNALS OR OFFICER','ON ROADWAY AT CROSSWALK',Yes,None,0.668032,0.870169,'Suspected Minor Injury'
MONTGOMERY,44833,19.617,'Maryland (State)',Pedestrian,'STRAIGHT MOVEMENT ANGLE',Clear,Dry,Dusk,'NO CONTROLS','None Detected','None Detected','Walking/Cycling on Sidewalk',None,SIDEWALK,No,None,0.60157,0.928762,'Possible Injury'
MONTGOMERY,42673,21.717,County,Pedestrian,'Single Vehicle',Clear,Dry,'Dark - Lighted','TRAFFIC SIGNAL','None Detected','None Detected','Cross/Enter at Intersection',None,'AT AT INTERSECTION MARKED CROSSWALK',No,None,0.713865,0.844359,'Possible Injury'
MONTGOMERY,45533,19.25,'Maryland (State)',Pedestrian,'Single Vehicle',Clear,Dry,Daylight,'TRAFFIC SIGNAL','None Detected','None Detected','Cross/Enter at Intersection',None,'ON ROADWAY AT CROSSWALK',No,None,0.576838,0.907664,'Possible Injury'
MONTGOMERY,44188,17.983,Municipality,Bicyclist,'STRAIGHT MOVEMENT ANGLE',Clear,Dry,'Dark - Lighted','STOP SIGN','None Detected','None Detected','Cross/Enter at Intersection',None,SIDEWALK,No,None,0.583053,0.904217,'Possible Injury'
MONTGOMERY,44698,20.183,County,Bicyclist,'SAME DIRECTION SIDESWIPE',Clear,Dry,Dusk,'TRAFFIC SIGNAL','None Detected','None Detected','Walking/Riding w/Traffic',None,SHOULDER,No,Yes,0.601626,0.922305,'Suspected Minor Injury'
MONTGOMERY,42669,13.833,County,Pedestrian,'STRAIGHT MOVEMENT ANGLE',Clear,Dry,Daylight,'TRAFFIC SIGNAL','None Detected','None Detected','Cross/Enter at Intersection','FAILURE TO OBEY TRAFFIC SIGNS SIGNALS OR OFFICER','AT AT INTERSECTION MARKED CROSSWALK',Yes,None,0.582989,0.909409,'Possible Injury'
MONTGOMERY,44335,19.2,County,Pedestrian,'Single Vehicle',Clear,Dry,Daylight,'NO CONTROLS','None Detected','None Detected',Playing,Dart/Dash,'ON ROADWAY NOT AT CROSSWALK',Yes,None,0.600882,0.922796,'Suspected Minor Injury'
TAKOMA,42467,9.783,County,Pedestrian,'Single Vehicle',Rain,Dry,'Dark - Lighted','NO CONTROLS','None Detected','None Detected','Cross/Enter at Intersection',Dart/Dash,'ON ROADWAY AT CROSSWALK',No,None,0.494142,0.954801,'Suspected Minor Injury'
MONTGOMERY,43367,13.983,County,Pedestrian,'Single Vehicle',Rain,Wet,Daylight,'NO CONTROLS','None Detected','None Detected',Standing,'IN ROADWAY IMPROPERLY','ON ROADWAY NOT AT CROSSWALK',Yes,None,0.498808,0.918303,'Possible Injury'
ROCKVILLE,44784,8.5,Municipality,Pedestrian,'Single Vehicle',Rain,Wet,Daylight,'NO CONTROLS','None Detected','None Detected','Walking/Riding against Traffic','IN ROADWAY IMPROPERLY','ON ROADWAY NOT AT CROSSWALK',Yes,None,0.60632,0.903274,'Suspected Minor Injury'
MONTGOMERY,42147,9.567,County,Bicyclist,'STRAIGHT MOVEMENT ANGLE',Clear,Dry,Daylight,'STOP SIGN','None Detected','None Detected','Cross/Enter at Intersection',None,SHOULDER,No,Yes,0.706749,0.938561,'Possible Injury'
MONTGOMERY,43360,15.5,County,Pedestrian,'Single Vehicle',Rain,Wet,Daylight,'FLASHING TRAFFIC SIGNAL','None Detected','None Detected','Cross/Enter at Intersection',None,'ON ROADWAY AT CROSSWALK',No,None,0.772758,0.850509,'Possible Injury'
MONTGOMERY,45627,19.417,'Maryland (State)',Pedestrian,'Single Vehicle',Rain,Wet,'Dark - Lighted','TRAFFIC SIGNAL','None Detected','None Detected','Cross/Enter Not at Intersection','IN ROADWAY IMPROPERLY','ON ROADWAY NOT AT CROSSWALK',Yes,None,0.678979,0.870549,'Possible Injury'
MONTGOMERY,43889,7.25,County,Bicyclist,'SAME DIRECTION SIDESWIPE',Clear,Dry,Dawn,'NO CONTROLS','None Detected','None Detected','Walking/Riding w/Traffic',None,'ON ROADWAY NOT AT CROSSWALK',No,Yes,0.491264,0.950766,'Suspected Minor Injury'
MONTGOMERY,42638,12.25,County,Bicyclist,'Single Vehicle',Clear,Dry,Daylight,'NO CONTROLS','None Detected','None Detected','Walking/Riding w/Traffic',None,'ON ROADWAY NOT AT CROSSWALK',No,Yes,0.798068,0.797403,'Possible Injury'
MONTGOMERY,45350,11.417,County,Pedestrian,'Single Vehicle',Cloudy,Dry,Daylight,'STOP SIGN','None Detected','None Detected','Cross/Enter at Intersection',None,'AT AT INTERSECTION MARKED CROSSWALK',No,None,0.575091,0.90921,'Possible Injury'
ROCKVILLE,43784,18.667,Municipality,Pedestrian,'Single Vehicle',Clear,Dry,'Dark - Lighted','TRAFFIC SIGNAL','None Detected','None Detected','Cross/Enter at Intersection',None,'ON ROADWAY AT CROSSWALK',No,None,0.587571,0.904218,'No Apparent Injury'
MONTGOMERY,44732,19.5,County,Bicyclist,'Single Vehicle',Clear,Dry,Daylight,'STOP SIGN','None Detected','None Detected','Cross/Enter at Intersection',None,'ON ROADWAY NOT AT CROSSWALK',No,None,0.711476,0.846563,'Possible Injury'
MONTGOMERY,43333,21.667,County,Pedestrian,'Single Vehicle',Clear,Wet,'Dark - Lighted','NO CONTROLS','None Detected','None Detected','Cross/Enter Not at Intersection','IN ROADWAY IMPROPERLY','ON ROADWAY NOT AT CROSSWALK',No,None,0.517194,0.96856,'Suspected Minor Injury'
ROCKVILLE,45336,16.567,Municipality,Pedestrian,'Single Vehicle',Clear,Dry,Daylight,PERSON,'None Detected','None Detected','Cross/Enter Not at Intersection',Dart/Dash,'ON ROADWAY NOT AT CROSSWALK',Yes,None,0.607038,0.89313,'Suspected Minor Injury'
MONTGOMERY,43386,14.3,County,Bicyclist,'Single Vehicle',Clear,Dry,Daylight,'NO CONTROLS','None Detected','None Detected','Cross/Enter at Intersection',None,'ON ROADWAY AT CROSSWALK',No,None,0.533956,0.918595,'Suspected Minor Injury'
MONTGOMERY,43737,10.75,'Maryland (State)',Bicyclist,'HEAD ON LEFT TURN',Clear,Dry,Daylight,'TRAFFIC SIGNAL','None Detected','None Detected','Cross/Enter at Intersection',None,'ON ROADWAY NOT AT CROSSWALK',No,None,0.603305,0.925335,'Suspected Minor Injury'
MONTGOMERY,42530,16.717,County,Pedestrian,'Single Vehicle',Clear,Dry,Daylight,'NO CONTROLS','None Detected','None Detected','Walking/Riding against Traffic',None,SIDEWALK,No,None,0.538157,0.940736,'Possible Injury'
GAITHERSBURG,45521,19.333,County,Pedestrian,'Single Vehicle',Clear,Dry,Daylight,'NO CONTROLS','None Detected','None Detected','Cross/Enter at Intersection',None,'ON ROADWAY AT CROSSWALK',No,None,0.659195,0.87187,'Possible Injury'
MONTGOMERY,42547,9.2,County,Bicyclist,'STRAIGHT MOVEMENT ANGLE',Clear,Dry,Daylight,'NO CONTROLS','None Detected','None Detected','Walking/Riding w/Traffic','IN ROADWAY IMPROPERLY','ON ROADWAY AT CROSSWALK',Yes,Yes,0.721913,0.822252,'Suspected Serious Injury'
MONTGOMERY,45432,16.967,County,Bicyclist,'SAME DIRECTION LEFT TURN',Clear,Dry,Daylight,'NO CONTROLS','None Detected','None Detected','Cross/Enter at Intersection','FAILURE TO YIELD RIGHT OF WAY','OUTSIDE RIGHT OF WAY',Yes,None,0.558476,0.883123,'Suspected Minor Injury'
MONTGOMERY,42104,18.017,County,Pedestrian,'Single Vehicle',Cloudy,Dry,Daylight,'NO CONTROLS','None Detected','None Detected','Push/Work on Vehicle',None,'ON ROADWAY AT CROSSWALK',No,None,0.603093,0.928381,'Suspected Minor Injury'
MONTGOMERY,44388,12.833,'Maryland (State)',Bicyclist,'STRAIGHT MOVEMENT ANGLE',Clear,Dry,Daylight,'TRAFFIC SIGNAL','None Detected','None Detected','Cross/Enter at Intersection',None,'AT AT INTERSECTION MARKED CROSSWALK',No,Yes,0.655097,0.880029,'Possible Injury'
MONTGOMERY,42803,16.75,'Maryland (State)',Pedestrian,'Single Vehicle',Clear,Dry,Daylight,'TRAFFIC SIGNAL','None Detected','None Detected','Cross/Enter at Intersection',None,'ON ROADWAY AT CROSSWALK',No,None,0.528448,0.970347,'Suspected Minor Injury'
MONTGOMERY,42271,19.017,County,Pedestrian,'Single Vehicle',Clear,Dry,Daylight,'NO CONTROLS','None Detected','None Detected','Walking to/from school',None,'ON ROADWAY AT CROSSWALK',No,None,0.613347,0.856894,'Possible Injury'
MONTGOMERY,43655,19.4,County,Bicyclist,'Single Vehicle',Clear,Dry,Daylight,'NO CONTROLS','None Detected','None Detected','Cross/Enter Not at Intersection',Dart/Dash,'ON ROADWAY NOT AT CROSSWALK',Yes,None,0.525195,0.968935,'Suspected Serious Injury'
MONTGOMERY,43322,12.217,County,Pedestrian,'Single Vehicle',Clear,Dry,Daylight,'NO CONTROLS','None Detected','None Detected','Cross/Enter at Intersection',None,'INSIDE BUILDING',No,None,0.570167,0.910178,'Possible Injury'
MONTGOMERY,43732,17.667,County,Pedestrian,'Single Vehicle',Clear,Dry,Daylight,'NO CONTROLS','None Detected','None Detected','Cross/Enter Not at Intersection',Dart/Dash,'ON ROADWAY AT CROSSWALK',Yes,None,0.523415,0.957786,'Suspected Minor Injury'
MONTGOMERY,44594,14.833,'Maryland (State)',Pedestrian,'Single Vehicle',Clear,Dry,Daylight,'TRAFFIC SIGNAL','None Detected','None Detected','Cross/Enter at Intersection',None,'ON ROADWAY AT CROSSWALK',No,None,0.772399,0.84349,'Possible Injury'
MONTGOMERY,42087,6.567,'Maryland (State)',Pedestrian,'Single Vehicle',Clear,Dry,Dawn,'NO CONTROLS','None Detected','None Detected','Cross/Enter Not at Intersection',None,'ON ROADWAY NOT AT CROSSWALK',No,None,0.552206,0.94819,'Fatal Injury'
MONTGOMERY,42859,10.9,County,Pedestrian,'Single Vehicle',Clear,Dry,Daylight,'NO CONTROLS','None Detected','None Detected','Walking/Cycling on Sidewalk',None,SIDEWALK,No,None,0.679087,0.870543,'Suspected Minor Injury'
MONTGOMERY,43632,12.95,'Maryland (State)',Pedestrian,'Single Vehicle',Clear,Dry,Daylight,'STOP SIGN','None Detected','None Detected','Cross/Enter at Intersection',None,'ON ROADWAY NOT AT CROSSWALK',No,None,0.603656,0.960089,'No Apparent Injury'
MONTGOMERY,43949,22.933,'Maryland (State)',Pedestrian,'Single Vehicle',Cloudy,Wet,'Dark - Lighted','TRAFFIC SIGNAL','None Detected','ALCOHOL CONTRIBUTED','Cross/Enter at Intersection','IN ROADWAY IMPROPERLY','ON ROADWAY NOT AT CROSSWALK',Yes,None,0.575457,0.9243,'Suspected Serious Injury'
MONTGOMERY,43744,19.5,County,Pedestrian,'Single Vehicle',Cloudy,Dry,'Dark - Lighted','TRAFFIC SIGNAL','None Detected','None Detected','Cross/Enter at Intersection',None,'ON ROADWAY AT CROSSWALK',No,None,0.576909,0.907686,'Possible Injury'