'Agency Name','Days after Jan 1','Hours past Midnight','Route Type','Related Non-Motorist','Collision Type',Weather,'Surface Condition',Light,'Traffic Control','Driver Substance Abuse','Non-Motorist Substance Abuse','Pedestrian Movement','Pedestrian Actions','Pedestrian Location','At Fault','Safety Equipment','Lat- Normalized','Long- Normalized','Injury Severity'
MONTGOMERY,42369,13.667,'Maryland (State)',Pedestrian,'Single Vehicle',Clear,Dry,Daylight,'TRAFFIC SIGNAL','None Detected','None Detected','Getting off/on Vehicle',Dart/Dash,'AT INTERSECTION BUT NO CROSSWALK',Yes,None,0.678252,0.863816,'Suspected Serious Injury'
MONTGOMERY,43259,3.833,'Maryland (State)',Pedestrian,'Single Vehicle',Clear,Dry,'Dark - Lighted','NO CONTROLS','None Detected','None Detected','Cross/Enter at Intersection',None,'ON ROADWAY AT CROSSWALK',No,None,0.599703,0.929499,'Fatal Injury'
MONTGOMERY,43315,19.533,County,Bicyclist,'Single Vehicle',Rain,Wet,Daylight,'TRAFFIC SIGNAL','None Detected','None Detected','Cross/Enter at Intersection',None,'ON ROADWAY AT CROSSWALK',No,None,0.572304,0.913535,'Suspected Minor Injury'
GAITHERSBURG,45381,21.067,'Maryland (State)',Pedestrian,'Single Vehicle',Clear,Dry,'Dark - Lighted','TRAFFIC SIGNAL','None Detected','None Detected','Cross/Enter at Intersection','IN ROADWAY IMPROPERLY','ON ROADWAY NOT AT CROSSWALK',Yes,None,0.680669,0.864701,'Suspected Serious Injury'
TAKOMA,42925,2.783,County,Pedestrian,'Single Vehicle',Clear,Dry,'Dark - Lighted','NO CONTROLS','None Detected','ALCOHOL PRESENT','Cross/Enter at Intersection',None,'ON ROADWAY AT CROSSWALK',Yes,None,0.502555,0.964442,'Possible Injury'
MONTGOMERY,43586,17.233,'Maryland (State)',Bicyclist,'Single Vehicle',Clear,Dry,Daylight,'TRAFFIC SIGNAL','None Detected','None Detected','Cross/Enter at Intersection',None,'AT AT INTERSECTION MARKED CROSSWALK',No,None,0.738211,0.852812,'No Apparent Injury'
MONTGOMERY,42657,8.167,'Maryland (State)',Pedestrian,'SAME DIR REAR END',Clear,Dry,Daylight,'NO CONTROLS','None Detected','None Detected',' Working',None,SIDEWALK,No,None,0.745283,0.852437,'Suspected Minor Injury'
MONTGOMERY,43628,9.417,'Maryland (State)',Pedestrian,'Single Vehicle',Clear,Dry,Daylight,'TRAFFIC SIGNAL','None Detected','None Detected','Cross/Enter at Intersection',None,'ON ROADWAY AT CROSSWALK',No,None,0.567468,0.929834,'Suspected Minor Injury'
GAITHERSBURG,45486,10.583,'Maryland (State)',Bicyclist,'Single Vehicle',Clear,Dry,Daylight,'STOP SIGN','None Detected','None Detected','Walking/Riding w/Traffic',None,'ON ROADWAY NOT AT CROSSWALK',No,Yes,0.690964,0.86332,'Possible Injury'
GAITHERSBURG,43658,19.317,County,Pedestrian,'Single Vehicle',Clear,Dry,Daylight,'NO CONTROLS','None Detected','None Detected','Cross/Enter at Intersection',None,'ON ROADWAY AT CROSSWALK',No,None,0.673716,0.862426,'Suspected Minor Injury'
MONTGOMERY,42298,15.683,'Maryland (State)',Bicyclist,'SAME DIR REAR END',Clear,Dry,Daylight,'NO CONTROLS','None Detected','None Detected','Walking/Riding w/Traffic','IMPROPER PASSING','ON ROADWAY NOT AT CROSSWALK',Yes,None,0.509928,0.96164,'Suspected Minor Injury'
MONTGOMERY,43540,12.417,'Maryland (State)',Pedestrian,'Single Vehicle',Clear,Dry,Daylight,PERSON,'None Detected','None Detected',' Working',None,'ON ROADWAY NOT AT CROSSWALK',No,Yes,0.682629,0.949048,'Possible Injury'
MONTGOMERY,43622,13.633,'Maryland (State)',Pedestrian,'Single Vehicle',Clear,Dry,Daylight,'STOP SIGN','None Detected','None Detected','Cross/Enter at Intersection',None,'AT AT INTERSECTION MARKED CROSSWALK',No,None,0.553155,0.937975,'Suspected Serious Injury'
'Maryland-National Capital',42453,9.033,County,Bicyclist,'STRAIGHT MOVEMENT ANGLE',Clear,Dry,Daylight,'STOP SIGN','None Detected','None Detected','Cross/Enter at Intersection','FAILURE TO YIELD RIGHT OF WAY','AT AT INTERSECTION MARKED CROSSWALK',Yes,Yes,0.522786,0.928134,'Suspected Minor Injury'
MONTGOMERY,44484,9.333,County,Pedestrian,'Single Vehicle',Clear,Dry,Daylight,'NO CONTROLS','None Detected','None Detected','Cross/Enter at Intersection',None,'ON ROADWAY AT CROSSWALK',No,None,0.586456,0.960728,'No Apparent Injury'
GAITHERSBURG,44785,13.25,County,Bicyclist,'STRAIGHT MOVEMENT ANGLE',Clear,Dry,Daylight,'NO CONTROLS','None Detected','None Detected','Cross/Enter at Intersection',Inattentive,'ON ROADWAY NOT AT CROSSWALK',Yes,None,0.6383,0.855432,'No Apparent Injury'
MONTGOMERY,43632,17,County,Bicyclist,'Single Vehicle',Clear,Dry,Daylight,'NO CONTROLS','None Detected','None Detected',Playing,'IN ROADWAY IMPROPERLY','ON ROADWAY NOT AT CROSSWALK',Yes,None,0.604697,0.859458,'Possible Injury'
MONTGOMERY,43384,19,County,Pedestrian,'STRAIGHT MOVEMENT ANGLE',Rain,Wet,'Dark - Lighted','NO CONTROLS','None Detected','ALCOHOL PRESENT','Cross/Enter Not at Intersection',Dart/Dash,'ON ROADWAY NOT AT CROSSWALK',Yes,None,0.586865,0.951352,'Suspected Serious Injury'
MONTGOMERY,44624,14.233,County,Bicyclist,'STRAIGHT MOVEMENT ANGLE',Clear,Dry,Daylight,'STOP SIGN','None Detected','None Detected','Cross/Enter at Intersection','FAILURE TO YIELD RIGHT OF WAY','ON ROADWAY NOT AT CROSSWALK',Yes,Yes,0.566486,0.858014,'No Apparent Injury'
MONTGOMERY,42423,21.917,County,Pedestrian,'Single Vehicle',Clear,Dry,'Dark - Lighted','NO CONTROLS','None Detected','None Detected',' Working',None,'ON ROADWAY AT CROSSWALK',No,None,0.572573,0.97722,'Suspected Minor Injury'
MONTGOMERY,42872,18.15,County,Bicyclist,'ANGLE MEETS LEFT HEAD ON',Clear,Dry,Daylight,'NO CONTROLS','None Detected','None Detected','Walking/Riding w/Traffic','FAILURE TO YIELD RIGHT OF WAY','ON ROADWAY NOT AT CROSSWALK',Yes,Yes,0.680475,0.83296,'Suspected Serious Injury'
MONTGOMERY,44469,17,'Maryland (State)',Pedestrian,'Single Vehicle',Clear,Dry,Daylight,'NO CONTROLS','None Detected','None Detected','Cross/Enter at Intersection',None,'AT AT INTERSECTION MARKED CROSSWALK',No,None,0.488223,0.920067,'Suspected Minor Injury'
MONTGOMERY,42237,18.9,County,Bicyclist,'STRAIGHT MOVEMENT ANGLE',Clear,Dry,Daylight,'STOP SIGN','None Detected','None Detected','Cross/Enter at Intersection','IN ROADWAY IMPROPERLY','AT INTERSECTION BUT NO CROSSWALK',Yes,None,0.71147,0.846582,'Suspected Minor Injury'
MONTGOMERY,43951,17.5,County,Pedestrian,'Single Vehicle',Rain,Dry,Daylight,'NO CONTROLS','None Detected','None Detected','Cross/Enter at Intersection',None,'ON ROADWAY AT CROSSWALK',No,None,0.6071,0.924863,'No Apparent Injury'
GAITHERSBURG,44211,18.433,Municipality,Pedestrian,'Single Vehicle',Rain,Wet,'Dark - Not Lighted','NO CONTROLS','None Detected','None Detected','Cross/Enter at Intersection',None,'ON ROADWAY NOT AT CROSSWALK',Yes,None,0.673811,0.877891,'Suspected Serious Injury'
MONTGOMERY,42577,10.667,'Maryland (State)',Bicyclist,'STRAIGHT MOVEMENT ANGLE',Clear,Dry,Daylight,'STOP SIGN','None Detected','None Detected','Walking/Riding against Traffic','IMPROPER PASSING','ON ROADWAY NOT AT CROSSWALK',Yes,Yes,0.60178,0.928626,'Suspected Minor Injury'
MONTGOMERY,43774,14.083,County,Pedestrian,'Single Vehicle',Clear,Dry,Daylight,'NO CONTROLS','None Detected','None Detected','Cross/Enter at Intersection',None,'AT AT INTERSECTION MARKED CROSSWALK',No,None,0.5609,0.947199,'Possible Injury'
GAITHERSBURG,43496,9.133,County,Pedestrian,'Single Vehicle',Clear,Dry,Daylight,'NO CONTROLS','None Detected','None Detected','Cross/Enter at Intersection',None,'ON ROADWAY AT CROSSWALK',No,None,0.653036,0.861348,'Possible Injury'
ROCKVILLE,43090,15,Municipality,Pedestrian,'Single Vehicle',Clear,Dry,Daylight,'TRAFFIC SIGNAL','None Detected','None Detected','Cross/Enter at Intersection',None,'AT AT INTERSECTION MARKED CROSSWALK',No,None,0.612666,0.893204,'No Apparent Injury'
MONTGOMERY,43226,18.75,County,Pedestrian,'Single Vehicle',Clear,Dry,Daylight,'NO CONTROLS','None Detected','None Detected','Cross/Enter at Intersection',None,'ON ROADWAY AT CROSSWALK',No,None,0.606705,0.984585,'Suspected Minor Injury'
MONTGOMERY,42714,23.283,County,Pedestrian,'Single Vehicle',Clear,Dry,'Dark - Not Lighted','NO CONTROLS','None Detected','None Detected','Cross/Enter at Intersection',None,'AT INTERSECTION BUT NO CROSSWALK',No,None,0.720458,0.858427,'Possible Injury'
MONTGOMERY,44083,9.75,County,Pedestrian,'Single Vehicle',Cloudy,Dry,Daylight,'NO CONTROLS','None Detected','None Detected',Standing,None,SIDEWALK,No,None,0.686199,0.932313,'Suspected Minor Injury'
MONTGOMERY,42132,8.95,County,Pedestrian,'Single Vehicle',Clear,Dry,Daylight,'TRAFFIC SIGNAL','None Detected','None Detected','Cross/Enter at Intersection',None,'AT AT INTERSECTION MARKED CROSSWALK',No,None,0.71754,0.894234,'Suspected Serious Injury'
MONTGOMERY,42725,18.567,County,Pedestrian,'Single Vehicle',Clear,Dry,'Dark - Lighted','NO CONTROLS','None Detected','None Detected','Cross/Enter Not at Intersection','IN ROADWAY IMPROPERLY','ON ROADWAY NOT AT CROSSWALK',Yes,None,0.689583,0.888009,'Possible Injury'
MONTGOMERY,44895,18.5,'Maryland (State)',Pedestrian,'Single Vehicle',Clear,Dry,'Dark - Lighted','FLASHING TRAFFIC SIGNAL','None Detected','None Detected','Cross/Enter at Intersection',None,'ON ROADWAY AT CROSSWALK',No,None,0.486119,0.919523,'Suspected Minor Injury'
GAITHERSBURG,44917,21.383,County,Pedestrian,'Single Vehicle',Rain,Dry,'Dark - Lighted','NO CONTROLS','None Detected','None Detected','Cross/Enter at Intersection',None,'ON ROADWAY AT CROSSWALK',No,None,0.681355,0.868193,'Possible Injury'
GAITHERSBURG,43275,22.25,County,Pedestrian,'Single Vehicle',Cloudy,Wet,'Dark - Lighted','TRAFFIC SIGNAL','None Detected','None Detected','Cross/Enter at Intersection',None,'ON ROADWAY AT CROSSWALK',No,None,0.685809,0.875772,'Suspected Minor Injury'
GAITHERSBURG,45296,16.5,County,Pedestrian,'Single Vehicle',Cloudy,Dry,Daylight,'TRAFFIC SIGNAL','None Detected','None Detected','Cross/Enter at Intersection',None,'ON ROADWAY AT CROSSWALK',No,None,0.649321,0.881259,'Suspected Minor Injury'
MONTGOMERY,42598,14.333,County,Pedestrian,'Single Vehicle',Clear,Dry,Daylight,'STOP SIGN','None Detected','None Detected','Cross/Enter at Intersection',None,'AT INTERSECTION BUT NO CROSSWALK',No,None,0.507109,0.95941,'Suspected Minor Injury'
MONTGOMERY,42200,19.933,'Maryland (State)',Pedestrian,'Single Vehicle',Clear,Dry,Daylight,'TRAFFIC SIGNAL','None Detected','None Detected','Cross/Enter at Intersection',None,'ON ROADWAY AT CROSSWALK',No,None,0.564575,0.910913,'Suspected Minor Injury'
MONTGOMERY,45485,18.683,'Maryland (State)',Bicyclist,'STRAIGHT MOVEMENT ANGLE',Clear,Dry,Daylight,'NO CONTROLS','None Detected','None Detected','Walking/Riding w/Traffic',None,'IN BIKEWAY',No,Yes,0.540392,0.905358,'No Apparent Injury'
MONTGOMERY,42290,13.733,'US (State)',Pedestrian,'Single Vehicle',Clear,Dry,Daylight,'NO CONTROLS','None Detected','None Detected','Cross/Enter Not at Intersection',Inattentive,'OUTSIDE RIGHT OF WAY',Yes,None,0.495361,0.948808,'Possible Injury'
TAKOMA,42383,12.217,County,Pedestrian,'SAME DIR REAR END',Clear,Dry,Daylight,'NO CONTROLS','None Detected','None Detected',Standing,None,'ON ROADWAY AT CROSSWALK',No,None,0.494807,0.966227,'Suspected Minor Injury'
MONTGOMERY,43074,20,County,Pedestrian,'Single Vehicle',Rain,Wet,'Dark - Lighted','TRAFFIC SIGNAL','None Detected','None Detected','Cross/Enter at Intersection','IN ROADWAY IMPROPERLY','ON ROADWAY NOT AT CROSSWALK',Yes,None,0.467622,0.921484,'Suspected Minor Injury'
MONTGOMERY,43985,9.483,'Maryland (State)',Bicyclist,'SAME DIRECTION LEFT TURN',Clear,Dry,Daylight,'TRAFFIC SIGNAL','None Detected','None Detected','Cross/Enter at Intersection',Inattentive,'ON ROADWAY AT CROSSWALK',Yes,Yes,0.614905,0.94082,'Possible Injury'
MONTGOMERY,43905,9.917,County,Pedestrian,'Single Vehicle',Cloudy,Dry,Daylight,'NO CONTROLS','None Detected','None Detected','Cross/Enter at Intersection',None,'ON ROADWAY AT CROSSWALK',No,None,0.489594,0.917211,'Suspected Minor Injury'
MONTGOMERY,42575,19,'Maryland (State)',Bicyclist,'STRAIGHT MOVEMENT ANGLE',Clear,Dry,'Dark - Lighted','TRAFFIC SIGNAL','None Detected','None Detected','Walking/Cycling on Sidewalk',None,'AT AT INTERSECTION MARKED CROSSWALK',No,None,0.658573,0.856136,'Suspected Minor Injury'
MONTGOMERY,42731,15.25,County,Pedestrian,'Single Vehicle',Clear,Dry,Daylight,'STOP SIGN','None Detected','None Detected','Getting off/on Vehicle',None,SHOULDER,No,None,0.594403,0.922367,'Suspected Serious Injury'
MONTGOMERY,42912,18.2,'Maryland (State)',Pedestrian,'Single Vehicle',Clear,Dry,Daylight,'TRAFFIC SIGNAL','None Detected','None Detected','Cross/Enter at Intersection',None,'AT AT INTERSECTION MARKED CROSSWALK',No,None,0.4922,0.919631,'Suspected Minor Injury'
MONTGOMERY,42151,9.917,'Maryland (State)',Pedestrian,'STRAIGHT MOVEMENT ANGLE',Clear,Dry,Daylight,'NO CONTROLS','None Detected','None Detected','Cross/Enter at Intersection',None,'AT AT INTERSECTION MARKED CROSSWALK',No,None,0.583616,0.9284,'Suspected Minor Injury'
MONTGOMERY,44895,9,County,Pedestrian,'Single Vehicle',Rain,Dry,Daylight,'NO CONTROLS','None Detected','None Detected','Cross/Enter Not at Intersection',None,'ON ROADWAY AT CROSSWALK',No,None,0.508873,0.959664,'Possible Injury'
MONTGOMERY,44451,14.35,County,Pedestrian,'Single Vehicle',Clear,Dry,Daylight,'NO CONTROLS','None Detected','None Detected',Standing,None,'ON ROADWAY AT CROSSWALK',No,None,0.726041,0.843735,'Suspected Serious Injury'
MONTGOMERY,43628,14.2,County,' CONVEYANCE','Single Vehicle',Clear,Dry,Daylight,'TRAFFIC SIGNAL','None Detected','None Detected','Cross/Enter at Intersection',None,'AT AT INTERSECTION MARKED CROSSWALK',No,None,0.518312,0.917599,'No Apparent Injury'
MONTGOMERY,42311,15.417,'Maryland (State)',Pedestrian,'SAME DIR REAR END',Clear,Dry,Daylight,'NO CONTROLS','None Detected','None Detected',Standing,None,'ON ROADWAY NOT AT CROSSWALK',No,None,0.756138,0.850921,'No Apparent Injury'
ROCKVILLE,45421,17.2,County,Pedestrian,'Single Vehicle',Clear,Dry,Daylight,'NO CONTROLS','None Detected','None Detected','Cross/Enter at Intersection',None,'ON ROADWAY AT CROSSWALK',No,None,0.604164,0.895444,'Possible Injury'
TAKOMA,44875,21.833,'Maryland (State)',Pedestrian,'SAME DIR REAR END',Clear,Dry,'Dark - Lighted','TRAFFIC SIGNAL','None Detected','None Detected',Standing,None,'ON ROADWAY NOT AT CROSSWALK',No,None,0.498178,0.965809,'No Apparent Injury'
MONTGOMERY,42901,7.017,'Maryland (State)',Bicyclist,'STRAIGHT MOVEMENT ANGLE',Clear,Dry,Daylight,'STOP SIGN','None Detected','None Detected','Cross/Enter at Intersection','FAILURE TO YIELD RIGHT OF WAY',SHOULDER,Yes,Yes,0.647423,0.96541,'Suspected Minor Injury'
MONTGOMERY,45478,8.667,'Maryland (State)',Pedestrian,'Single Vehicle',Clear,Dry,Daylight,'STOP SIGN','None Detected','None Detected','Walking/Cycling on Sidewalk',None,'ON ROADWAY AT CROSSWALK',No,None,0.586169,0.939426,'Suspected Minor Injury'
GAITHERSBURG,44652,20.467,County,Pedestrian,'Single Vehicle',Clear,Dry,'Dark - Lighted','NO CONTROLS','None Detected','None Detected','Cross/Enter Not at Intersection',None,SIDEWALK,No,None,0.678835,0.87064,'Possible Injury'
MONTGOMERY,42311,16.633,County,Pedestrian,'Single Vehicle',Clear,Dry,Daylight,'NO CONTROLS','None Detected','None Detected',Standing,None,'ON ROADWAY AT CROSSWALK',No,None,0.556687,0.938002,'Suspected Serious Injury'
MONTGOMERY,42669,7.75,County,Bicyclist,'Single Vehicle',Clear,Dry,Daylight,'STOP SIGN','None Detected','None Detected','Cross/Enter at Intersection',None,'ON ROADWAY NOT AT CROSSWALK',No,Yes,0.541091,0.903632,'Suspected Minor Injury'
MONTGOMERY,44879,17.633,Municipality,Pedestrian,'Single Vehicle',Clear,Dry,'Dark - Lighted','NO CONTROLS','None Detected','ALCOHOL PRESENT','Cross/Enter Not at Intersection','IN ROADWAY IMPROPERLY','ON ROADWAY NOT AT CROSSWALK',Yes,None,0.618405,0.902465,'Suspected Serious Injury'
MONTGOMERY,44077,20.333,'Maryland (State)',Pedestrian,'Single Vehicle',Rain,Wet,'Dark - Lighted','TRAFFIC SIGNAL','None Detected','None Detected','Cross/Enter at Intersection',None,'AT AT INTERSECTION MARKED CROSSWALK',No,None,0.510665,0.96245,'Suspected Serious Injury'
MONTGOMERY,42193,22.533,'Maryland (State)',Pedestrian,'Single Vehicle',Clear,Dry,'Dark - Lighted','NO CONTROLS','None Detected','ALCOHOL PRESENT','Cross/Enter Not at Intersection','IN ROADWAY IMPROPERLY','ON ROADWAY NOT AT CROSSWALK',Yes,None,0.572108,0.938251,'Possible Injury'
MONTGOMERY,44176,12.433,County,Bicyclist,'Single Vehicle',Clear,Dry,Daylight,'NO CONTROLS','None Detected','None Detected','Walking/Cycling on Sidewalk',None,SIDEWALK,No,None,0.583246,0.905646,'Suspected Minor Injury'
MONTGOMERY,42968,17,'Maryland (State)',Bicyclist,'Single Vehicle',Clear,Dry,Daylight,'NO CONTROLS','None Detected','None Detected','Walking/Cycling on Sidewalk',None,SHOULDER,No,Yes,0.498001,0.909756,'Suspected Minor Injury'
MONTGOMERY,44566,13.733,County,Pedestrian,'Single Vehicle',Clear,Dry,Daylight,'NO CONTROLS','None Detected','None Detected','Cross/Enter Not at Intersection',None,'ON ROADWAY AT CROSSWALK',No,None,0.651458,0.855048,'Suspected Minor Injury'
MONTGOMERY,42727,20.6,County,Pedestrian,'Single Vehicle',Clear,Dry,'Dark - Lighted','NO CONTROLS','None Detected','None Detected','Getting off/on Vehicle','ENTERING EXITING PARKED STANDING VEHICLE',SIDEWALK,No,None,0.509159,0.948087,'Suspected Minor Injury'
MONTGOMERY,44257,7.933,County,Pedestrian,'Single Vehicle',Clear,Dry,Daylight,'TRAFFIC SIGNAL','None Detected','None Detected','Cross/Enter at Intersection','NOT VISIBLE','ON ROADWAY AT CROSSWALK',No,None,0.507829,0.951164,'Suspected Minor Injury'
MONTGOMERY,43003,17.833,County,Bicyclist,'Single Vehicle',Clear,Dry,Daylight,'NO CONTROLS','None Detected','None Detected','Cross/Enter at Intersection','FAILURE TO YIELD RIGHT OF WAY',SHOULDER,No,Yes,0.552643,0.90237,'No Apparent Injury'
GAITHERSBURG,43630,21.75,County,' PEDALCYCLIST','Single Vehicle',Clear,Dry,'Dark - Lighted','TRAFFIC SIGNAL','None Detected','None Detected','Cross/Enter at Intersection','FAILURE TO OBEY TRAFFIC SIGNS SIGNALS OR OFFICER','AT AT INTERSECTION MARKED CROSSWALK',Yes,None,0.643949,0.870728,'Suspected Minor Injury'
MONTGOMERY,42171,15.167,County,Bicyclist,'STRAIGHT MOVEMENT ANGLE',Clear,Dry,Daylight,'NO CONTROLS','None Detected','None Detected','Cross/Enter at Intersection',None,SIDEWALK,No,Yes,0.543112,0.956705,'Suspected Minor Injury'
MONTGOMERY,43200,15.067,County,Pedestrian,'Single Vehicle',Clear,Dry,Daylight,'TRAFFIC SIGNAL','None Detected','None Detected','Cross/Enter at Intersection','IN ROADWAY IMPROPERLY','ON ROADWAY AT CROSSWALK',Yes,None,0.742506,0.849271,'Suspected Serious Injury'
ROCKVILLE,44443,19.05,'Maryland (State)',Bicyclist,'Single Vehicle',Clear,Dry,Daylight,'NO CONTROLS','None Detected','None Detected','Cross/Enter at Intersection',None,SIDEWALK,No,None,0.590416,0.903201,'No Apparent Injury'
MONTGOMERY,43448,17.317,'Maryland (State)',Pedestrian,'Single Vehicle',Rain,Wet,'Dark - Lighted','NO CONTROLS','None Detected','None Detected','Cross/Enter Not at Intersection',None,'ON ROADWAY NOT AT CROSSWALK',No,None,0.640768,0.842003,'Fatal Injury'
MONTGOMERY,42799,17.217,County,Pedestrian,'Single Vehicle',Clear,Dry,Daylight,'NO CONTROLS','None Detected','None Detected','Cross/Enter Not at Intersection','IN ROADWAY IMPROPERLY','ON ROADWAY NOT AT CROSSWALK',No,None,0.501544,0.949577,'Suspected Minor Injury'
MONTGOMERY,44607,12.5,County,Pedestrian,'Single Vehicle',Clear,Dry,Daylight,'NO CONTROLS','None Detected','None Detected','Cross/Enter at Intersection',None,'AT AT INTERSECTION MARKED CROSSWALK',No,None,0.641264,0.868924,'Possible Injury'
MONTGOMERY,43296,15.083,'Maryland (State)','MACHINE OPERATOR/RIDER','HEAD ON',Rain,Wet,Daylight,'NO CONTROLS','None Detected','None Detected','Walking/Riding against Traffic','IN ROADWAY IMPROPERLY','ON ROADWAY NOT AT CROSSWALK',Yes,None,0.537324,0.906064,'Suspected Minor Injury'
MONTGOMERY,42846,13.217,County,Pedestrian,'Single Vehicle',Clear,Dry,Daylight,'NO CONTROLS','None Detected','None Detected','Cross/Enter at Intersection',None,'ON ROADWAY AT CROSSWALK',No,None,0.605264,0.984264,'Suspected Minor Injury'
MONTGOMERY,42183,12.217,'US (State)',Pedestrian,'Single Vehicle',Clear,Dry,Daylight,'NO CONTROLS','None Detected','None Detected','Cross/Enter Not at Intersection',None,'ON ROADWAY AT CROSSWALK',No,None,0.51081,0.949276,'Suspected Minor Injury'
MONTGOMERY,44076,15.85,County,Pedestrian,'Single Vehicle',Clear,Dry,Daylight,'NO CONTROLS','None Detected','None Detected','Cross/Enter at Intersection',None,'ON ROADWAY AT CROSSWALK',No,None,0.509955,0.949922,'No Apparent Injury'
MONTGOMERY,43754,17.5,'Maryland (State)',Pedestrian,'Single Vehicle',Clear,Dry,Daylight,'WARNING SIGN','None Detected','None Detected','Cross/Enter Not at Intersection',None,'ON ROADWAY AT CROSSWALK',No,None,0.509607,0.961117,'Suspected Minor Injury'
MONTGOMERY,44687,11.35,County,Pedestrian,'Single Vehicle',Rain,Wet,Daylight,'NO CONTROLS','None Detected','None Detected','Cross/Enter Not at Intersection',Dart/Dash,'ON ROADWAY NOT AT CROSSWALK',Yes,None,0.539,0.902282,'Fatal Injury'
MONTGOMERY,42851,16.933,County,Bicyclist,'Single Vehicle',Clear,Dry,Daylight,'NO CONTROLS','None Detected','None Detected',Playing,'FAILURE TO YIELD RIGHT OF WAY','ON ROADWAY NOT AT CROSSWALK',Yes,None,0.713974,0.857595,'Suspected Minor Injury'
MONTGOMERY,42734,11.05,Municipality,Pedestrian,'HEAD ON LEFT TURN',Snow,Wet,Daylight,'NO CONTROLS','None Detected','None Detected','Cross/Enter at Intersection',Inattentive,'ON ROADWAY AT CROSSWALK',Yes,None,0.674085,0.875545,'Suspected Minor Injury'
MONTGOMERY,44481,15.367,County,Bicyclist,'STRAIGHT MOVEMENT ANGLE',Clear,Dry,Daylight,'NO CONTROLS','None Detected','None Detected','Cross/Enter Not at Intersection',None,'ON ROADWAY AT CROSSWALK',No,None,0.57246,0.902546,'Suspected Minor Injury'
GAITHERSBURG,42718,19.3,Municipality,Pedestrian,'STRAIGHT MOVEMENT ANGLE',Clear,Dry,'Dark - Lighted','STOP SIGN','None Detected','None Detected','Cross/Enter at Intersection',None,'AT AT INTERSECTION MARKED CROSSWALK',No,None,0.720196,0.853887,'Possible Injury'
MONTGOMERY,45397,13.967,'Maryland (State)',Bicyclist,'Single Vehicle',Cloudy,Dry,Daylight,'NO CONTROLS','None Detected','None Detected','Cross/Enter Not at Intersection','IN ROADWAY IMPROPERLY','ON ROADWAY NOT AT CROSSWALK',Yes,None,0.645966,0.849789,'Suspected Minor Injury'
ROCKVILLE,42548,13,Municipality,Bicyclist,'STRAIGHT MOVEMENT ANGLE',Clear,Dry,Daylight,'NO CONTROLS','None Detected','None Detected','Walking/Riding against Traffic','IN ROADWAY IMPROPERLY',SHOULDER,Yes,None,0.589077,0.908524,'Suspected Minor Injury'
MONTGOMERY,45582,15.35,County,Pedestrian,'Single Vehicle',Clear,Dry,Daylight,'WARNING SIGN','None Detected','None Detected','Cross/Enter at Intersection',None,'ON ROADWAY AT CROSSWALK',No,None,0.581728,0.920163,'Suspected Serious Injury'
MONTGOMERY,44113,12.6,County,Pedestrian,'Single Vehicle',Clear,Dry,Daylight,'TRAFFIC SIGNAL','None Detected','None Detected','Cross/Enter at Intersection',None,'ON ROADWAY AT CROSSWALK',No,None,0.731401,0.857751,'Suspected Minor Injury'
MONTGOMERY,43382,6.933,'Maryland (State)',Pedestrian,'ANGLE MEETS RIGHT TURN',Clear,Dry,Dawn,'NO CONTROLS','None Detected','None Detected',Standing,None,SIDEWALK,No,None,0.601585,0.928734,'Suspected Serious Injury'
MONTGOMERY,43292,17.317,'Maryland (State)',Bicyclist,'STRAIGHT MOVEMENT ANGLE',Clear,Dry,Daylight,'STOP SIGN','None Detected','None Detected','Cross/Enter at Intersection',None,'ON ROADWAY AT CROSSWALK',No,Yes,0.631134,0.874797,'Suspected Minor Injury'
MONTGOMERY,43615,10.367,County,Pedestrian,'Single Vehicle',Clear,Dry,Daylight,'NO CONTROLS','None Detected','None Detected','Cross/Enter at Intersection',None,'ON ROADWAY AT CROSSWALK',No,None,0.642629,0.878444,'Suspected Minor Injury'
MONTGOMERY,45573,20.917,County,Pedestrian,'Single Vehicle',Clear,Dry,'Dark - Lighted','NO CONTROLS','None Detected','None Detected',Standing,None,'ON ROADWAY AT CROSSWALK',Yes,None,0.580841,0.938348,'Suspected Minor Injury'
MONTGOMERY,44849,14.667,County,Pedestrian,'Single Vehicle',Clear,Dry,Daylight,'NO CONTROLS','None Detected','None Detected','Cross/Enter at Intersection',None,'ON ROADWAY AT CROSSWALK',No,None,0.680154,0.869772,'Possible Injury'
MONTGOMERY,44057,10.133,County,'MACHINE OPERATOR/RIDER','Single Vehicle',Clear,Dry,Daylight,'STOP SIGN','None Detected','None Detected','Cross/Enter at Intersection',None,'ON ROADWAY AT CROSSWALK',No,None,0.615646,0.931371,'No Apparent Injury'
MONTGOMERY,44796,14.967,County,Pedestrian,'Single Vehicle',Clear,Dry,Daylight,'NO CONTROLS','None Detected','None Detected','Cross/Enter Not at Intersection',Dart/Dash,'ON ROADWAY NOT AT CROSSWALK',Yes,None,0.59272,0.922231,'Suspected Minor Injury'
MONTGOMERY,43290,7.233,'Maryland (State)',Bicyclist,'HEAD ON LEFT TURN',Clear,Dry,Daylight,'TRAFFIC SIGNAL','None Detected','None Detected','Cross/Enter at Intersection',None,SHOULDER,No,Yes,0.498648,0.91612,'Suspected Minor Injury'