'Agency Name','Days after Jan 1','Hours past Midnight','Route Type','Related Non-Motorist','Collision Type',Weather,'Surface Condition',Light,'Traffic Control','Driver Substance Abuse','Non-Motorist Substance Abuse','Pedestrian Movement','Pedestrian Actions','Pedestrian Location','At Fault','Safety Equipment','Lat- Normalized','Long- Normalized','Injury Severity'
MONTGOMERY,43405,9.95,'Maryland (State)',Pedestrian,'Single Vehicle',Clear,Dry,Daylight,'NO CONTROLS','None Detected','None Detected','Cross/Enter at Intersection',None,'ON ROADWAY AT CROSSWALK',No,None,0.71797,0.855634,'Suspected Minor Injury'
MONTGOMERY,42955,13.45,'Maryland (State)',Pedestrian,'Single Vehicle',Clear,Dry,Daylight,'TRAFFIC SIGNAL','None Detected','ALCOHOL CONTRIBUTED','Cross/Enter at Intersection',Dart/Dash,'ON ROADWAY AT CROSSWALK',Yes,None,0.510681,0.962813,'Suspected Minor Injury'
MONTGOMERY,43800,13.583,County,Pedestrian,'Single Vehicle',Rain,Dry,Daylight,'NO CONTROLS','None Detected','None Detected','Cross/Enter at Intersection',None,'ON ROADWAY AT CROSSWALK',Yes,None,0.651258,0.884813,'Suspected Minor Injury'
MONTGOMERY,42448,21,County,Pedestrian,'Single Vehicle',Rain,Wet,'Dark - Lighted','NO CONTROLS','None Detected','None Detected','Cross/Enter Not at Intersection',None,SIDEWALK,No,None,0.498115,0.917247,'Possible Injury'
MONTGOMERY,44714,23.517,'Maryland (State)',Pedestrian,'Single Vehicle',Clear,Dry,Daylight,'NO CONTROLS','None Detected','None Detected','Cross/Enter at Intersection',None,'ON ROADWAY AT CROSSWALK',No,None,0.712074,0.855928,'Suspected Serious Injury'
MONTGOMERY,45455,10,County,Pedestrian,'Single Vehicle',Cloudy,Dry,Daylight,'STOP SIGN','None Detected','None Detected','Cross/Enter at Intersection',None,'ON ROADWAY AT CROSSWALK',No,None,0.537277,0.953224,'Possible Injury'
MONTGOMERY,43516,8.95,County,Pedestrian,'Single Vehicle',Snow,Dry,Daylight,'NO CONTROLS','None Detected','None Detected','Cross/Enter at Intersection',None,'ON ROADWAY AT CROSSWALK',No,None,0.651612,0.960401,'Suspected Minor Injury'
MONTGOMERY,43035,18.383,County,Pedestrian,'Single Vehicle',Clear,Dry,Dusk,'YIELD SIGN','None Detected','None Detected','Cross/Enter at Intersection',None,'MIDBLOCK MARKED CROSSWALK',No,None,0.564997,0.944549,'Possible Injury'
MONTGOMERY,42373,19.067,'Maryland (State)',Pedestrian,'Single Vehicle',Clear,Dry,'Dark - Lighted','NO CONTROLS','None Detected','None Detected','Cross/Enter Not at Intersection','IN ROADWAY IMPROPERLY','ON ROADWAY NOT AT CROSSWALK',Yes,None,0.560016,0.937815,'Suspected Serious Injury'
GAITHERSBURG,44356,14.25,Municipality,Bicyclist,'Single Vehicle',Clear,Dry,Daylight,'YIELD SIGN','None Detected','None Detected','Walking/Riding w/Traffic',None,'ON ROADWAY NOT AT CROSSWALK',No,Yes,0.643824,0.859696,'No Apparent Injury'
MONTGOMERY,44518,17.783,'Maryland (State)',Pedestrian,'Single Vehicle',Rain,Wet,'Dark - Lighted','NO CONTROLS','None Detected','None Detected','Cross/Enter Not at Intersection','IN ROADWAY IMPROPERLY','ON ROADWAY NOT AT CROSSWALK',Yes,None,0.592289,0.932755,'Suspected Minor Injury'
MONTGOMERY,42295,14.017,County,Pedestrian,'Single Vehicle',Clear,Dry,Daylight,'NO CONTROLS','None Detected','None Detected',Standing,None,SHOULDER,No,None,0.615742,0.923049,'Suspected Serious Injury'
ROCKVILLE,42485,16.667,County,Pedestrian,'Single Vehicle',Clear,Dry,Daylight,'NO CONTROLS','None Detected','None Detected','Cross/Enter at Intersection',None,'ON ROADWAY AT CROSSWALK',No,None,0.582854,0.907986,'Possible Injury'
ROCKVILLE,44366,13.933,Municipality,Pedestrian,'Single Vehicle',Clear,Dry,Daylight,'NO CONTROLS','None Detected','None Detected','Cross/Enter Not at Intersection','IN ROADWAY IMPROPERLY','ON ROADWAY NOT AT CROSSWALK',No,None,0.582105,0.903841,'Possible Injury'
MONTGOMERY,42863,16.883,County,Bicyclist,'Single Vehicle',Clear,Dry,Dusk,'NO CONTROLS','None Detected','None Detected','Cross/Enter at Intersection',None,'ON ROADWAY AT CROSSWALK',No,None,0.572562,0.917037,'Possible Injury'
MONTGOMERY,42319,21.467,County,Pedestrian,'Single Vehicle',Clear,Dry,'Dark - Lighted','NO CONTROLS','None Detected','None Detected','Cross/Enter at Intersection',None,'ON ROADWAY AT CROSSWALK',No,None,0.563992,0.964972,'Possible Injury'
MONTGOMERY,42593,16.367,County,Pedestrian,'Single Vehicle',Clear,Dry,Daylight,'NO CONTROLS','None Detected','None Detected',Standing,None,'ON ROADWAY AT CROSSWALK',No,None,0.5564,0.937809,'Possible Injury'
MONTGOMERY,43797,23.417,County,Pedestrian,'Single Vehicle',Clear,Dry,'Dark - Lighted','NO CONTROLS','ALCOHOL PRESENT','None Detected','Cross/Enter at Intersection',None,'ON ROADWAY AT CROSSWALK',No,None,0.560041,0.939312,'Suspected Serious Injury'
MONTGOMERY,43024,16.833,County,Pedestrian,'Single Vehicle',Clear,Dry,Daylight,'TRAFFIC SIGNAL','None Detected','None Detected','Cross/Enter at Intersection',None,'ON ROADWAY AT CROSSWALK',No,None,0.619393,0.912569,'Possible Injury'
MONTGOMERY,43893,18.5,County,Pedestrian,'HEAD ON LEFT TURN',Clear,Dry,Dusk,'NO CONTROLS','None Detected','None Detected','Cross/Enter at Intersection','IN ROADWAY IMPROPERLY','ON ROADWAY NOT AT CROSSWALK',No,None,0.716831,0.841206,'Suspected Minor Injury'
MONTGOMERY,42301,11.617,County,Pedestrian,'Single Vehicle',Cloudy,Dry,Daylight,'NO CONTROLS','None Detected','None Detected','Cross/Enter at Intersection',None,SIDEWALK,No,None,0.676592,0.871536,'Possible Injury'
MONTGOMERY,42534,14.6,County,Pedestrian,'Single Vehicle',Clear,Dry,Daylight,'NO CONTROLS','None Detected','None Detected','Cross/Enter at Intersection',Inattentive,'ON ROADWAY AT CROSSWALK',Yes,None,0.677552,0.919593,'Suspected Minor Injury'
MONTGOMERY,42754,18.5,Municipality,Pedestrian,'Single Vehicle',Clear,Dry,'Dark - Lighted','TRAFFIC SIGNAL','None Detected','None Detected','Cross/Enter at Intersection',None,'AT AT INTERSECTION MARKED CROSSWALK',No,None,0.652694,0.858695,'Possible Injury'
MONTGOMERY,44045,12.967,County,Pedestrian,'Single Vehicle',Clear,Dry,Daylight,'NO CONTROLS','None Detected','None Detected',Standing,None,SHOULDER,No,None,0.571187,0.924707,'Suspected Minor Injury'
MONTGOMERY,43211,19,County,Pedestrian,'Single Vehicle',Clear,Dry,Daylight,'NO CONTROLS','None Detected','None Detected',Playing,'IN ROADWAY IMPROPERLY','ON ROADWAY NOT AT CROSSWALK',Yes,None,0.721915,0.842387,'Possible Injury'
MONTGOMERY,44357,16,County,Bicyclist,'Single Vehicle',Cloudy,Dry,Daylight,'STOP SIGN','None Detected','None Detected','Cross/Enter at Intersection',Dart/Dash,'AT AT INTERSECTION MARKED CROSSWALK',Yes,None,0.566393,0.916439,'Suspected Minor Injury'
MONTGOMERY,43017,19.95,County,Pedestrian,'Single Vehicle',Clear,Wet,'Dark - Lighted','NO CONTROLS','None Detected','None Detected','Cross/Enter Not at Intersection','IN ROADWAY IMPROPERLY','ON ROADWAY NOT AT CROSSWALK',Yes,None,0.519235,0.968346,'Possible Injury'
MONTGOMERY,43065,20.75,'Maryland (State)',Pedestrian,'Single Vehicle',Clear,Dry,'Dark - Lighted','TRAFFIC SIGNAL','None Detected','None Detected','Cross/Enter at Intersection',None,'ON ROADWAY AT CROSSWALK',No,None,0.557269,0.936211,'Suspected Minor Injury'
MONTGOMERY,44405,15.2,'Maryland (State)',Pedestrian,'Single Vehicle',Clear,Dry,Daylight,'TRAFFIC SIGNAL','None Detected','None Detected','Cross/Enter at Intersection',None,'AT AT INTERSECTION MARKED CROSSWALK',No,None,0.508426,0.947514,'Suspected Serious Injury'
MONTGOMERY,43078,22.9,'Maryland (State)',Pedestrian,'Single Vehicle',Clear,Wet,'Dark - Lighted','TRAFFIC SIGNAL','None Detected','None Detected','Cross/Enter at Intersection',None,'AT AT INTERSECTION MARKED CROSSWALK',No,None,0.504093,0.937818,'Possible Injury'
MONTGOMERY,45439,19.867,County,Pedestrian,'Single Vehicle',Clear,Dry,Daylight,'NO CONTROLS','None Detected','None Detected','Cross/Enter at Intersection',None,'INSIDE BUILDING',No,None,0.601762,0.922443,'No Apparent Injury'
MONTGOMERY,43032,17.867,County,Pedestrian,'Single Vehicle',Clear,Dry,Daylight,'NO CONTROLS','None Detected','None Detected',Standing,None,'ON ROADWAY AT CROSSWALK',No,None,0.624697,0.986383,'Suspected Minor Injury'
MONTGOMERY,44925,15.383,County,Pedestrian,'STRAIGHT MOVEMENT ANGLE',Clear,Dry,Daylight,'NO CONTROLS','None Detected','None Detected','Cross/Enter at Intersection',None,'ON ROADWAY AT CROSSWALK',No,None,0.561185,0.911887,'Suspected Minor Injury'
MONTGOMERY,42586,21.333,'Maryland (State)',Pedestrian,'Single Vehicle',Clear,Dry,'Dark - Not Lighted','NO CONTROLS','None Detected','None Detected','Cross/Enter at Intersection',None,'ON ROADWAY NOT AT CROSSWALK',No,None,0.616974,0.940778,'Fatal Injury'
MONTGOMERY,42389,18.35,'Maryland (State)',Pedestrian,'Single Vehicle',Clear,Dry,'Dark - Lighted','TRAFFIC SIGNAL','None Detected','None Detected','Cross/Enter at Intersection',None,'ON ROADWAY AT CROSSWALK',No,None,0.529032,0.970542,'Possible Injury'
MONTGOMERY,42199,8.567,County,' PEDALCYCLIST','Single Vehicle',Clear,Dry,Daylight,'NO CONTROLS','None Detected','None Detected','Walking/Cycling on Sidewalk',None,SIDEWALK,No,Yes,0.50594,0.946767,'Suspected Minor Injury'
MONTGOMERY,43508,17,County,Pedestrian,'Single Vehicle',Rain,Dry,Daylight,'NO CONTROLS','None Detected','None Detected','Cross/Enter at Intersection',None,'ON ROADWAY AT CROSSWALK',No,None,0.57561,0.975445,'Possible Injury'
MONTGOMERY,42202,17,County,Pedestrian,'STRAIGHT MOVEMENT ANGLE',Clear,Dry,Daylight,'NO CONTROLS','None Detected','None Detected','Cross/Enter Not at Intersection','IN ROADWAY IMPROPERLY','ON ROADWAY NOT AT CROSSWALK',No,None,0.560244,0.939583,'Possible Injury'
MONTGOMERY,42590,13.683,'Maryland (State)',Bicyclist,'Single Vehicle',Clear,Dry,Daylight,'TRAFFIC SIGNAL','None Detected','None Detected','Cross/Enter at Intersection',None,'ON ROADWAY AT CROSSWALK',No,None,0.647801,0.885197,'Suspected Minor Injury'
MONTGOMERY,44014,11.55,County,Pedestrian,'Single Vehicle',Clear,Dry,Daylight,'TRAFFIC SIGNAL','None Detected','None Detected','Cross/Enter at Intersection',None,'ON ROADWAY AT CROSSWALK',No,None,0.578916,0.939729,'Suspected Serious Injury'
MONTGOMERY,45374,16.333,'Maryland (State)',Pedestrian,'Single Vehicle',Clear,Dry,Daylight,'TRAFFIC SIGNAL','None Detected','None Detected','Cross/Enter at Intersection',None,'ON ROADWAY AT CROSSWALK',No,None,0.554844,0.938301,'Suspected Minor Injury'
MONTGOMERY,44852,17.133,County,' CONVEYANCE','SAME DIRECTION LEFT TURN',Clear,Dry,Daylight,'NO CONTROLS','None Detected','None Detected','Cross/Enter at Intersection',Inattentive,'ON ROADWAY AT CROSSWALK',Yes,None,0.724171,0.871534,'Suspected Serious Injury'
MONTGOMERY,42290,10.3,County,Pedestrian,'Single Vehicle',Cloudy,Dry,Daylight,'NO CONTROLS','None Detected','None Detected','Getting off/on Vehicle',None,'ON ROADWAY AT CROSSWALK',No,None,0.646378,0.879843,'Suspected Minor Injury'
MONTGOMERY,44886,14.333,County,Pedestrian,'Single Vehicle',Clear,Dry,Daylight,'NO CONTROLS','None Detected','None Detected',Standing,None,'INSIDE BUILDING',No,None,0.716948,0.855264,'Possible Injury'
ROCKVILLE,43391,6.417,Municipality,Pedestrian,'STRAIGHT MOVEMENT ANGLE',Clear,Dry,'Dark - Lighted','TRAFFIC SIGNAL','None Detected','None Detected','Cross/Enter at Intersection',None,'ON ROADWAY AT CROSSWALK',No,None,0.606871,0.893006,'Possible Injury'
MONTGOMERY,42979,16.767,'Maryland (State)',Pedestrian,'STRAIGHT MOVEMENT ANGLE',Clear,Dry,Daylight,'TRAFFIC SIGNAL','None Detected','None Detected','Cross/Enter Not at Intersection','IN ROADWAY IMPROPERLY','ON ROADWAY NOT AT CROSSWALK',Yes,None,0.695416,0.837768,'Suspected Serious Injury'
GAITHERSBURG,42718,19.3,Municipality,Pedestrian,'STRAIGHT MOVEMENT ANGLE',Clear,Dry,'Dark - Lighted','STOP SIGN','None Detected','None Detected','Cross/Enter at Intersection',None,'AT AT INTERSECTION MARKED CROSSWALK',No,None,0.720196,0.853887,'Possible Injury'
MONTGOMERY,43571,10.2,County,Pedestrian,'Single Vehicle',Clear,Dry,Daylight,PERSON,'None Detected','None Detected','Cross/Enter at Intersection',Inattentive,'ON ROADWAY AT CROSSWALK',Yes,Yes,0.567166,0.964631,'Suspected Minor Injury'
ROCKVILLE,42340,18.717,' Public Roadway',Pedestrian,'Single Vehicle',Rain,Wet,'Dark - Lighted','NO CONTROLS','None Detected','None Detected','Cross/Enter at Intersection',None,'AT AT INTERSECTION MARKED CROSSWALK',No,None,0.610814,0.894028,'Suspected Minor Injury'
GAITHERSBURG,44142,19.8,County,Pedestrian,'Single Vehicle',Clear,Dry,'Dark - Lighted','STOP SIGN','None Detected','None Detected','Cross/Enter at Intersection',None,'ON ROADWAY AT CROSSWALK',No,None,0.64284,0.870528,'Suspected Minor Injury'
MONTGOMERY,42422,9.95,County,Pedestrian,'Single Vehicle',Clear,Dry,Daylight,'NO CONTROLS','None Detected','None Detected','Getting off/on Vehicle','NOT VISIBLE','ON ROADWAY AT CROSSWALK',No,None,0.667587,0.881698,'Suspected Minor Injury'
MONTGOMERY,43720,12.117,County,Pedestrian,'Single Vehicle',Clear,Dry,Daylight,'NO CONTROLS','None Detected','None Detected','Push/Work on Vehicle',None,'ON ROADWAY AT CROSSWALK',No,None,0.651955,0.884277,'Suspected Minor Injury'
MONTGOMERY,42628,7.083,County,Pedestrian,'STRAIGHT MOVEMENT ANGLE',Clear,Dry,Daylight,'TRAFFIC SIGNAL','None Detected','None Detected','Cross/Enter at Intersection',None,'AT AT INTERSECTION MARKED CROSSWALK',No,None,0.509821,0.949245,'Possible Injury'
MONTGOMERY,42715,12.783,County,Pedestrian,'STRAIGHT MOVEMENT ANGLE',Cloudy,Dry,Daylight,'NO CONTROLS','None Detected','None Detected','Walking/Riding w/Traffic',None,'ON ROADWAY AT CROSSWALK',No,None,0.578043,0.939536,'Possible Injury'
MONTGOMERY,43992,11,'Maryland (State)',Pedestrian,'Single Vehicle',Clear,Dry,Daylight,'TRAFFIC SIGNAL','None Detected','None Detected','Cross/Enter at Intersection',None,'ON ROADWAY AT CROSSWALK',No,None,0.560472,0.93779,'Suspected Minor Injury'
MONTGOMERY,43453,20.283,County,Pedestrian,'Single Vehicle',Clear,Dry,'Dark - Lighted','NO CONTROLS','None Detected','None Detected','Cross/Enter at Intersection',None,'ON ROADWAY NOT AT CROSSWALK',No,None,0.711875,0.847478,'Fatal Injury'
MONTGOMERY,42023,16.117,County,Pedestrian,'STRAIGHT MOVEMENT ANGLE',Clear,Dry,Daylight,'NO CONTROLS','None Detected','None Detected','Cross/Enter Not at Intersection',None,'ON ROADWAY NOT AT CROSSWALK',No,None,0.52653,0.967853,'Possible Injury'
MONTGOMERY,44776,11.333,'Maryland (State)',Bicyclist,'SAME DIR REAR END',Clear,Dry,Daylight,'NO CONTROLS','None Detected','None Detected','Walking/Riding w/Traffic',None,'ON ROADWAY NOT AT CROSSWALK',No,Yes,0.552753,0.947964,'Possible Injury'
MONTGOMERY,42047,15.55,County,Pedestrian,'Single Vehicle',Clear,Dry,Daylight,'TRAFFIC SIGNAL','None Detected','None Detected','Cross/Enter at Intersection','FAILURE TO OBEY TRAFFIC SIGNS SIGNALS OR OFFICER','AT AT INTERSECTION MARKED CROSSWALK',No,None,0.724641,0.839925,'Suspected Minor Injury'
TAKOMA,43979,10.85,'Maryland (State)',Pedestrian,'SAME DIR REND LEFT TURN',Rain,Wet,Daylight,'NO CONTROLS','None Detected','None Detected','Cross/Enter at Intersection',None,'ON ROADWAY AT CROSSWALK',No,None,0.495301,0.962318,'No Apparent Injury'
MONTGOMERY,44761,12.983,'Maryland (State)',Pedestrian,'Single Vehicle',Clear,Dry,Daylight,'TRAFFIC SIGNAL','None Detected','None Detected','Cross/Enter at Intersection','FAILURE TO OBEY TRAFFIC SIGNS SIGNALS OR OFFICER','AT AT INTERSECTION MARKED CROSSWALK',Yes,None,0.67855,0.839819,'Possible Injury'
MONTGOMERY,42482,16.783,'Maryland (State)',Pedestrian,'Single Vehicle',Clear,Dry,Daylight,'TRAFFIC SIGNAL','None Detected','None Detected','Cross/Enter at Intersection',Dart/Dash,'ON ROADWAY NOT AT CROSSWALK',Yes,None,0.575898,0.938637,'Suspected Minor Injury'
MONTGOMERY,42452,8.933,County,Pedestrian,'Single Vehicle',Clear,Dry,Daylight,'NO CONTROLS','None Detected','None Detected','Walking/Cycling on Sidewalk',None,SIDEWALK,No,None,0.581844,0.924907,'Suspected Minor Injury'
MONTGOMERY,44675,13,'Maryland (State)',Pedestrian,'Single Vehicle',Clear,Dry,Daylight,'TRAFFIC SIGNAL','None Detected','None Detected','Cross/Enter at Intersection',None,'AT AT INTERSECTION MARKED CROSSWALK',No,None,0.507137,0.912727,'Possible Injury'
MONTGOMERY,43386,12.9,County,Pedestrian,'Single Vehicle',Cloudy,Dry,Daylight,'STOP SIGN','None Detected','None Detected','Cross/Enter at Intersection',None,'AT INTERSECTION BUT NO CROSSWALK',No,None,0.687389,0.872729,'Possible Injury'
MONTGOMERY,43423,18.733,County,Bicyclist,'HEAD ON LEFT TURN',Clear,Dry,'Dark - Lighted','TRAFFIC SIGNAL','None Detected','None Detected','Walking/Riding w/Traffic','FAILURE TO YIELD RIGHT OF WAY','ON ROADWAY AT CROSSWALK',Yes,Yes,0.738383,0.85284,'Possible Injury'
MONTGOMERY,42917,10.833,County,Pedestrian,'Single Vehicle',Clear,Dry,Daylight,'NO CONTROLS','None Detected','None Detected','Cross/Enter at Intersection',Inattentive,'ON ROADWAY AT CROSSWALK',Yes,None,0.607825,0.926231,'Possible Injury'
MONTGOMERY,42994,13.167,'Maryland (State)',Pedestrian,'Single Vehicle',Cloudy,Dry,Daylight,'TRAFFIC SIGNAL','None Detected','None Detected','Cross/Enter at Intersection',None,'AT INTERSECTION BUT NO CROSSWALK',No,None,0.662456,0.877481,'Suspected Minor Injury'
MONTGOMERY,42611,15.583,County,Pedestrian,'Single Vehicle',Clear,Dry,Daylight,'NO CONTROLS','None Detected','None Detected','Walking to/from school',Dart/Dash,'AT INTERSECTION BUT NO CROSSWALK',Yes,None,0.515653,0.890559,'Possible Injury'
MONTGOMERY,45311,8.733,County,Pedestrian,'Single Vehicle',Clear,Dry,Daylight,'TRAFFIC SIGNAL','None Detected','None Detected','Walking/Riding w/Traffic',None,'AT AT INTERSECTION MARKED CROSSWALK',No,None,0.500544,0.91822,'Suspected Minor Injury'
ROCKVILLE,43529,7.883,Municipality,Pedestrian,'Single Vehicle',Clear,Dry,'Dark - Lighted','NO CONTROLS','None Detected','None Detected','Cross/Enter Not at Intersection','IN ROADWAY IMPROPERLY','ON ROADWAY NOT AT CROSSWALK',Yes,None,0.613009,0.89305,'Possible Injury'
MONTGOMERY,45439,15.583,'Maryland (State)',Bicyclist,'STRAIGHT MOVEMENT ANGLE',Clear,Dry,Daylight,'STOP SIGN','None Detected','None Detected','Cross/Enter at Intersection','FAILURE TO YIELD RIGHT OF WAY','AT INTERSECTION BUT NO CROSSWALK',Yes,None,0.713963,0.855733,'Possible Injury'
MONTGOMERY,42586,8.433,County,Bicyclist,'HEAD ON LEFT TURN',Clear,Dry,Daylight,'NO CONTROLS','None Detected','None Detected','Cross/Enter at Intersection',None,'ON ROADWAY AT CROSSWALK',No,Yes,0.648977,0.917833,'Suspected Serious Injury'
MONTGOMERY,43075,17.933,County,Pedestrian,'Single Vehicle',Clear,Dry,'Dark - Lighted','TRAFFIC SIGNAL','None Detected','None Detected','Cross/Enter at Intersection',None,'AT AT INTERSECTION MARKED CROSSWALK',No,None,0.583035,0.936486,'Suspected Minor Injury'
MONTGOMERY,44524,17.767,County,Pedestrian,'Single Vehicle',Clear,Dry,'Dark - Lighted','NO CONTROLS','None Detected','None Detected',Standing,None,'ON ROADWAY AT CROSSWALK',No,None,0.74374,0.851632,'Suspected Serious Injury'
MONTGOMERY,44012,16.283,'Maryland (State)',Pedestrian,'Single Vehicle',Clear,Dry,Daylight,'TRAFFIC SIGNAL','None Detected','None Detected','Cross/Enter Not at Intersection','NOT VISIBLE','ON ROADWAY NOT AT CROSSWALK',No,None,0.522039,0.942832,'Suspected Minor Injury'
MONTGOMERY,43601,11.55,County,Pedestrian,'Single Vehicle',Clear,Dry,Daylight,'NO CONTROLS','None Detected','None Detected',Standing,Inattentive,'ON ROADWAY AT CROSSWALK',Yes,None,0.512033,0.957048,'Suspected Minor Injury'
GAITHERSBURG,43504,18.233,Municipality,Pedestrian,'Single Vehicle',Clear,Dry,'Dark - Lighted','TRAFFIC SIGNAL','None Detected','None Detected','Cross/Enter at Intersection',None,'ON ROADWAY AT CROSSWALK',No,None,0.691866,0.866762,'Suspected Minor Injury'
MONTGOMERY,44431,1.95,'Maryland (State)',Pedestrian,'Single Vehicle',Clear,Wet,'Dark - Lighted','NO CONTROLS','None Detected','None Detected','Cross/Enter at Intersection',None,'ON ROADWAY NOT AT CROSSWALK',No,None,0.503037,0.964207,'Fatal Injury'
MONTGOMERY,44666,17.267,'US (State)',Bicyclist,'STRAIGHT MOVEMENT ANGLE',Clear,Dry,Daylight,'TRAFFIC SIGNAL','None Detected','None Detected','Walking/Cycling on Sidewalk',None,'ON ROADWAY AT CROSSWALK',No,Yes,0.519821,0.951743,'No Apparent Injury'
MONTGOMERY,43830,17.85,County,Pedestrian,'SAME DIRECTION SIDESWIPE',Clear,Dry,'Dark - Lighted','NO CONTROLS','None Detected','None Detected',Hitchhiking,'ENTERING EXITING PARKED STANDING VEHICLE','ON ROADWAY AT CROSSWALK',No,None,0.554275,0.947936,'Possible Injury'
MONTGOMERY,43879,8.867,County,Bicyclist,'Single Vehicle',Clear,Dry,Daylight,'NO CONTROLS','None Detected','None Detected','Walking/Riding w/Traffic',None,'ON ROADWAY NOT AT CROSSWALK',No,Yes,0.655649,0.935621,'Possible Injury'
MONTGOMERY,44747,7.383,'Maryland (State)',Pedestrian,'STRAIGHT MOVEMENT ANGLE',Clear,Dry,Daylight,'TRAFFIC SIGNAL','None Detected','None Detected','Cross/Enter at Intersection',None,'ON ROADWAY AT CROSSWALK',No,None,0.599875,0.92934,'Suspected Minor Injury'
MONTGOMERY,43253,21.833,'Maryland (State)',Pedestrian,'Single Vehicle',Clear,Wet,'Dark - Lighted','NO CONTROLS','None Detected','None Detected','Cross/Enter at Intersection',None,'ON ROADWAY NOT AT CROSSWALK',Yes,None,0.614941,0.893492,'Fatal Injury'
MONTGOMERY,42498,19.667,County,Pedestrian,'STRAIGHT MOVEMENT ANGLE',Clear,Dry,Daylight,'NO CONTROLS','None Detected','None Detected','Cross/Enter Not at Intersection',Dart/Dash,'ON ROADWAY NOT AT CROSSWALK',Yes,None,0.570929,0.93198,'Suspected Minor Injury'
MONTGOMERY,45426,19.5,'Maryland (State)',Pedestrian,'Single Vehicle',Clear,Dry,Daylight,'NO CONTROLS','None Detected','ALCOHOL PRESENT','Cross/Enter at Intersection',None,'ON ROADWAY AT CROSSWALK',No,None,0.575197,0.938733,'Suspected Minor Injury'
MONTGOMERY,42374,13.367,'Maryland (State)',Bicyclist,'Single Vehicle',Clear,Dry,Daylight,'NO CONTROLS','None Detected','None Detected','Cross/Enter Not at Intersection',Dart/Dash,'ON ROADWAY NOT AT CROSSWALK',Yes,None,0.560235,0.93739,'Possible Injury'
MONTGOMERY,44623,17.917,County,Pedestrian,'Single Vehicle',Clear,Dry,Daylight,'NO CONTROLS','None Detected','None Detected','Cross/Enter at Intersection',None,'AT INTERSECTION BUT NO CROSSWALK',No,None,0.718886,0.845551,'Possible Injury'
GAITHERSBURG,45428,10.833,County,Pedestrian,'Single Vehicle',Clear,Dry,Daylight,'NO CONTROLS','None Detected','None Detected',Playing,'NOT VISIBLE','ON ROADWAY AT CROSSWALK',No,None,0.675032,0.870703,'Possible Injury'
MONTGOMERY,42615,20.317,County,Pedestrian,'Single Vehicle',Clear,Dry,'Dark - Lighted','NO CONTROLS','None Detected','None Detected','Cross/Enter at Intersection',None,'ON ROADWAY AT CROSSWALK',No,None,0.688506,0.872134,'Suspected Minor Injury'
MONTGOMERY,44162,16.75,County,Bicyclist,'HEAD ON',Clear,Dry,'Dark - Not Lighted','STOP SIGN','None Detected','None Detected','Walking/Riding w/Traffic',None,'ON ROADWAY NOT AT CROSSWALK',No,Yes,0.5795,0.921401,'Suspected Minor Injury'
MONTGOMERY,44742,17.5,County,Pedestrian,'Single Vehicle',Clear,Dry,Daylight,'NO CONTROLS','None Detected','None Detected','Cross/Enter Not at Intersection','IN ROADWAY IMPROPERLY',MEDIAN,Yes,None,0.726404,0.873678,'Possible Injury'
MONTGOMERY,45554,15.667,'Maryland (State)',' PEDALCYCLIST','Single Vehicle',Clear,Dry,Daylight,'TRAFFIC SIGNAL','None Detected','None Detected','Cross/Enter at Intersection',Dart/Dash,'ON ROADWAY AT CROSSWALK',No,None,0.707285,0.845041,'Possible Injury'
ROCKVILLE,42361,18.317,Municipality,Pedestrian,'STRAIGHT MOVEMENT ANGLE',Rain,Wet,'Dark - Lighted','STOP SIGN','None Detected','None Detected','Cross/Enter at Intersection',None,'AT AT INTERSECTION MARKED CROSSWALK',No,None,0.64443,0.8858,'Suspected Minor Injury'
MONTGOMERY,42118,20.867,'Maryland (State)',Pedestrian,'SAME DIR REAR END',Clear,Dry,'Dark - Lighted','NO CONTROLS','ALCOHOL CONTRIBUTED','None Detected',Standing,None,'ON ROADWAY AT CROSSWALK',No,None,0.54415,0.968055,'Suspected Minor Injury'
MONTGOMERY,44449,9.35,County,'MACHINE OPERATOR/RIDER','SAME DIRECTION SIDESWIPE',Clear,Dry,Daylight,'NO CONTROLS','None Detected','None Detected',' Working',None,'ON ROADWAY NOT AT CROSSWALK',No,Yes,0.758247,0.909786,'No Apparent Injury'
MONTGOMERY,45332,19.817,County,Pedestrian,'Single Vehicle',Clear,Dry,'Dark - Lighted','TRAFFIC SIGNAL','None Detected','None Detected','Cross/Enter at Intersection',None,'AT AT INTERSECTION MARKED CROSSWALK',Yes,None,0.711063,0.871292,'Suspected Minor Injury'
MONTGOMERY,43677,7.283,'Maryland (State)',Bicyclist,'STRAIGHT MOVEMENT ANGLE',Cloudy,Dry,Daylight,'STOP SIGN','None Detected','None Detected','Cross/Enter at Intersection',None,SIDEWALK,No,None,0.803329,0.862416,'No Apparent Injury'
MONTGOMERY,43665,18.783,County,Bicyclist,'Single Vehicle',Clear,Dry,Daylight,'STOP SIGN','None Detected','None Detected','Cross/Enter at Intersection',None,'ON ROADWAY AT CROSSWALK',Yes,Yes,0.525967,0.908619,'Suspected Minor Injury'