'Agency Name','Days after Jan 1','Hours past Midnight','Route Type','Related Non-Motorist','Collision Type',Weather,'Surface Condition',Light,'Traffic Control','Driver Substance Abuse','Non-Motorist Substance Abuse','Pedestrian Movement','Pedestrian Actions','Pedestrian Location','At Fault','Safety Equipment','Lat- Normalized','Long- Normalized','Injury Severity'
MONTGOMERY,45402,12.483,County,'MACHINE OPERATOR/RIDER','Single Vehicle',Clear,Dry,Daylight,'NO CONTROLS','None Detected','None Detected','Cross/Enter Not at Intersection',None,'ON ROADWAY NOT AT CROSSWALK',Yes,None,0.510492,0.95999,'Possible Injury'
MONTGOMERY,42483,23.25,'Maryland (State)',Pedestrian,'SAME DIR REAR END',Clear,Dry,'Dark - Lighted','NO CONTROLS','ALCOHOL PRESENT ','None Detected','Cross/Enter at Intersection',None,'ON ROADWAY NOT AT CROSSWALK',No,None,0.509496,0.926728,'Suspected Serious Injury'
MONTGOMERY,44231,14.533,'Maryland (State)',Bicyclist,'Single Vehicle',Clear,Dry,Daylight,'TRAFFIC SIGNAL','None Detected','None Detected','Walking/Riding against Traffic','WRONG WAY RIDING OR WALKING','ON ROADWAY AT CROSSWALK',Yes,None,0.575449,0.908123,'Suspected Minor Injury'
MONTGOMERY,43189,19.9,County,Pedestrian,'Single Vehicle',Clear,Dry,'Dark - Lighted','NO CONTROLS','None Detected','None Detected','Cross/Enter at Intersection',None,'ON ROADWAY AT CROSSWALK',No,None,0.602239,0.923761,'Suspected Minor Injury'
MONTGOMERY,42133,15.083,County,Pedestrian,'Single Vehicle',Clear,Dry,Daylight,'NO CONTROLS','None Detected','None Detected','Cross/Enter Not at Intersection',Inattentive,'ON ROADWAY NOT AT CROSSWALK',No,None,0.578729,0.932098,'Possible Injury'
ROCKVILLE,43909,15.4,'Maryland (State)',Pedestrian,'STRAIGHT MOVEMENT ANGLE',Clear,Dry,Daylight,'STOP SIGN','None Detected','None Detected','Walking/Cycling on Sidewalk',None,SIDEWALK,No,None,0.597392,0.900292,'Possible Injury'
MONTGOMERY,45390,14,'Maryland (State)',Bicyclist,'STRAIGHT MOVEMENT ANGLE',Clear,Dry,Daylight,'TRAFFIC SIGNAL','None Detected','None Detected','Cross/Enter at Intersection',None,'ON ROADWAY AT CROSSWALK',No,Yes,0.695382,0.925713,'Possible Injury'
MONTGOMERY,44578,18.433,'Maryland (State)',Pedestrian,'Single Vehicle',Clear,Dry,'Dark - Lighted','TRAFFIC SIGNAL','None Detected','None Detected','Cross/Enter at Intersection','IN ROADWAY IMPROPERLY','ON ROADWAY AT CROSSWALK',Yes,None,0.572434,0.926514,'Fatal Injury'
TAKOMA,42273,15.083,County,Pedestrian,'Single Vehicle',Cloudy,Dry,Daylight,'NO CONTROLS','None Detected','None Detected',Playing,Dart/Dash,'ON ROADWAY AT CROSSWALK',Yes,None,0.501205,0.963252,'No Apparent Injury'
MONTGOMERY,42787,10.667,'Maryland (State)',Pedestrian,'STRAIGHT MOVEMENT ANGLE',Clear,Dry,Daylight,'TRAFFIC SIGNAL','None Detected','None Detected','Cross/Enter at Intersection',None,'ON ROADWAY AT CROSSWALK',No,None,0.509026,0.960139,'Suspected Minor Injury'
MONTGOMERY,44294,17.667,County,Bicyclist,'Single Vehicle',Clear,Dry,Daylight,'NO CONTROLS','None Detected','None Detected','Cross/Enter Not at Intersection','FAILURE TO YIELD RIGHT OF WAY','ON ROADWAY NOT AT CROSSWALK',Yes,None,0.56962,0.876599,'Suspected Minor Injury'
'Maryland-National Capital',43430,17.217,Government,Pedestrian,'HEAD ON LEFT TURN',Clear,Dry,'Dark - Not Lighted','STOP SIGN','None Detected','None Detected','Cross/Enter at Intersection',None,'ON ROADWAY AT CROSSWALK',No,None,0.578944,0.932028,'Possible Injury'
MONTGOMERY,44903,18.017,'Maryland (State)',Pedestrian,'Single Vehicle',Clear,Dry,'Dark - Lighted','TRAFFIC SIGNAL','None Detected','None Detected','Cross/Enter at Intersection',Inattentive,'AT AT INTERSECTION MARKED CROSSWALK',No,Yes,0.4689,0.907318,'Suspected Minor Injury'
MONTGOMERY,44329,16.717,County,Bicyclist,'ANGLE MEETS RIGHT TURN',Clear,Dry,Daylight,'STOP SIGN','None Detected','None Detected','Cross/Enter at Intersection','FAILURE TO YIELD RIGHT OF WAY','ON ROADWAY AT CROSSWALK',Yes,None,0.627664,0.863277,'Suspected Minor Injury'
ROCKVILLE,42985,8.917,'Maryland (State)',Pedestrian,'Single Vehicle',Clear,Dry,Daylight,'TRAFFIC SIGNAL','None Detected','None Detected','Cross/Enter at Intersection','FAILURE TO OBEY TRAFFIC SIGNS SIGNALS OR OFFICER','ON ROADWAY AT CROSSWALK',Yes,None,0.602884,0.897442,'Suspected Minor Injury'
ROCKVILLE,44526,17.25,County,Bicyclist,'Single Vehicle',Clear,Dry,'Dark - Lighted','NO CONTROLS','None Detected','None Detected','Cross/Enter at Intersection',None,'ON ROADWAY AT CROSSWALK',No,None,0.57803,0.907222,'No Apparent Injury'
MONTGOMERY,42438,11,'Maryland (State)',Bicyclist,'HEAD ON LEFT TURN',Clear,Dry,Daylight,'TRAFFIC SIGNAL','None Detected','None Detected','Cross/Enter at Intersection',None,'ON ROADWAY AT CROSSWALK',No,Yes,0.505766,0.95771,'Suspected Serious Injury'
MONTGOMERY,44149,18,'Maryland (State)',Pedestrian,'Single Vehicle',Clear,Dry,'Dark - Lighted','TRAFFIC SIGNAL','None Detected','None Detected','Cross/Enter at Intersection','IN ROADWAY IMPROPERLY','ON ROADWAY NOT AT CROSSWALK',Yes,None,0.598549,0.96007,'Suspected Minor Injury'
MONTGOMERY,44808,14.917,County,Bicyclist,'STRAIGHT MOVEMENT ANGLE',Clear,Dry,Daylight,'STOP SIGN','None Detected','None Detected','Cross/Enter at Intersection',None,'AT AT INTERSECTION MARKED CROSSWALK',No,Yes,0.636588,0.930378,'Suspected Minor Injury'
MONTGOMERY,44503,8.083,'Maryland (State)',Pedestrian,'Single Vehicle',Clear,Dry,Daylight,'TRAFFIC SIGNAL','None Detected','None Detected','Cross/Enter at Intersection',None,'ON ROADWAY NOT AT CROSSWALK',No,None,0.571824,0.93829,'Possible Injury'
MONTGOMERY,44469,10.433,County,Bicyclist,'Single Vehicle',Clear,Dry,Daylight,'NO CONTROLS','None Detected','None Detected','Walking/Riding w/Traffic',Inattentive,'ON ROADWAY NOT AT CROSSWALK',Yes,Yes,0.567967,0.915447,'Suspected Minor Injury'
MONTGOMERY,43767,18.75,County,Pedestrian,'Single Vehicle',Clear,Dry,Dusk,'NO CONTROLS','None Detected','None Detected','Cross/Enter at Intersection',None,'AT INTERSECTION BUT NO CROSSWALK',No,None,0.594672,0.918553,'Possible Injury'
MONTGOMERY,44149,12.667,County,Pedestrian,'SAME DIR REAR END',Clear,Dry,Daylight,'NO CONTROLS','None Detected','None Detected',Standing,None,'ON ROADWAY AT CROSSWALK',No,None,0.584842,0.961,'No Apparent Injury'
MONTGOMERY,42817,8.533,'Maryland (State)',Pedestrian,'Single Vehicle',Clear,Dry,Daylight,'NO CONTROLS','None Detected','None Detected',' Working',None,'ON ROADWAY NOT AT CROSSWALK',No,Yes,0.711837,0.840813,'Suspected Minor Injury'
MONTGOMERY,43990,12,'Maryland (State)',Bicyclist,'Single Vehicle',Clear,Dry,Daylight,'NO CONTROLS','None Detected','None Detected','Cross/Enter at Intersection',None,'ON ROADWAY AT CROSSWALK',No,None,0.540708,0.915074,'Suspected Serious Injury'
MONTGOMERY,44712,18.283,County,Pedestrian,'Single Vehicle',Clear,Dry,Daylight,'NO CONTROLS','None Detected','None Detected','Cross/Enter at Intersection',None,'ON ROADWAY AT CROSSWALK',No,None,0.578782,0.932056,'No Apparent Injury'
MONTGOMERY,42640,10.35,County,Pedestrian,'Single Vehicle',Clear,Dry,Daylight,'NO CONTROLS','None Detected','None Detected','Cross/Enter at Intersection',None,'ON ROADWAY AT CROSSWALK',No,None,0.578929,0.932128,'Suspected Minor Injury'
MONTGOMERY,44176,17.567,County,Pedestrian,'Single Vehicle',Clear,Dry,'Dark - Lighted','NO CONTROLS','None Detected','None Detected','Cross/Enter Not at Intersection',Dart/Dash,'ON ROADWAY NOT AT CROSSWALK',No,None,0.507758,0.950023,'Possible Injury'
MONTGOMERY,42038,16.117,'Maryland (State)',Pedestrian,'Single Vehicle',Clear,Dry,Daylight,'NO CONTROLS','None Detected','None Detected','Cross/Enter Not at Intersection',Dart/Dash,'ON ROADWAY NOT AT CROSSWALK',No,None,0.554053,0.938259,'Possible Injury'
MONTGOMERY,45581,8.067,'Maryland (State)',Pedestrian,'Single Vehicle',Clear,Dry,Daylight,'TRAFFIC SIGNAL','None Detected','None Detected','Walking to/from school',None,'ON ROADWAY AT CROSSWALK',No,None,0.583587,0.928329,'Possible Injury'
MONTGOMERY,43524,11.117,'Maryland (State)',Pedestrian,'Single Vehicle',Clear,Dry,Daylight,'NO CONTROLS','None Detected','None Detected','Cross/Enter Not at Intersection',None,SIDEWALK,No,None,0.535585,0.954395,'Suspected Minor Injury'
MONTGOMERY,43275,9.75,County,Bicyclist,'STRAIGHT MOVEMENT ANGLE',Clear,Dry,Daylight,'NO CONTROLS','None Detected','None Detected','Walking/Riding w/Traffic',None,'ON ROADWAY NOT AT CROSSWALK',No,Yes,0.570144,0.921348,'Suspected Minor Injury'
MONTGOMERY,45540,7.817,'Maryland (State)',Pedestrian,'Single Vehicle',Clear,Dry,Daylight,'TRAFFIC SIGNAL','None Detected','None Detected','Cross/Enter at Intersection',Dart/Dash,'AT INTERSECTION BUT NO CROSSWALK',Yes,None,0.766764,0.845956,'Suspected Minor Injury'
MONTGOMERY,45566,15.6,County,Pedestrian,'Single Vehicle',Clear,Dry,Daylight,'TRAFFIC SIGNAL','None Detected','None Detected','Cross/Enter at Intersection',None,'ON ROADWAY AT CROSSWALK',No,None,0.721866,0.840134,'Possible Injury'
MONTGOMERY,43756,17.233,'Maryland (State)',Bicyclist,'SAME DIR REAR END',Clear,Dry,Daylight,'NO CONTROLS','None Detected','None Detected','Walking/Riding w/Traffic',None,SHOULDER,No,Yes,0.471469,0.921949,'Possible Injury'
MONTGOMERY,45529,18.767,County,Pedestrian,'Single Vehicle',Clear,Dry,Daylight,'NO CONTROLS','None Detected','None Detected','Cross/Enter at Intersection',None,SIDEWALK,No,None,0.547674,0.958952,'No Apparent Injury'
ROCKVILLE,42401,17.65,'Maryland (State)',Pedestrian,'HEAD ON LEFT TURN',Rain,Wet,'Dark - Lighted','NO CONTROLS','None Detected','None Detected','Cross/Enter Not at Intersection','IN ROADWAY IMPROPERLY','ON ROADWAY NOT AT CROSSWALK',Yes,None,0.606093,0.896042,'Suspected Minor Injury'
MONTGOMERY,44237,6.583,'Maryland (State)',Pedestrian,'Single Vehicle',Cloudy,Dry,'Dark - Lighted','TRAFFIC SIGNAL','None Detected','None Detected','Cross/Enter at Intersection',None,'ON ROADWAY AT CROSSWALK',No,None,0.531681,0.957648,'Suspected Serious Injury'
MONTGOMERY,42450,20.417,County,Pedestrian,'Single Vehicle',Clear,Dry,'Dark - Lighted','TRAFFIC SIGNAL','None Detected','None Detected','Cross/Enter at Intersection',None,SIDEWALK,No,None,0.71407,0.844413,'No Apparent Injury'
MONTGOMERY,43203,17.8,County,Bicyclist,'Single Vehicle',Clear,Dry,Daylight,'TRAFFIC SIGNAL','None Detected','None Detected','Cross/Enter at Intersection',None,'AT AT INTERSECTION MARKED CROSSWALK',No,None,0.724532,0.83998,'Suspected Serious Injury'
MONTGOMERY,42786,18.633,County,Pedestrian,'STRAIGHT MOVEMENT ANGLE',Clear,Dry,Dusk,'NO CONTROLS','None Detected','None Detected','Cross/Enter at Intersection',None,'ON ROADWAY AT CROSSWALK',No,None,0.684425,0.866957,'Suspected Minor Injury'
MONTGOMERY,44860,6.917,' Public Roadway',Pedestrian,'Single Vehicle',Rain,Wet,Dusk,'NO CONTROLS','None Detected','None Detected','Walking to/from school','NOT VISIBLE','ON ROADWAY AT CROSSWALK',Yes,None,0.678624,0.88553,'Suspected Minor Injury'
MONTGOMERY,45315,8.067,'Maryland (State)',Pedestrian,'Single Vehicle',Clear,Dry,Daylight,'NO CONTROLS','None Detected','None Detected','Cross/Enter Not at Intersection',Dart/Dash,'ON ROADWAY NOT AT CROSSWALK',Yes,None,0.49839,0.918738,'Suspected Minor Injury'
MONTGOMERY,44145,14.217,County,Pedestrian,'Single Vehicle',Clear,Dry,Daylight,'NO CONTROLS','None Detected','None Detected','Cross/Enter at Intersection',None,'ON ROADWAY AT CROSSWALK',No,None,0.553855,0.935392,'Possible Injury'
MONTGOMERY,45612,10.917,County,'MACHINE OPERATOR/RIDER','SAME DIR REAR END',Clear,Dry,Daylight,'NO CONTROLS','None Detected','None Detected','Getting off/on Vehicle','ENTERING EXITING PARKED STANDING VEHICLE','ON ROADWAY AT CROSSWALK',No,None,0.688225,0.932226,'No Apparent Injury'
MONTGOMERY,42265,14.783,'Maryland (State)',Pedestrian,'Single Vehicle',Clear,Dry,Daylight,'NO CONTROLS','None Detected','None Detected','Cross/Enter Not at Intersection',None,'ON ROADWAY NOT AT CROSSWALK',No,None,0.512682,0.962659,'Suspected Serious Injury'
MONTGOMERY,44156,18.4,County,Pedestrian,'Single Vehicle',Clear,Dry,'Dark - Lighted','TRAFFIC SIGNAL','None Detected','ALCOHOL PRESENT','Cross/Enter at Intersection',None,'ON ROADWAY AT CROSSWALK',No,None,0.607075,0.926443,'Possible Injury'
MONTGOMERY,45296,19.333,'Maryland (State)',Pedestrian,'Single Vehicle',Rain,Wet,'Dark - Lighted','TRAFFIC SIGNAL','None Detected','None Detected','Cross/Enter at Intersection',None,'ON ROADWAY AT CROSSWALK',No,None,0.535266,0.970958,'Possible Injury'
TAKOMA,43250,16.183,County,Pedestrian,'Single Vehicle',Clear,Dry,Daylight,'TRAFFIC SIGNAL','None Detected','None Detected','Cross/Enter at Intersection',None,'AT INTERSECTION BUT NO CROSSWALK',No,None,0.497003,0.96668,'Possible Injury'
MONTGOMERY,43093,17.867,'Maryland (State)',Pedestrian,'Single Vehicle',Rain,Wet,'Dark - Lighted','NO CONTROLS','None Detected','None Detected','Cross/Enter at Intersection',None,'AT AT INTERSECTION MARKED CROSSWALK',No,None,0.480909,0.926796,'Suspected Minor Injury'
MONTGOMERY,45533,15.5,County,Pedestrian,'Single Vehicle',Cloudy,Dry,Daylight,'NO CONTROLS','None Detected','None Detected','Walking/Riding w/Traffic',None,'OUTSIDE RIGHT OF WAY',No,None,0.501784,0.917577,'Possible Injury'
TAKOMA,43422,18.367,'Maryland (State)',Pedestrian,'Single Vehicle',Cloudy,Dry,'Dark - Lighted','TRAFFIC SIGNAL','None Detected','None Detected','Cross/Enter at Intersection',None,'ON ROADWAY AT CROSSWALK',No,None,0.493654,0.961349,'Possible Injury'
MONTGOMERY,44912,11.433,'Maryland (State)',Pedestrian,'Single Vehicle',Clear,Dry,Daylight,'TRAFFIC SIGNAL','None Detected','None Detected','Cross/Enter Not at Intersection',Inattentive,'AT AT INTERSECTION MARKED CROSSWALK',No,None,0.528766,0.9705,'Possible Injury'
MONTGOMERY,43720,19.367,County,Pedestrian,'Single Vehicle',Clear,Dry,'Dark - Lighted','NO CONTROLS','None Detected','None Detected','Cross/Enter Not at Intersection','IN ROADWAY IMPROPERLY','ON ROADWAY AT CROSSWALK',No,None,0.557846,0.964639,'Suspected Minor Injury'
MONTGOMERY,45603,18.167,'Maryland (State)',Pedestrian,'Single Vehicle',Clear,Dry,'Dark - Not Lighted','TRAFFIC SIGNAL','None Detected','None Detected','Cross/Enter at Intersection',None,'ON ROADWAY AT CROSSWALK',No,None,0.556423,0.941696,'Suspected Serious Injury'
MONTGOMERY,44446,18.75,County,Pedestrian,'Single Vehicle',Clear,Dry,Daylight,'NO CONTROLS','None Detected','None Detected','Cross/Enter Not at Intersection',Dart/Dash,'ON ROADWAY NOT AT CROSSWALK',Yes,None,0.578142,0.972629,'Suspected Minor Injury'
TAKOMA,43753,8.5,Municipality,Bicyclist,'STRAIGHT MOVEMENT ANGLE',Clear,Dry,Daylight,'STOP SIGN','None Detected','None Detected','Walking/Riding w/Traffic','FAILURE TO OBEY TRAFFIC SIGNS SIGNALS OR OFFICER','ON ROADWAY NOT AT CROSSWALK',Yes,Yes,0.497009,0.959123,'Possible Injury'
MONTGOMERY,42784,16.583,County,Pedestrian,'Single Vehicle',Clear,Dry,Daylight,'NO CONTROLS','None Detected','None Detected',Playing,None,'ON ROADWAY AT CROSSWALK',No,None,0.501171,0.95878,'Suspected Serious Injury'
TAKOMA,45597,19.033,'Maryland (State)',Pedestrian,'Single Vehicle',Clear,Dry,'Dark - Lighted','NO CONTROLS','None Detected','None Detected','Cross/Enter at Intersection',None,'ON ROADWAY AT CROSSWALK',No,None,0.484568,0.964033,'Suspected Minor Injury'
MONTGOMERY,45513,10.017,County,Pedestrian,'Single Vehicle',Clear,Dry,Daylight,'STOP SIGN','None Detected','None Detected','Walking/Riding against Traffic',None,'ON ROADWAY AT CROSSWALK',No,None,0.63325,0.844632,'Suspected Minor Injury'
MONTGOMERY,42587,13.2,Ramp,Bicyclist,'STRAIGHT MOVEMENT ANGLE',Cloudy,Dry,Daylight,'NO CONTROLS','None Detected','None Detected','Cross/Enter at Intersection',None,'ON ROADWAY AT CROSSWALK',Yes,None,0.672157,0.866134,'Possible Injury'
MONTGOMERY,43250,16.85,County,Pedestrian,'Single Vehicle',Clear,Dry,Daylight,'NO CONTROLS','None Detected','None Detected',' Working',None,'ON ROADWAY AT CROSSWALK',No,None,0.701063,0.887173,'Suspected Minor Injury'
MONTGOMERY,42702,5.9,County,Pedestrian,'Single Vehicle',Clear,Dry,'Dark - Lighted','NO CONTROLS','None Detected','None Detected','Cross/Enter at Intersection',None,'ON ROADWAY AT CROSSWALK',No,None,0.492687,0.919944,'Suspected Minor Injury'
MONTGOMERY,43658,10.25,County,Pedestrian,'Single Vehicle',Clear,Dry,Daylight,'NO CONTROLS','None Detected','None Detected','Cross/Enter at Intersection',None,'INSIDE BUILDING',No,None,0.6368,0.926864,'Possible Injury'
MONTGOMERY,43823,17.967,County,Pedestrian,'Single Vehicle',Clear,Dry,'Dark - Lighted','NO CONTROLS','None Detected','None Detected','Cross/Enter at Intersection',None,SHOULDER,No,Yes,0.553958,0.936448,'Possible Injury'
MONTGOMERY,44352,2,County,Pedestrian,'STRAIGHT MOVEMENT ANGLE',Clear,Dry,'Dark - Lighted','NO CONTROLS','None Detected','None Detected','Cross/Enter at Intersection',None,'ON ROADWAY NOT AT CROSSWALK',No,None,0.705123,0.867458,'Possible Injury'
MONTGOMERY,42179,22.95,County,Pedestrian,'SAME DIRECTION SIDESWIPE',Clear,Dry,'Dark - Lighted','TRAFFIC SIGNAL','None Detected','None Detected','Cross/Enter Not at Intersection','FAILURE TO YIELD RIGHT OF WAY','ON ROADWAY NOT AT CROSSWALK',No,None,0.565257,0.910992,'Suspected Serious Injury'
MONTGOMERY,42005,18,County,Pedestrian,'Single Vehicle',Clear,Dry,'Dark - Not Lighted','NO CONTROLS','None Detected','None Detected','Cross/Enter at Intersection',Inattentive,'ON ROADWAY AT CROSSWALK',No,None,0.688974,0.873612,'Possible Injury'
MONTGOMERY,42234,15.333,County,Pedestrian,'SAME DIR REAR END',Clear,Dry,Daylight,'NO CONTROLS','None Detected','None Detected',' Working',None,'ON ROADWAY NOT AT CROSSWALK',No,None,0.621514,0.931701,'Possible Injury'
MONTGOMERY,44507,15.667,County,Pedestrian,'Single Vehicle',Clear,Dry,Daylight,'NO CONTROLS','None Detected','None Detected',Standing,Dart/Dash,'ON ROADWAY NOT AT CROSSWALK',Yes,None,0.700594,0.849746,'Suspected Minor Injury'
MONTGOMERY,42296,14.967,County,Pedestrian,'Single Vehicle',Clear,Dry,Daylight,'TRAFFIC SIGNAL','None Detected','None Detected','Cross/Enter at Intersection',None,'ON ROADWAY AT CROSSWALK',No,None,0.710937,0.871078,'Possible Injury'
MONTGOMERY,43517,12.267,County,Pedestrian,'Single Vehicle',Clear,Dry,Daylight,'NO CONTROLS','None Detected','None Detected',Standing,None,'ON ROADWAY AT CROSSWALK',No,None,0.65019,0.885623,'Suspected Minor Injury'
MONTGOMERY,44886,15.083,County,Pedestrian,'Single Vehicle',Clear,Dry,'Dark - Lighted','NO CONTROLS','None Detected','None Detected','Cross/Enter at Intersection',None,'ON ROADWAY AT CROSSWALK',No,None,0.722429,0.846056,'Suspected Serious Injury'
MONTGOMERY,44427,16.883,' Public Roadway',Pedestrian,'Single Vehicle',Clear,Dry,Daylight,'STOP SIGN','None Detected','None Detected','Cross/Enter at Intersection',None,'ON ROADWAY AT CROSSWALK',No,None,0.714217,0.85572,'Suspected Minor Injury'
MONTGOMERY,44030,11.183,Municipality,Bicyclist,'Single Vehicle',Clear,Dry,Daylight,'STOP SIGN','None Detected','None Detected','Cross/Enter at Intersection',None,SIDEWALK,No,Yes,0.475877,0.898752,'Possible Injury'
MONTGOMERY,45354,18.5,County,Pedestrian,'Single Vehicle',Rain,Wet,'Dark - Lighted','STOP SIGN','None Detected','None Detected','Cross/Enter at Intersection',None,'ON ROADWAY AT CROSSWALK',No,None,0.642165,0.870188,'Possible Injury'
MONTGOMERY,43091,18.167,County,Pedestrian,'Single Vehicle',Rain,Wet,'Dark - Lighted','NO CONTROLS','None Detected','None Detected','Walking/Riding against Traffic',None,'ON ROADWAY AT CROSSWALK',No,None,0.610792,0.928048,'Suspected Minor Injury'
TAKOMA,43451,13.617,County,Pedestrian,'Single Vehicle',Clear,Dry,Daylight,'NO CONTROLS','None Detected','None Detected','Cross/Enter Not at Intersection',None,'ON ROADWAY AT CROSSWALK',No,None,0.59802,0.911747,'Suspected Minor Injury'
MONTGOMERY,42638,12.45,County,Pedestrian,'Single Vehicle',Clear,Dry,Daylight,'NO CONTROLS','None Detected','None Detected',Playing,Dart/Dash,'ON ROADWAY NOT AT CROSSWALK',Yes,None,0.587709,0.920347,'Possible Injury'
MONTGOMERY,44740,8.617,County,Pedestrian,'Single Vehicle',Clear,Dry,Daylight,'NO CONTROLS','None Detected','None Detected','Getting off/on Vehicle','IN ROADWAY IMPROPERLY','ON ROADWAY NOT AT CROSSWALK',Yes,None,0.535892,0.955227,'Possible Injury'
MONTGOMERY,45549,12.4,County,' CONVEYANCE','Single Vehicle',Clear,Dry,Daylight,'NO CONTROLS','None Detected','None Detected','Cross/Enter Not at Intersection',Dart/Dash,'ON ROADWAY NOT AT CROSSWALK',Yes,None,0.503128,0.950408,'Possible Injury'
MONTGOMERY,45483,14.983,'Maryland (State)',Bicyclist,'STRAIGHT MOVEMENT ANGLE',Clear,Dry,Daylight,'TRAFFIC SIGNAL','None Detected','None Detected','Cross/Enter at Intersection',Dart/Dash,'ON ROADWAY AT CROSSWALK',Yes,None,0.650349,0.889759,'Suspected Minor Injury'
MONTGOMERY,43952,21.333,'Maryland (State)',Bicyclist,'STRAIGHT MOVEMENT ANGLE',Clear,Dry,'Dark - Not Lighted','NO CONTROLS','None Detected','None Detected','Cross/Enter at Intersection',Dart/Dash,'ON ROADWAY AT CROSSWALK',Yes,None,0.63417,0.868414,'Suspected Serious Injury'
ROCKVILLE,45591,8.967,County,Pedestrian,'Single Vehicle',Clear,Dry,Daylight,'NO CONTROLS','None Detected','None Detected','Cross/Enter at Intersection',None,'ON ROADWAY AT CROSSWALK',No,None,0.582132,0.906292,'No Apparent Injury'
MONTGOMERY,43573,13.633,County,Pedestrian,'Single Vehicle',Cloudy,Dry,Daylight,'NO CONTROLS','None Detected','None Detected','Getting off/on Vehicle',None,SHOULDER,Yes,None,0.67079,0.88156,'Suspected Minor Injury'
GAITHERSBURG,42189,22.55,Municipality,Pedestrian,'Single Vehicle',Cloudy,Dry,'Dark - Lighted','NO CONTROLS','None Detected','None Detected','Walking/Riding against Traffic','WRONG WAY RIDING OR WALKING','ON ROADWAY NOT AT CROSSWALK',No,None,0.679938,0.866433,'Suspected Minor Injury'
MONTGOMERY,42469,14.217,County,Pedestrian,'Single Vehicle',Cloudy,Dry,Daylight,'NO CONTROLS','None Detected','None Detected','Cross/Enter at Intersection',None,'ON ROADWAY AT CROSSWALK',No,None,0.576601,0.90841,'Possible Injury'
GAITHERSBURG,45488,12.25,Municipality,Pedestrian,'Single Vehicle',Cloudy,Dry,Daylight,'TRAFFIC SIGNAL','None Detected','None Detected','Cross/Enter at Intersection',None,'ON ROADWAY AT CROSSWALK',Yes,Yes,0.684243,0.875941,'Possible Injury'
MONTGOMERY,44801,3.117,'Maryland (State)',Pedestrian,'Single Vehicle',Clear,Dry,'Dark - Lighted','NO CONTROLS','None Detected','ALCOHOL CONTRIBUTED','Cross/Enter Not at Intersection',None,'ON ROADWAY NOT AT CROSSWALK',Yes,None,0.556174,0.936771,'Possible Injury'
GAITHERSBURG,44029,19.95,County,Pedestrian,'Single Vehicle',Clear,Dry,Daylight,'NO CONTROLS','None Detected','None Detected',Standing,None,'ON ROADWAY AT CROSSWALK',No,None,0.676182,0.875613,'Suspected Minor Injury'
MONTGOMERY,44109,6.817,'Maryland (State)',Pedestrian,'STRAIGHT MOVEMENT ANGLE',Rain,Wet,'Dark - Lighted','NO CONTROLS','None Detected','None Detected','Cross/Enter Not at Intersection',Dart/Dash,'ON ROADWAY NOT AT CROSSWALK',Yes,None,0.557457,0.939389,'Possible Injury'
MONTGOMERY,45422,11.3,County,Pedestrian,'Single Vehicle',Clear,Dry,Daylight,'NO CONTROLS','None Detected','None Detected','Cross/Enter at Intersection',None,'ON ROADWAY AT CROSSWALK',No,None,0.743347,0.922451,'Suspected Minor Injury'
MONTGOMERY,43399,12.917,County,Pedestrian,'Single Vehicle',Clear,Dry,Daylight,'NO CONTROLS','None Detected','None Detected','Cross/Enter at Intersection',None,'ON ROADWAY AT CROSSWALK',No,None,0.573664,0.910481,'No Apparent Injury'
MONTGOMERY,43649,22.3,'Maryland (State)',Pedestrian,'SAME DIRECTION RIGHT TURN',Clear,Dry,'Dark - Lighted','TRAFFIC SIGNAL','None Detected','None Detected','Cross/Enter at Intersection',None,'ON ROADWAY AT CROSSWALK',No,None,0.552873,0.947269,'Possible Injury'
MONTGOMERY,43365,11.667,County,Pedestrian,'Single Vehicle',Clear,Dry,Daylight,'NO CONTROLS','None Detected','None Detected','Walking/Cycling on Sidewalk',None,SIDEWALK,No,None,0.67825,0.870015,'Possible Injury'
MONTGOMERY,44723,9.533,County,Pedestrian,'Single Vehicle',Rain,Dry,Daylight,'NO CONTROLS','None Detected','None Detected','Cross/Enter at Intersection',None,'ON ROADWAY AT CROSSWALK',No,None,0.57361,0.974804,'Suspected Minor Injury'
MONTGOMERY,42684,20.2,County,Pedestrian,'Single Vehicle',Clear,Dry,'Dark - Lighted','NO CONTROLS','None Detected','None Detected',Playing,None,'ON ROADWAY AT CROSSWALK',Yes,None,0.700416,0.834714,'Suspected Minor Injury'
MONTGOMERY,43835,16.117,'Maryland (State)',Bicyclist,'Single Vehicle',Clear,Dry,Daylight,'NO CONTROLS','None Detected','None Detected','Cross/Enter at Intersection','IN ROADWAY IMPROPERLY','ON ROADWAY NOT AT CROSSWALK',Yes,None,0.608467,0.926181,'Possible Injury'
MONTGOMERY,43337,16.317,'Maryland (State)',Pedestrian,'Single Vehicle',Clear,Dry,Daylight,'NO CONTROLS','None Detected','None Detected','Cross/Enter Not at Intersection','NOT VISIBLE','ON ROADWAY NOT AT CROSSWALK',Yes,None,0.533405,0.941308,'Suspected Minor Injury'