'Agency Name','Days after Jan 1','Hours past Midnight','Route Type','Related Non-Motorist','Collision Type',Weather,'Surface Condition',Light,'Traffic Control','Driver Substance Abuse','Non-Motorist Substance Abuse','Pedestrian Movement','Pedestrian Actions','Pedestrian Location','At Fault','Safety Equipment','Lat- Normalized','Long- Normalized','Injury Severity'
MONTGOMERY,45527,16.433,'Maryland (State)',Pedestrian,'Single Vehicle',Clear,Dry,Daylight,'NO CONTROLS','None Detected','None Detected','Cross/Enter Not at Intersection','FAILURE TO YIELD RIGHT OF WAY','OUTSIDE RIGHT OF WAY',Yes,None,0.534729,0.953652,'Suspected Minor Injury'
MONTGOMERY,44575,8.5,'Maryland (State)',Bicyclist,'Single Vehicle',Clear,Dry,Daylight,'TRAFFIC SIGNAL','None Detected','None Detected','Cross/Enter at Intersection','FAILURE TO OBEY TRAFFIC SIGNS SIGNALS OR OFFICER','AT AT INTERSECTION MARKED CROSSWALK',Yes,None,0.65557,0.880198,'Fatal Injury'
MONTGOMERY,45304,23.25,'Maryland (State)',Pedestrian,'Single Vehicle',Clear,Dry,'Dark - Lighted','TRAFFIC SIGNAL','None Detected','None Detected','Cross/Enter at Intersection',None,'ON ROADWAY AT CROSSWALK',No,None,0.555554,0.938265,'Suspected Minor Injury'
MONTGOMERY,43819,22.75,County,Pedestrian,'STRAIGHT MOVEMENT ANGLE',Clear,Dry,'Dark - Lighted','STOP SIGN','None Detected','None Detected','Cross/Enter at Intersection',None,'AT AT INTERSECTION MARKED CROSSWALK',No,None,0.569561,0.90883,'Possible Injury'
MONTGOMERY,44831,16.767,'Maryland (State)',Bicyclist,'Single Vehicle',Clear,Dry,Daylight,'TRAFFIC SIGNAL','None Detected','None Detected','Walking/Riding w/Traffic','FAILURE TO YIELD RIGHT OF WAY','ON ROADWAY NOT AT CROSSWALK',Yes,Yes,0.50308,0.908316,'Possible Injury'
MONTGOMERY,43536,21.2,'Maryland (State)',Pedestrian,'Single Vehicle',Clear,Dry,'Dark - Lighted','TRAFFIC SIGNAL','None Detected','None Detected','Cross/Enter Not at Intersection','IN ROADWAY IMPROPERLY','ON ROADWAY NOT AT CROSSWALK',Yes,None,0.493953,0.91923,'Suspected Minor Injury'
MONTGOMERY,43069,14.5,County,Pedestrian,'Single Vehicle',Clear,Dry,Daylight,'NO CONTROLS','None Detected','None Detected',Standing,None,'ON ROADWAY AT CROSSWALK',No,None,0.571041,0.979936,'Possible Injury'
MONTGOMERY,42826,20.25,County,Pedestrian,'Single Vehicle',Clear,Dry,'Dark - Lighted','NO CONTROLS','None Detected','None Detected','Getting off/on Vehicle',None,'ON ROADWAY AT CROSSWALK',No,None,0.688999,0.887778,'Possible Injury'
MONTGOMERY,42473,10.5,County,Pedestrian,'Single Vehicle',Clear,Dry,Daylight,'NO CONTROLS','None Detected','None Detected','Cross/Enter at Intersection',None,'AT AT INTERSECTION MARKED CROSSWALK',Yes,None,0.586672,0.890342,'Suspected Minor Injury'
MONTGOMERY,43549,7.783,County,Pedestrian,'STRAIGHT MOVEMENT ANGLE',Clear,Dry,Daylight,'NO CONTROLS','None Detected','None Detected','Cross/Enter Not at Intersection',Dart/Dash,'ON ROADWAY NOT AT CROSSWALK',Yes,None,0.608377,0.986903,'Possible Injury'
MONTGOMERY,43645,16.283,County,Pedestrian,'Single Vehicle',Clear,Dry,Daylight,'TRAFFIC SIGNAL','None Detected','None Detected','Cross/Enter at Intersection',None,'AT AT INTERSECTION MARKED CROSSWALK',No,None,0.651329,0.882485,'Possible Injury'
MONTGOMERY,45441,17.25,County,Pedestrian,'Single Vehicle',Rain,Dry,Daylight,'NO CONTROLS','None Detected','None Detected','Cross/Enter Not at Intersection',None,'ON ROADWAY NOT AT CROSSWALK',No,None,0.554363,0.935056,'Possible Injury'
MONTGOMERY,43545,7.2,County,Pedestrian,'Single Vehicle',Clear,Dry,Daylight,'NO CONTROLS','None Detected','None Detected','Approach/Leaving Schoolbus',Dart/Dash,'IN SCHOOL BUS ZONE',No,None,0.619394,0.928228,'Possible Injury'
ROCKVILLE,43108,8.933,County,Pedestrian,'Single Vehicle',Cloudy,Dry,Daylight,'NO CONTROLS','None Detected','None Detected',Standing,None,'ON ROADWAY AT CROSSWALK',No,None,0.582709,0.883669,'Suspected Minor Injury'
MONTGOMERY,43675,9.4,County,Pedestrian,'Single Vehicle',Clear,Dry,Daylight,'NO CONTROLS','None Detected','None Detected','Cross/Enter Not at Intersection',Dart/Dash,'ON ROADWAY NOT AT CROSSWALK',Yes,None,0.50711,0.949794,'Suspected Minor Injury'
MONTGOMERY,43933,12.833,'US (State)',Bicyclist,'STRAIGHT MOVEMENT ANGLE',Clear,Dry,Daylight,'TRAFFIC SIGNAL','None Detected','None Detected','Cross/Enter at Intersection','FAILURE TO OBEY TRAFFIC SIGNS SIGNALS OR OFFICER','ON ROADWAY AT CROSSWALK',Yes,None,0.534369,0.955032,'Suspected Minor Injury'
ROCKVILLE,45409,21.583,'Maryland (State)',Bicyclist,'Single Vehicle',Clear,Dry,'Dark - Lighted','TRAFFIC SIGNAL','None Detected','None Detected','Cross/Enter at Intersection',None,'ON ROADWAY AT CROSSWALK',No,None,0.584742,0.905119,'Suspected Minor Injury'
GAITHERSBURG,42853,5.783,'Maryland (State)',Bicyclist,'Single Vehicle',Clear,Dry,Daylight,'NO CONTROLS','None Detected','None Detected','Cross/Enter at Intersection',None,'ON ROADWAY AT CROSSWALK',No,Yes,0.672266,0.866307,'No Apparent Injury'
MONTGOMERY,45368,14.25,County,Pedestrian,'Single Vehicle',Rain,Dry,Daylight,'NO CONTROLS','None Detected','MEDICATION PRESENT','Cross/Enter at Intersection',None,'INSIDE BUILDING',No,None,0.716789,0.931958,'No Apparent Injury'
MONTGOMERY,43428,17.7,'Maryland (State)',Pedestrian,'Single Vehicle',Rain,Wet,'Dark - Lighted','TRAFFIC SIGNAL','None Detected','None Detected','Cross/Enter at Intersection',None,'ON ROADWAY AT CROSSWALK',No,None,0.560432,0.937811,'Possible Injury'
MONTGOMERY,43245,16.55,'Maryland (State)',Pedestrian,'Single Vehicle',Clear,Dry,Daylight,'NO CONTROLS','None Detected','None Detected','Cross/Enter Not at Intersection','IN ROADWAY IMPROPERLY','ON ROADWAY NOT AT CROSSWALK',Yes,None,0.557817,0.935552,'Suspected Minor Injury'
MONTGOMERY,45324,6.8,'Maryland (State)',Pedestrian,'Single Vehicle',Clear,Dry,'Dark - Lighted','NO CONTROLS','None Detected','None Detected','Cross/Enter at Intersection',None,'ON ROADWAY AT CROSSWALK',No,None,0.498667,0.955438,'Possible Injury'
MONTGOMERY,43646,8,' Public Roadway',Pedestrian,'Single Vehicle',Clear,Dry,Daylight,'TRAFFIC SIGNAL','None Detected','None Detected','Walking/Cycling on Sidewalk',None,SIDEWALK,No,None,0.599783,0.940415,'Suspected Serious Injury'
MONTGOMERY,42138,17.617,County,Pedestrian,'Single Vehicle',Clear,Dry,Daylight,'NO CONTROLS','None Detected','None Detected',Playing,Dart/Dash,'ON ROADWAY NOT AT CROSSWALK',No,None,0.509305,0.961915,'Suspected Minor Injury'
MONTGOMERY,42938,16.967,County,Bicyclist,'Single Vehicle',Rain,Wet,Daylight,'NO CONTROLS','None Detected','ALCOHOL PRESENT','Cross/Enter at Intersection',Inattentive,'AT INTERSECTION BUT NO CROSSWALK',Yes,None,0.677522,0.886282,'No Apparent Injury'
ROCKVILLE,43190,18,County,Pedestrian,'Single Vehicle',Clear,Dry,Daylight,'NO CONTROLS','None Detected','None Detected','Walking/Cycling on Sidewalk',None,SIDEWALK,No,None,0.582356,0.904695,'Suspected Minor Injury'
MONTGOMERY,43434,17.533,County,Pedestrian,'Single Vehicle',Clear,Dry,'Dark - Lighted','NO CONTROLS','None Detected','None Detected','Cross/Enter at Intersection',None,'AT INTERSECTION BUT NO CROSSWALK',No,None,0.598045,0.986593,'Possible Injury'
MONTGOMERY,44503,13.833,'US (State)',Bicyclist,'STRAIGHT MOVEMENT ANGLE',Clear,Dry,Daylight,'NO CONTROLS','None Detected','None Detected','Cross/Enter at Intersection',None,'ON ROADWAY AT CROSSWALK',No,None,0.535468,0.955675,'Possible Injury'
MONTGOMERY,43203,11.517,County,Bicyclist,'SAME DIRECTION SIDESWIPE',Clear,Dry,Daylight,'STOP SIGN','None Detected','None Detected','Walking/Riding w/Traffic',None,'ON ROADWAY NOT AT CROSSWALK',No,Yes,0.494733,0.950583,'No Apparent Injury'
MONTGOMERY,44713,16.15,'Maryland (State)',Bicyclist,'Single Vehicle',Clear,Dry,Daylight,'NO CONTROLS','None Detected','None Detected','Walking/Cycling on Sidewalk','IN ROADWAY IMPROPERLY','ON ROADWAY NOT AT CROSSWALK',Yes,None,0.535797,0.906584,'Fatal Injury'
MONTGOMERY,43403,19.15,County,Pedestrian,'Single Vehicle',Clear,Dry,'Dark - Lighted','TRAFFIC SIGNAL','None Detected','None Detected','Cross/Enter at Intersection','IN ROADWAY IMPROPERLY','ON ROADWAY AT CROSSWALK',Yes,None,0.669648,0.893035,'Suspected Serious Injury'
MONTGOMERY,43382,6.933,'Maryland (State)',Pedestrian,'ANGLE MEETS RIGHT TURN',Clear,Dry,Dawn,'NO CONTROLS','None Detected','None Detected',Standing,None,SIDEWALK,No,None,0.601585,0.928734,'Possible Injury'
MONTGOMERY,45550,7.667,'Maryland (State)',' PEDALCYCLIST','Single Vehicle',Clear,Dry,Daylight,'TRAFFIC SIGNAL','None Detected','None Detected','Cross/Enter at Intersection',None,'AT AT INTERSECTION MARKED CROSSWALK',No,None,0.616434,0.929712,'Possible Injury'
MONTGOMERY,43332,20.433,'Maryland (State)',Pedestrian,'Single Vehicle',Cloudy,Dry,Dusk,'NO CONTROLS','None Detected','None Detected','Cross/Enter Not at Intersection',Dart/Dash,'ON ROADWAY AT CROSSWALK',Yes,None,0.582131,0.937117,'Fatal Injury'
MONTGOMERY,45456,7.583,County,Bicyclist,'Single Vehicle',Clear,Dry,Daylight,'NO CONTROLS','None Detected','None Detected','Walking/Cycling on Sidewalk',None,'AT INTERSECTION BUT NO CROSSWALK',No,Yes,0.584384,0.975034,'Suspected Minor Injury'
MONTGOMERY,42989,16.633,County,Pedestrian,'Single Vehicle',Cloudy,Dry,Daylight,'NO CONTROLS','None Detected','None Detected','Walking to/from school',Dart/Dash,'ON ROADWAY NOT AT CROSSWALK',Yes,None,0.655612,0.88001,'Suspected Minor Injury'
MONTGOMERY,42700,19.183,County,Pedestrian,'Single Vehicle',Clear,Dry,'Dark - Lighted','NO CONTROLS','None Detected','None Detected','Cross/Enter at Intersection',None,'ON ROADWAY AT CROSSWALK',No,None,0.603536,0.926501,'Suspected Serious Injury'
MONTGOMERY,43870,21.117,'Maryland (State)',Pedestrian,'Single Vehicle',Clear,Dry,'Dark - Lighted','TRAFFIC SIGNAL','None Detected','None Detected','Cross/Enter at Intersection',None,'ON ROADWAY AT CROSSWALK',No,None,0.567017,0.930335,'Suspected Minor Injury'
MONTGOMERY,43388,20.533,County,Pedestrian,'Single Vehicle',Clear,Dry,'Dark - Lighted','TRAFFIC SIGNAL','None Detected','None Detected','Cross/Enter Not at Intersection','IN ROADWAY IMPROPERLY','ON ROADWAY NOT AT CROSSWALK',Yes,None,0.518417,0.944027,'Suspected Minor Injury'
MONTGOMERY,43046,12.833,County,Bicyclist,'Single Vehicle',Rain,Wet,Daylight,'NO CONTROLS','None Detected','None Detected','Cross/Enter Not at Intersection',None,'ON ROADWAY NOT AT CROSSWALK',No,None,0.623108,0.985757,'Suspected Minor Injury'
MONTGOMERY,42502,10.15,County,Pedestrian,'Single Vehicle',Cloudy,Dry,Daylight,'NO CONTROLS','None Detected','None Detected','Cross/Enter at Intersection',None,'ON ROADWAY AT CROSSWALK',No,None,0.623108,0.87581,'Possible Injury'
MONTGOMERY,42433,18.467,County,Pedestrian,'Single Vehicle',Clear,Dry,'Dark - Lighted','NO CONTROLS','None Detected','None Detected','Cross/Enter at Intersection',None,'ON ROADWAY AT CROSSWALK',No,None,0.50662,0.94978,'Suspected Minor Injury'
MONTGOMERY,43841,21.4,'Maryland (State)',Pedestrian,'Single Vehicle',Clear,Dry,'Dark - Lighted','TRAFFIC SIGNAL','None Detected','None Detected','Cross/Enter Not at Intersection',Dart/Dash,'ON ROADWAY NOT AT CROSSWALK',Yes,None,0.575556,0.92417,'Suspected Serious Injury'
MONTGOMERY,43644,8.867,County,Pedestrian,'Single Vehicle',Clear,Dry,Daylight,'TRAFFIC SIGNAL','None Detected','None Detected','Cross/Enter at Intersection',None,'ON ROADWAY AT CROSSWALK',No,None,0.614894,0.939509,'Suspected Minor Injury'
MONTGOMERY,42487,8.5,County,Pedestrian,'Single Vehicle',Rain,Wet,Daylight,'TRAFFIC SIGNAL','None Detected','None Detected',' Working',None,'ON ROADWAY NOT AT CROSSWALK',No,None,0.491365,0.918393,'Suspected Minor Injury'
TAKOMA,44484,9.783,'Maryland (State)',Pedestrian,'SAME DIR REAR END',Clear,Dry,Daylight,'NO CONTROLS','None Detected','None Detected','Cross/Enter Not at Intersection',None,'ON ROADWAY AT CROSSWALK',No,None,0.486896,0.958301,'No Apparent Injury'
MONTGOMERY,42260,19.317,'Maryland (State)',Pedestrian,'Single Vehicle',Clear,Dry,Dusk,'TRAFFIC SIGNAL','None Detected','None Detected','Cross/Enter at Intersection',None,'ON ROADWAY AT CROSSWALK',No,None,0.552458,0.944653,'Suspected Serious Injury'
MONTGOMERY,43081,5.733,'US (State)',Pedestrian,'SAME DIRECTION SIDESWIPE',Clear,Dry,'Dark - Lighted','NO CONTROLS','None Detected','None Detected','Walking/Riding w/Traffic',None,SIDEWALK,No,None,0.558119,0.9624,'Possible Injury'
MONTGOMERY,44851,6.683,County,Pedestrian,'Single Vehicle',Clear,Dry,Dawn,'NO CONTROLS','None Detected','None Detected','Walking/Cycling on Sidewalk',None,SIDEWALK,No,None,0.629937,0.990959,'Suspected Serious Injury'
MONTGOMERY,43284,4.733,County,Pedestrian,'Single Vehicle',Rain,Wet,Dusk,PERSON,'None Detected','None Detected','Cross/Enter at Intersection',None,'ON ROADWAY AT CROSSWALK',No,None,0.467452,0.921878,'Suspected Minor Injury'
'Maryland-National Capital',43017,12.65,County,Pedestrian,'Single Vehicle',Clear,Dry,Daylight,'NO CONTROLS','None Detected','None Detected','Cross/Enter at Intersection',None,'INSIDE BUILDING',No,None,0.779585,0.837554,'No Apparent Injury'
MONTGOMERY,45301,7.583,'Maryland (State)',Pedestrian,'Single Vehicle',Clear,Dry,Daylight,'NO CONTROLS','None Detected','None Detected','Walking to/from school','IN ROADWAY IMPROPERLY','ON ROADWAY NOT AT CROSSWALK',Yes,None,0.681959,0.953196,'Suspected Minor Injury'
MONTGOMERY,43002,18.5,County,Pedestrian,'Single Vehicle',Clear,Dry,Dusk,'NO CONTROLS','None Detected','None Detected','Cross/Enter at Intersection',None,'ON ROADWAY AT CROSSWALK',No,None,0.571681,0.938006,'Suspected Serious Injury'
MONTGOMERY,42259,9.5,'US (State)',Pedestrian,'SAME DIRECTION RIGHT TURN',Cloudy,Dry,Daylight,'TRAFFIC SIGNAL','None Detected','None Detected','Cross/Enter at Intersection',None,'ON ROADWAY AT CROSSWALK',No,None,0.503055,0.948719,'Possible Injury'
MONTGOMERY,44670,5.917,County,Pedestrian,'Single Vehicle',Clear,Dry,'Dark - Lighted','NO CONTROLS','None Detected','None Detected','Cross/Enter at Intersection',None,'ON ROADWAY AT CROSSWALK',No,None,0.557777,0.962991,'Possible Injury'
ROCKVILLE,44690,5.5,County,Pedestrian,'Single Vehicle',Clear,Dry,'Dark - Lighted','NO CONTROLS','None Detected','None Detected','Walking/Riding w/Traffic',None,'ON ROADWAY AT CROSSWALK',No,None,0.595249,0.911436,'Suspected Minor Injury'
MONTGOMERY,44494,15.5,County,Pedestrian,'HEAD ON LEFT TURN',Clear,Dry,Daylight,'TRAFFIC SIGNAL','None Detected','None Detected','Cross/Enter at Intersection',None,'ON ROADWAY NOT AT CROSSWALK',Yes,None,0.717257,0.842151,'Suspected Minor Injury'
MONTGOMERY,42977,15.733,'Maryland (State)',Pedestrian,'Single Vehicle',Clear,Dry,Daylight,'NO CONTROLS','None Detected','None Detected',Standing,None,'ON ROADWAY NOT AT CROSSWALK',No,None,0.538469,0.906006,'Suspected Serious Injury'
MONTGOMERY,44880,19.167,Municipality,Pedestrian,'Single Vehicle',Rain,Wet,'Dark - Not Lighted','TRAFFIC SIGNAL','None Detected','None Detected','Cross/Enter at Intersection',None,'AT AT INTERSECTION MARKED CROSSWALK',No,None,0.696025,0.862711,'Suspected Minor Injury'
MONTGOMERY,43440,17.05,County,Bicyclist,'HEAD ON LEFT TURN',Clear,Dry,'Dark - Lighted','TRAFFIC SIGNAL','None Detected','None Detected','Cross/Enter at Intersection',Dart/Dash,'ON ROADWAY AT CROSSWALK',Yes,None,0.64258,0.891576,'Suspected Minor Injury'
MONTGOMERY,45567,12,County,Pedestrian,'Single Vehicle',Clear,Dry,Daylight,'STOP SIGN','None Detected','None Detected','Cross/Enter at Intersection',None,'AT AT INTERSECTION MARKED CROSSWALK',No,None,0.547341,0.958841,'Possible Injury'
MONTGOMERY,43754,17.5,'Maryland (State)',Pedestrian,'Single Vehicle',Clear,Dry,Daylight,'WARNING SIGN','None Detected','None Detected','Cross/Enter Not at Intersection',None,'ON ROADWAY AT CROSSWALK',No,None,0.509607,0.961117,'Suspected Serious Injury'
MONTGOMERY,43341,15.967,County,Pedestrian,'Single Vehicle',Clear,Dry,Daylight,'NO CONTROLS','None Detected','None Detected',Standing,None,'ON ROADWAY AT CROSSWALK',No,None,0.54602,0.925147,'Suspected Minor Injury'
MONTGOMERY,44385,17.25,County,Pedestrian,'Single Vehicle',Cloudy,Dry,Daylight,'NO CONTROLS','None Detected','None Detected',Standing,None,'ON ROADWAY AT CROSSWALK',No,None,0.535381,0.953826,'Possible Injury'
MONTGOMERY,44551,20.05,'Maryland (State)',Pedestrian,'STRAIGHT MOVEMENT ANGLE',Clear,Dry,Daylight,'TRAFFIC SIGNAL','None Detected','None Detected','Cross/Enter at Intersection',None,'ON ROADWAY NOT AT CROSSWALK',No,None,0.695296,0.837849,'No Apparent Injury'
MONTGOMERY,43879,18.533,'Maryland (State)',Pedestrian,'Single Vehicle',Clear,Dry,'Dark - Lighted','TRAFFIC SIGNAL','None Detected','None Detected','Cross/Enter at Intersection','IN ROADWAY IMPROPERLY','ON ROADWAY AT CROSSWALK',Yes,None,0.505175,0.94736,'Possible Injury'
MONTGOMERY,44848,9,County,Pedestrian,'Single Vehicle',Clear,Wet,Daylight,'NO CONTROLS','None Detected','None Detected',Standing,None,'AT INTERSECTION BUT NO CROSSWALK',No,Yes,0.572623,0.9722,'Possible Injury'
MONTGOMERY,44242,20.333,County,Pedestrian,'Single Vehicle',Rain,Wet,Dusk,'TRAFFIC SIGNAL','None Detected','ALCOHOL PRESENT','Cross/Enter at Intersection','FAILURE TO OBEY TRAFFIC SIGNS SIGNALS OR OFFICER','ON ROADWAY AT CROSSWALK',Yes,None,0.504757,0.948962,'Possible Injury'
MONTGOMERY,42698,19.5,'Maryland (State)',Pedestrian,'STRAIGHT MOVEMENT ANGLE',Clear,Dry,'Dark - Lighted','TRAFFIC SIGNAL','None Detected','None Detected','Cross/Enter at Intersection',None,'ON ROADWAY AT CROSSWALK',No,None,0.504776,0.944735,'Suspected Minor Injury'
MONTGOMERY,45628,7.533,County,Bicyclist,'STRAIGHT MOVEMENT ANGLE',Foggy,Wet,Daylight,'STOP SIGN','None Detected','None Detected','Cross/Enter at Intersection',None,'AT INTERSECTION BUT NO CROSSWALK',No,Yes,0.843171,0.889769,'Suspected Serious Injury'
MONTGOMERY,42636,15.15,'Maryland (State)',Bicyclist,'STRAIGHT MOVEMENT ANGLE',Clear,Dry,Daylight,'STOP SIGN','None Detected','None Detected','Walking/Riding against Traffic','IN ROADWAY IMPROPERLY','AT AT INTERSECTION MARKED CROSSWALK',Yes,None,0.728816,0.854435,'Possible Injury'
MONTGOMERY,45343,17.95,County,Bicyclist,'STRAIGHT MOVEMENT ANGLE',Clear,Dry,Dusk,'STOP SIGN','None Detected','None Detected','Cross/Enter at Intersection',Inattentive,'ON ROADWAY NOT AT CROSSWALK',Yes,Yes,0.495071,0.930604,'Suspected Minor Injury'
MONTGOMERY,42971,8.617,Municipality,Pedestrian,'Single Vehicle',Clear,Dry,Daylight,'NO CONTROLS','None Detected','None Detected','Cross/Enter at Intersection',None,'AT AT INTERSECTION MARKED CROSSWALK',No,None,0.608429,0.891746,'Suspected Minor Injury'
MONTGOMERY,42522,22.583,County,Pedestrian,'Single Vehicle',Clear,Dry,'Dark - Lighted','NO CONTROLS','None Detected','None Detected','Cross/Enter at Intersection',None,'ON ROADWAY AT CROSSWALK',No,None,0.616457,0.929722,'No Apparent Injury'
MONTGOMERY,42996,20.017,'Maryland (State)',Pedestrian,'Single Vehicle',Clear,Dry,'Dark - Lighted','TRAFFIC SIGNAL','None Detected','None Detected','Cross/Enter at Intersection',None,'ON ROADWAY AT CROSSWALK',No,None,0.504958,0.944516,'Suspected Serious Injury'
MONTGOMERY,44820,18.333,County,Pedestrian,'Single Vehicle',Clear,Dry,Daylight,'TRAFFIC SIGNAL','None Detected','None Detected','Cross/Enter at Intersection',None,'AT AT INTERSECTION MARKED CROSSWALK',No,None,0.531999,0.901988,'Possible Injury'
MONTGOMERY,43207,18.65,County,Pedestrian,'Single Vehicle',Clear,Dry,'Dark - Lighted','NO CONTROLS','None Detected','None Detected','Cross/Enter at Intersection',None,'ON ROADWAY AT CROSSWALK',No,None,0.501155,0.947084,'Suspected Minor Injury'
MONTGOMERY,43844,18.017,'Maryland (State)',Pedestrian,'Single Vehicle',Rain,Wet,'Dark - Lighted','TRAFFIC SIGNAL','None Detected','None Detected','Cross/Enter at Intersection',None,'ON ROADWAY AT CROSSWALK',No,None,0.69343,0.839401,'Suspected Minor Injury'
MONTGOMERY,42438,19.183,County,Pedestrian,'Single Vehicle',Clear,Dry,'Dark - Lighted','TRAFFIC SIGNAL','None Detected','None Detected','Cross/Enter at Intersection',None,'ON ROADWAY AT CROSSWALK',No,None,0.6697,0.893159,'Suspected Minor Injury'
ROCKVILLE,42417,18.583,Municipality,Pedestrian,'Single Vehicle',Clear,Dry,'Dark - Lighted','TRAFFIC SIGNAL','None Detected','None Detected','Cross/Enter Not at Intersection','IN ROADWAY IMPROPERLY','ON ROADWAY NOT AT CROSSWALK',Yes,None,0.599668,0.906038,'Suspected Minor Injury'
MONTGOMERY,43454,20.55,County,Pedestrian,'Single Vehicle',Rain,Wet,'Dark - Lighted','TRAFFIC SIGNAL','None Detected','None Detected','Cross/Enter at Intersection',None,'AT AT INTERSECTION MARKED CROSSWALK',No,None,0.575272,0.980754,'Suspected Minor Injury'
ROCKVILLE,43767,18.417,'Maryland (State)',Pedestrian,'Single Vehicle',Clear,Dry,'Dark - Lighted','TRAFFIC SIGNAL','None Detected','None Detected','Cross/Enter Not at Intersection',Dart/Dash,'ON ROADWAY NOT AT CROSSWALK',Yes,None,0.604382,0.89626,'No Apparent Injury'
MONTGOMERY,44617,16.1,Municipality,Pedestrian,'Single Vehicle',Clear,Dry,Daylight,'TRAFFIC SIGNAL','None Detected','None Detected','Cross/Enter at Intersection',None,'ON ROADWAY AT CROSSWALK',No,None,0.643131,0.88207,'Suspected Minor Injury'
MONTGOMERY,42961,15.717,County,Pedestrian,'Single Vehicle',Cloudy,Dry,Daylight,'NO CONTROLS','None Detected','None Detected','Cross/Enter Not at Intersection',None,'ON ROADWAY AT CROSSWALK',No,None,0.556962,0.965304,'Possible Injury'
MONTGOMERY,45345,20.05,'Interstate (State)',Pedestrian,'Single Vehicle',Clear,Dry,'Dark - Lighted','TRAFFIC SIGNAL','None Detected','ALCOHOL CONTRIBUTED','Cross/Enter at Intersection',Dart/Dash,'AT AT INTERSECTION MARKED CROSSWALK',Yes,None,0.690592,0.861883,'Possible Injury'
MONTGOMERY,42263,7.917,County,Pedestrian,'Single Vehicle',Clear,Dry,Daylight,'NO CONTROLS','None Detected','None Detected','Cross/Enter at Intersection',Dart/Dash,'ON ROADWAY NOT AT CROSSWALK',Yes,None,0.686604,0.83494,'Suspected Minor Injury'
MONTGOMERY,43178,19.917,'US (State)',Pedestrian,'Single Vehicle',Clear,Dry,'Dark - Lighted','TRAFFIC SIGNAL','None Detected','None Detected','Cross/Enter at Intersection',None,'ON ROADWAY AT CROSSWALK',No,None,0.588511,0.978403,'Suspected Minor Injury'
MONTGOMERY,43299,15.017,'Maryland (State)',Pedestrian,'Single Vehicle',Clear,Dry,Daylight,'NO CONTROLS','None Detected','None Detected','Walking/Riding w/Traffic',None,SIDEWALK,No,None,0.642203,0.888568,'Suspected Minor Injury'
MONTGOMERY,42317,21.5,County,Pedestrian,'STRAIGHT MOVEMENT ANGLE',Rain,Wet,'Dark - Not Lighted','STOP SIGN','None Detected','None Detected','Cross/Enter at Intersection',None,'AT AT INTERSECTION MARKED CROSSWALK',No,None,0.575149,0.975408,'Possible Injury'
MONTGOMERY,44502,8.85,County,' CONVEYANCE','Single Vehicle',Cloudy,Dry,Daylight,'NO CONTROLS','None Detected','None Detected','Cross/Enter at Intersection','FAILURE TO YIELD RIGHT OF WAY','ON ROADWAY AT CROSSWALK',Yes,Yes,0.503613,0.919801,'Suspected Minor Injury'
MONTGOMERY,42913,12.533,County,Pedestrian,'Single Vehicle',Clear,Dry,Daylight,'NO CONTROLS','None Detected','None Detected','Getting off/on Vehicle',None,'ON ROADWAY AT CROSSWALK',No,None,0.53326,0.883907,'Suspected Minor Injury'
MONTGOMERY,44589,23.117,'Maryland (State)',Pedestrian,'SAME DIR REND LEFT TURN',Rain,Wet,'Dark - Lighted','NO CONTROLS','None Detected','None Detected',Standing,None,SHOULDER,No,None,0.649514,0.966287,'Suspected Serious Injury'
MONTGOMERY,42982,20.617,County,Pedestrian,'Single Vehicle',Clear,Dry,'Dark - Lighted','TRAFFIC SIGNAL','None Detected','None Detected','Walking/Riding against Traffic','FAILURE TO OBEY TRAFFIC SIGNS SIGNALS OR OFFICER','ON ROADWAY NOT AT CROSSWALK',Yes,None,0.576863,0.927958,'Possible Injury'
MONTGOMERY,42197,13.917,County,Pedestrian,'Single Vehicle',Clear,Dry,Daylight,'NO CONTROLS','None Detected','None Detected',' Working',None,'ON ROADWAY AT CROSSWALK',No,None,0.553585,0.948831,'Suspected Minor Injury'
MONTGOMERY,43480,16.167,County,Pedestrian,'Single Vehicle',Clear,Dry,Daylight,'TRAFFIC SIGNAL','None Detected','None Detected','Cross/Enter at Intersection',None,'AT AT INTERSECTION MARKED CROSSWALK',No,None,0.584443,0.943148,'No Apparent Injury'
GAITHERSBURG,45603,7.333,Municipality,Pedestrian,'Single Vehicle',Clear,Dry,Daylight,'NO CONTROLS','None Detected','None Detected','Walking/Cycling on Sidewalk',None,SIDEWALK,No,None,0.672051,0.861761,'No Apparent Injury'
MONTGOMERY,43827,15.217,County,Pedestrian,'Single Vehicle',Clear,Dry,Daylight,'NO CONTROLS','None Detected','None Detected','Cross/Enter at Intersection','NOT VISIBLE','INSIDE BUILDING',No,None,0.669564,0.895357,'No Apparent Injury'
MONTGOMERY,43854,17.817,'Maryland (State)',Bicyclist,'OPPOSITE DIRECTION SIDESWIPE',Clear,Dry,'Dark - Lighted','STOP SIGN','None Detected','None Detected','Cross/Enter at Intersection',Dart/Dash,'AT INTERSECTION BUT NO CROSSWALK',Yes,None,0.682494,0.857952,'Possible Injury'