'Agency Name','Days after Jan 1','Hours past Midnight','Route Type','Related Non-Motorist','Collision Type',Weather,'Surface Condition',Light,'Traffic Control','Driver Substance Abuse','Non-Motorist Substance Abuse','Pedestrian Movement','Pedestrian Actions','Pedestrian Location','At Fault','Safety Equipment','Lat- Normalized','Long- Normalized','Injury Severity'
MONTGOMERY,43080,11.75,County,Bicyclist,'Single Vehicle',Clear,Dry,Daylight,'TRAFFIC SIGNAL','None Detected','None Detected','Walking/Riding w/Traffic',None,'ON ROADWAY AT CROSSWALK',No,Yes,0.490566,0.917534,'Suspected Minor Injury'
MONTGOMERY,45349,19.217,'Maryland (State)',Pedestrian,'Single Vehicle',Rain,Wet,'Dark - Lighted','TRAFFIC SIGNAL','None Detected','None Detected','Cross/Enter at Intersection',None,'ON ROADWAY AT CROSSWALK',No,None,0.510836,0.962768,'Possible Injury'
ROCKVILLE,42154,0.167,Municipality,Pedestrian,'Single Vehicle',Clear,Dry,'Dark - Not Lighted','NO CONTROLS','None Detected','None Detected',Standing,None,'ON ROADWAY NOT AT CROSSWALK',No,None,0.596006,0.905413,'Suspected Minor Injury'
MONTGOMERY,42627,7.5,County,Pedestrian,'Single Vehicle',Clear,Dry,Daylight,'STOP SIGN','None Detected','None Detected','Cross/Enter at Intersection',None,'ON ROADWAY AT CROSSWALK',No,None,0.574748,0.963284,'No Apparent Injury'
ROCKVILLE,44714,9,County,Pedestrian,'Single Vehicle',Clear,Dry,Daylight,'NO CONTROLS','None Detected','None Detected','Walking to/from school',Dart/Dash,'ON ROADWAY AT CROSSWALK',No,None,0.602027,0.896802,'Possible Injury'
MONTGOMERY,44394,12.967,County,' CONVEYANCE  Pedestrian','Single Vehicle',Clear,Dry,Daylight,'NO CONTROLS','None Detected','None Detected','Cross/Enter Not at Intersection',Inattentive,'ON ROADWAY NOT AT CROSSWALK',Yes,None,0.497293,0.918373,'Suspected Minor Injury'
MONTGOMERY,43035,15.767,County,Pedestrian,'STRAIGHT MOVEMENT ANGLE',Clear,Dry,Daylight,'NO CONTROLS','None Detected','None Detected',Standing,None,'ON ROADWAY AT CROSSWALK',No,None,0.622234,0.94178,'Suspected Serious Injury'
MONTGOMERY,42131,18.75,County,Pedestrian,'Single Vehicle',Clear,Dry,Daylight,'NO CONTROLS','None Detected','None Detected','Walking/Riding against Traffic',Dart/Dash,'ON ROADWAY NOT AT CROSSWALK',No,None,0.518658,0.890323,'Suspected Minor Injury'
MONTGOMERY,42062,12.433,County,Pedestrian,'Single Vehicle',Clear,Dry,Daylight,'NO CONTROLS','None Detected','None Detected',Standing,None,'INSIDE BUILDING',No,None,0.595883,0.942743,'Suspected Minor Injury'
MONTGOMERY,43821,13.683,County,Pedestrian,'Single Vehicle',Clear,Dry,Daylight,'NO CONTROLS','None Detected','None Detected','Cross/Enter at Intersection',None,'ON ROADWAY AT CROSSWALK',No,None,0.573482,0.974307,'Suspected Minor Injury'
MONTGOMERY,43226,3.05,'US (State)',Pedestrian,'Single Vehicle',Rain,Wet,'Dark - Lighted','TRAFFIC SIGNAL','None Detected','None Detected',Standing,None,'ON ROADWAY NOT AT CROSSWALK',No,None,0.595473,0.980185,'Fatal Injury'
MONTGOMERY,42283,4.75,'Maryland (State)',Pedestrian,'SAME DIR REAR END',Clear,Dry,'Dark - Lighted','NO CONTROLS','None Detected','None Detected','Walking/Riding w/Traffic','NOT VISIBLE','ON ROADWAY NOT AT CROSSWALK',No,None,0.759704,0.884414,'Possible Injury'
'Maryland-National Capital',43610,12.167,Government,Bicyclist,'SAME DIRECTION LEFT TURN',Clear,Dry,Daylight,'NO CONTROLS','None Detected','None Detected','Cross/Enter at Intersection',None,'ON ROADWAY AT CROSSWALK',No,Yes,0.500647,0.932712,'Possible Injury'
MONTGOMERY,43603,18.183,County,Bicyclist,'OPPOSITE DIRECTION SIDESWIPE',Clear,Dry,Daylight,'NO CONTROLS','None Detected','None Detected','Walking/Riding against Traffic','WRONG WAY RIDING OR WALKING','ON ROADWAY NOT AT CROSSWALK',Yes,Yes,0.527235,0.865958,'Suspected Minor Injury'
MONTGOMERY,44350,8.35,'Maryland (State)',Bicyclist,'STRAIGHT MOVEMENT ANGLE',Cloudy,Wet,Daylight,'NO CONTROLS','None Detected','None Detected','Walking/Cycling on Sidewalk',None,SIDEWALK,No,None,0.573289,0.938452,'Possible Injury'
MONTGOMERY,42192,8,'Maryland (State)',Pedestrian,'Single Vehicle',Clear,Dry,Daylight,'NO CONTROLS','None Detected','None Detected','Cross/Enter at Intersection',Dart/Dash,CURB,Yes,None,0.533427,0.941286,'Possible Injury'
GAITHERSBURG,44849,7.917,County,Pedestrian,'Single Vehicle',Clear,Dry,Daylight,'NO CONTROLS','None Detected','None Detected','Walking/Riding w/Traffic',None,'ON ROADWAY NOT AT CROSSWALK',No,Yes,0.666348,0.870154,'Suspected Minor Injury'
MONTGOMERY,42286,17.783,'Maryland (State)',Bicyclist,'Single Vehicle',Cloudy,Dry,Daylight,'NO CONTROLS','None Detected','None Detected','Walking/Cycling on Sidewalk','WRONG WAY RIDING OR WALKING','ON ROADWAY NOT AT CROSSWALK',Yes,None,0.691526,0.864899,'Suspected Minor Injury'
MONTGOMERY,44684,19.217,County,Pedestrian,'SAME DIR REAR END',Clear,Dry,Dusk,'NO CONTROLS','None Detected','None Detected','Push/Work on Vehicle','DISABLED VEHICLE RELATED','ON ROADWAY AT CROSSWALK',No,None,0.564548,0.971014,'Suspected Serious Injury'
TAKOMA,43055,17.5,Municipality,Pedestrian,'Single Vehicle',Clear,Dry,'Dark - Lighted','TRAFFIC SIGNAL','None Detected','None Detected','Cross/Enter at Intersection','NOT VISIBLE','ON ROADWAY AT CROSSWALK',No,None,0.489435,0.956205,'Possible Injury'
MONTGOMERY,42191,5.617,County,Pedestrian,'STRAIGHT MOVEMENT ANGLE',Cloudy,Dry,'Dark - Lighted','STOP SIGN','None Detected','None Detected','Getting off/on Vehicle',None,SHOULDER,No,None,0.577726,0.939285,'Suspected Minor Injury'
MONTGOMERY,43986,22.267,County,Pedestrian,'Single Vehicle',Rain,Wet,'Dark - Lighted','NO CONTROLS','None Detected','None Detected','Walking/Riding against Traffic','NOT VISIBLE',SHOULDER,No,None,0.717423,0.877352,'Suspected Minor Injury'
MONTGOMERY,42987,12.5,Municipality,Pedestrian,'Single Vehicle',Clear,Dry,Daylight,'STOP SIGN','None Detected','None Detected','Cross/Enter at Intersection',None,'AT AT INTERSECTION MARKED CROSSWALK',No,Yes,0.645906,0.865119,'Suspected Minor Injury'
MONTGOMERY,43085,12.817,County,Pedestrian,'Single Vehicle',Clear,Dry,Daylight,'NO CONTROLS','None Detected','None Detected','Cross/Enter at Intersection',None,'ON ROADWAY AT CROSSWALK',No,None,0.486647,0.917166,'Possible Injury'
MONTGOMERY,44375,16.25,County,Pedestrian,'Single Vehicle',Clear,Dry,Daylight,'NO CONTROLS','None Detected','None Detected','Getting off/on Vehicle',None,'ON ROADWAY AT CROSSWALK',Yes,None,0.649806,0.882557,'Suspected Serious Injury'
MONTGOMERY,45454,9.867,'Maryland (State)',Bicyclist,'SAME DIR REAR END',Clear,Dry,Daylight,'NO CONTROLS','None Detected','None Detected','Walking/Riding w/Traffic',None,SHOULDER,No,Yes,0.690325,0.961762,'Suspected Serious Injury'
MONTGOMERY,43861,18.917,County,Pedestrian,'Single Vehicle',Clear,Dry,'Dark - Lighted','STOP SIGN','None Detected','None Detected','Cross/Enter at Intersection',None,'ON ROADWAY AT CROSSWALK',No,None,0.542609,0.916087,'Suspected Serious Injury'
MONTGOMERY,45316,15.217,County,Pedestrian,'Single Vehicle',Cloudy,Wet,Daylight,'TRAFFIC SIGNAL','None Detected','None Detected','Cross/Enter at Intersection',None,'ON ROADWAY AT CROSSWALK',No,None,0.490737,0.918416,'Suspected Serious Injury'
TAKOMA,45615,21.017,'Maryland (State)',Pedestrian,'Single Vehicle',Clear,Dry,'Dark - Lighted','STOP SIGN','None Detected','None Detected','Cross/Enter at Intersection',None,'ON ROADWAY AT CROSSWALK',No,None,0.485847,0.959962,'Possible Injury'
MONTGOMERY,43771,16.417,'Maryland (State)',Bicyclist,'HEAD ON LEFT TURN',Clear,Dry,Daylight,'NO CONTROLS','None Detected','None Detected','Cross/Enter at Intersection',None,'AT INTERSECTION BUT NO CROSSWALK',No,Yes,0.641663,0.842922,'Suspected Serious Injury'
MONTGOMERY,42275,9.083,County,Pedestrian,'Single Vehicle',Cloudy,Dry,Daylight,'NO CONTROLS','None Detected','None Detected','Cross/Enter at Intersection',None,'ON ROADWAY AT CROSSWALK',No,None,0.513054,0.912379,'Suspected Minor Injury'
MONTGOMERY,45322,13,'Maryland (State)',Pedestrian,'Single Vehicle',Rain,Wet,Daylight,'NO CONTROLS','None Detected','None Detected','Cross/Enter at Intersection',None,'ON ROADWAY AT CROSSWALK',No,None,0.509188,0.947211,'Possible Injury'
GAITHERSBURG,44121,19,County,Bicyclist,'Single Vehicle',Clear,Dry,'Dark - Lighted','TRAFFIC SIGNAL','None Detected','None Detected','Cross/Enter at Intersection',None,'ON ROADWAY AT CROSSWALK',No,None,0.685911,0.875791,'Possible Injury'
MONTGOMERY,44077,20.5,'Maryland (State)',Pedestrian,'Single Vehicle',Cloudy,Wet,'Dark - Lighted','NO CONTROLS','None Detected','None Detected','Cross/Enter at Intersection',None,'ON ROADWAY AT CROSSWALK',No,None,0.508381,0.912338,'Suspected Minor Injury'
MONTGOMERY,43151,18.133,County,Pedestrian,'Single Vehicle',Clear,Dry,'Dark - Lighted','NO CONTROLS','None Detected','None Detected',Playing,'IN ROADWAY IMPROPERLY','ON ROADWAY AT CROSSWALK',Yes,None,0.64778,0.86635,'Suspected Serious Injury'
ROCKVILLE,44761,15.917,County,Pedestrian,'Single Vehicle',Clear,Dry,Daylight,'NO CONTROLS','None Detected','None Detected','Cross/Enter at Intersection',None,'ON ROADWAY AT CROSSWALK',No,None,0.596217,0.900258,'Suspected Minor Injury'
MONTGOMERY,44725,15.967,County,Pedestrian,'HEAD ON LEFT TURN',Clear,Dry,Daylight,'TRAFFIC SIGNAL','None Detected','None Detected','Cross/Enter at Intersection',None,'ON ROADWAY AT CROSSWALK',No,None,0.509045,0.959735,'Suspected Minor Injury'
MONTGOMERY,44327,18.517,County,Pedestrian,'Single Vehicle',Clear,Dry,Daylight,'NO CONTROLS','None Detected','None Detected','Cross/Enter at Intersection',None,'ON ROADWAY AT CROSSWALK',No,None,0.534743,0.971847,'Possible Injury'
MONTGOMERY,45569,18.383,' Public Roadway',Bicyclist,'STRAIGHT MOVEMENT ANGLE',Clear,Dry,Daylight,'TRAFFIC SIGNAL','None Detected','None Detected','Cross/Enter at Intersection',None,'ON ROADWAY AT CROSSWALK',No,None,0.729731,0.851595,'No Apparent Injury'
MONTGOMERY,44854,7.967,'Maryland (State)',Pedestrian,'STRAIGHT MOVEMENT ANGLE',Clear,Dry,Daylight,'NO CONTROLS','None Detected','None Detected','Cross/Enter Not at Intersection',Dart/Dash,'ON ROADWAY NOT AT CROSSWALK',Yes,None,0.577984,0.939558,'No Apparent Injury'
MONTGOMERY,42936,14.45,County,Pedestrian,'Single Vehicle',Clear,Dry,Daylight,'NO CONTROLS','None Detected','None Detected','Cross/Enter at Intersection',None,'ON ROADWAY AT CROSSWALK',No,None,0.600931,0.925575,'No Apparent Injury'
MONTGOMERY,45521,18.65,'Maryland (State)',Pedestrian,'STRAIGHT MOVEMENT ANGLE',Clear,Dry,Daylight,'NO CONTROLS','None Detected','None Detected','Cross/Enter at Intersection',None,SIDEWALK,No,None,0.592264,0.932781,'Suspected Minor Injury'
MONTGOMERY,45317,16.3,County,Pedestrian,'Single Vehicle',Clear,Dry,Daylight,'NO CONTROLS','None Detected','None Detected','Cross/Enter at Intersection',None,'ON ROADWAY AT CROSSWALK',No,None,0.696406,0.884675,'Suspected Minor Injury'
MONTGOMERY,44814,18,'Maryland (State)',' CONVEYANCE','STRAIGHT MOVEMENT ANGLE',Clear,Dry,Daylight,'TRAFFIC SIGNAL','None Detected','None Detected','Cross/Enter at Intersection','FAILURE TO YIELD RIGHT OF WAY','AT AT INTERSECTION MARKED CROSSWALK',Yes,None,0.57532,0.924096,'No Apparent Injury'
MONTGOMERY,42581,20.9,'Maryland (State)',Pedestrian,'Single Vehicle',Rain,Wet,'Dark - Lighted','NO CONTROLS','None Detected','None Detected','Cross/Enter Not at Intersection',Dart/Dash,'ON ROADWAY NOT AT CROSSWALK',Yes,None,0.606284,0.926253,'No Apparent Injury'
MONTGOMERY,42767,18.333,County,Pedestrian,'Single Vehicle',Clear,Dry,'Dark - Lighted','NO CONTROLS','None Detected','None Detected','Walking/Cycling on Sidewalk',None,SIDEWALK,No,None,0.558576,0.938038,'Possible Injury'
GAITHERSBURG,42652,17.85,'Maryland (State)',Bicyclist,'Single Vehicle',Clear,Dry,Daylight,'TRAFFIC SIGNAL','None Detected','None Detected','Cross/Enter at Intersection',None,'ON ROADWAY AT CROSSWALK',Yes,None,0.65846,0.855974,'Suspected Serious Injury'
MONTGOMERY,43596,15.383,County,Bicyclist,'SAME DIRECTION LEFT TURN',Clear,Wet,Daylight,'NO CONTROLS','None Detected','None Detected','Walking/Riding w/Traffic','FAILURE TO YIELD RIGHT OF WAY','IN BIKEWAY',Yes,None,0.48966,0.918611,'Suspected Minor Injury'
MONTGOMERY,42131,15.617,County,Bicyclist,'STRAIGHT MOVEMENT ANGLE',Clear,Dry,Daylight,'TRAFFIC SIGNAL','None Detected','None Detected','Cross/Enter at Intersection','FAILURE TO YIELD RIGHT OF WAY','ON ROADWAY NOT AT CROSSWALK',No,None,0.68164,0.895849,'Suspected Minor Injury'
MONTGOMERY,42378,13.467,County,Pedestrian,'Single Vehicle',Rain,Dry,Daylight,'NO CONTROLS','None Detected','ALCOHOL CONTRIBUTED','Cross/Enter at Intersection',Inattentive,'ON ROADWAY AT CROSSWALK',No,None,0.576903,0.924003,'Suspected Minor Injury'
MONTGOMERY,42129,11.083,'Maryland (State)',Pedestrian,'Single Vehicle',Clear,Dry,Daylight,'TRAFFIC SIGNAL','None Detected','None Detected','Cross/Enter at Intersection',None,'ON ROADWAY AT CROSSWALK',No,None,0.484992,0.920808,'Possible Injury'
GAITHERSBURG,44845,13.917,County,Pedestrian,'STRAIGHT MOVEMENT ANGLE',Clear,Dry,Daylight,'STOP SIGN','None Detected','None Detected','Cross/Enter at Intersection',None,'ON ROADWAY AT CROSSWALK',No,None,0.690764,0.863303,'Suspected Minor Injury'
MONTGOMERY,43592,15,County,Bicyclist,'Single Vehicle',Clear,Dry,Daylight,'STOP SIGN','None Detected','None Detected','Cross/Enter at Intersection','FAILURE TO OBEY TRAFFIC SIGNS SIGNALS OR OFFICER','AT INTERSECTION BUT NO CROSSWALK',Yes,None,0.56955,0.937484,'Suspected Serious Injury'
MONTGOMERY,43805,19.083,County,Pedestrian,'STRAIGHT MOVEMENT ANGLE',Clear,Dry,'Dark - Lighted','NO CONTROLS','None Detected','None Detected','Walking/Cycling on Sidewalk',None,SIDEWALK,No,None,0.68087,0.869998,'Suspected Serious Injury'
MONTGOMERY,44710,11,County,Bicyclist,'SAME DIR REAR END',Clear,Dry,Daylight,'STOP SIGN','None Detected','None Detected','Walking/Riding w/Traffic',None,'ON ROADWAY NOT AT CROSSWALK',Yes,Yes,0.563851,0.864791,'No Apparent Injury'
MONTGOMERY,43007,18.383,'Maryland (State)',Pedestrian,'Single Vehicle',Clear,Dry,Dusk,'TRAFFIC SIGNAL','None Detected','None Detected','Cross/Enter at Intersection','FAILURE TO OBEY TRAFFIC SIGNS SIGNALS OR OFFICER','ON ROADWAY AT CROSSWALK',Yes,None,0.485625,0.916335,'Suspected Minor Injury'
MONTGOMERY,42825,13.217,County,Pedestrian,'Single Vehicle',Rain,Dry,Daylight,'NO CONTROLS','None Detected','None Detected',' Working',None,'ON ROADWAY AT CROSSWALK',No,None,0.64409,0.877766,'Possible Injury'
MONTGOMERY,42244,6.25,'Maryland (State)',Bicyclist,'SAME DIR REAR END',Clear,Dry,Dawn,'NO CONTROLS','None Detected','None Detected','Walking/Riding w/Traffic',None,SHOULDER,No,Yes,0.470882,0.906486,'Fatal Injury'
ROCKVILLE,43879,12,Municipality,Pedestrian,'Single Vehicle',Clear,Dry,Daylight,'TRAFFIC SIGNAL','None Detected','None Detected','Cross/Enter at Intersection',None,'ON ROADWAY AT CROSSWALK',No,None,0.621104,0.901816,'No Apparent Injury'
MONTGOMERY,43013,19.15,County,Pedestrian,'Single Vehicle',Clear,Dry,'Dark - Not Lighted','NO CONTROLS','None Detected','None Detected','Cross/Enter at Intersection',Dart/Dash,'ON ROADWAY NOT AT CROSSWALK',Yes,None,0.603047,0.932605,'Suspected Minor Injury'
MONTGOMERY,42581,22.667,'Maryland (State)',Pedestrian,'Single Vehicle',Rain,Wet,'Dark - Lighted',PERSON,'None Detected','None Detected',Standing,None,'ON ROADWAY NOT AT CROSSWALK',No,Yes,0.764822,0.934298,'Possible Injury'
MONTGOMERY,42905,14.4,County,Pedestrian,'SAME DIRECTION SIDESWIPE',Clear,Dry,Daylight,'NO CONTROLS','None Detected','None Detected','Cross/Enter at Intersection',None,CURB,No,None,0.683785,0.921811,'Possible Injury'
ROCKVILLE,44553,12.183,'Maryland (State)',Pedestrian,'Single Vehicle',Clear,Dry,Daylight,'NO CONTROLS','None Detected','None Detected','Walking/Cycling on Sidewalk',None,'DRIVEWAY ACCESS MARKED CROSSWALK',No,None,0.610955,0.894499,'Suspected Minor Injury'
ROCKVILLE,44714,9,County,Pedestrian,'Single Vehicle',Clear,Dry,Daylight,'NO CONTROLS','None Detected','None Detected','Walking to/from school',Dart/Dash,'ON ROADWAY AT CROSSWALK',No,None,0.602027,0.896802,'No Apparent Injury'
ROCKVILLE,44010,8.567,Municipality,Pedestrian,'STRAIGHT MOVEMENT ANGLE',Clear,Dry,Daylight,'TRAFFIC SIGNAL','None Detected','None Detected','Cross/Enter at Intersection',None,'ON ROADWAY AT CROSSWALK',No,None,0.587216,0.883988,'Possible Injury'
MONTGOMERY,45616,18.083,County,Pedestrian,'Single Vehicle',Clear,Dry,'Dark - Lighted','TRAFFIC SIGNAL','None Detected','None Detected','Walking/Riding w/Traffic',None,'ON ROADWAY AT CROSSWALK',No,None,0.696111,0.871863,'Possible Injury'
MONTGOMERY,42818,18.167,County,Pedestrian,'Single Vehicle',Clear,Dry,Daylight,'NO CONTROLS','None Detected','None Detected',Playing,Dart/Dash,SHOULDER,Yes,None,0.681138,0.887347,'Suspected Minor Injury'
MONTGOMERY,45555,12.3,County,Pedestrian,'Single Vehicle',Clear,Dry,Daylight,'NO CONTROLS','ALCOHOL PRESENT','None Detected',Standing,None,CURB,No,None,0.71597,0.85547,'Suspected Serious Injury'
MONTGOMERY,44140,19,'Maryland (State)',Pedestrian,'Single Vehicle',Clear,Dry,'Dark - Lighted','NO CONTROLS','None Detected','None Detected','Cross/Enter at Intersection',Dart/Dash,'ON ROADWAY NOT AT CROSSWALK',Yes,None,0.602398,0.928241,'Suspected Serious Injury'
MONTGOMERY,44143,16.25,County,Pedestrian,'STRAIGHT MOVEMENT ANGLE',Clear,Dry,Daylight,'NO CONTROLS','None Detected','None Detected',' Working',None,'ON ROADWAY AT CROSSWALK',No,None,0.692435,0.871879,'Possible Injury'
MONTGOMERY,44529,10.067,County,Pedestrian,'Single Vehicle',Clear,Dry,Daylight,'NO CONTROLS','None Detected','None Detected',' Working',Inattentive,'ON ROADWAY NOT AT CROSSWALK',Yes,None,0.486491,0.91557,'Suspected Serious Injury'
MONTGOMERY,43300,19.767,County,Bicyclist,'HEAD ON LEFT TURN',Clear,Dry,Dawn,'NO CONTROLS','None Detected','None Detected','Walking/Riding w/Traffic',None,'ON ROADWAY NOT AT CROSSWALK',No,Yes,0.605717,0.933821,'Suspected Minor Injury'
GAITHERSBURG,43815,18.75,County,Pedestrian,'Single Vehicle',Rain,Dry,'Dark - Lighted','NO CONTROLS','None Detected','None Detected','Cross/Enter at Intersection',None,'AT AT INTERSECTION MARKED CROSSWALK',No,None,0.643446,0.869054,'Suspected Minor Injury'
MONTGOMERY,43437,10.5,County,Pedestrian,'Single Vehicle',Clear,Dry,Daylight,'NO CONTROLS','None Detected','None Detected','Cross/Enter at Intersection',None,'ON ROADWAY AT CROSSWALK',No,None,0.636265,0.932212,'Possible Injury'
MONTGOMERY,43150,14.3,County,Pedestrian,'Single Vehicle',Rain,Wet,Daylight,'TRAFFIC SIGNAL','None Detected','None Detected','Cross/Enter at Intersection','FAILURE TO OBEY TRAFFIC SIGNS SIGNALS OR OFFICER','AT AT INTERSECTION MARKED CROSSWALK',Yes,None,0.577776,0.938725,'Suspected Minor Injury'
MONTGOMERY,45648,19.283,'Maryland (State)',Pedestrian,'STRAIGHT MOVEMENT ANGLE',Clear,Dry,'Dark - Lighted','NO CONTROLS','None Detected','None Detected','Cross/Enter Not at Intersection','FAILURE TO YIELD RIGHT OF WAY','ON ROADWAY NOT AT CROSSWALK',Yes,None,0.602402,0.928164,'Possible Injury'
GAITHERSBURG,43385,10,Municipality,Pedestrian,'Single Vehicle',Cloudy,Dry,Daylight,'TRAFFIC SIGNAL','None Detected','None Detected','Cross/Enter at Intersection',None,'ON ROADWAY AT CROSSWALK',No,None,0.658846,0.859175,'Suspected Serious Injury'
ROCKVILLE,42472,15.667,'Maryland (State)',Bicyclist,'STRAIGHT MOVEMENT ANGLE',Clear,Dry,Daylight,'NO CONTROLS','None Detected','None Detected','Walking/Cycling on Sidewalk',None,SIDEWALK,No,Yes,0.59871,0.899366,'Suspected Minor Injury'
MONTGOMERY,45487,17.533,Municipality,Pedestrian,'Single Vehicle',Rain,Wet,Daylight,'STOP SIGN','None Detected','None Detected','Cross/Enter at Intersection',None,'ON ROADWAY AT CROSSWALK',No,None,0.64712,0.871512,'Suspected Minor Injury'
ROCKVILLE,43820,17.917,Municipality,Bicyclist,'Single Vehicle',Clear,Dry,'Dark - Lighted','STOP SIGN','None Detected','None Detected','Cross/Enter at Intersection',None,'ON ROADWAY AT CROSSWALK',No,Yes,0.614418,0.900865,'No Apparent Injury'
ROCKVILLE,44577,11.417,'Maryland (State)',Pedestrian,'Single Vehicle',Clear,Dry,Daylight,'TRAFFIC SIGNAL','None Detected','ALCOHOL PRESENT','Cross/Enter at Intersection',Dart/Dash,'ON ROADWAY AT CROSSWALK',Yes,None,0.596982,0.909738,'Possible Injury'
MONTGOMERY,44389,6.833,County,Bicyclist,'STRAIGHT MOVEMENT ANGLE',Clear,Dry,Daylight,'TRAFFIC SIGNAL','None Detected','None Detected','Cross/Enter at Intersection','IN ROADWAY IMPROPERLY','ON ROADWAY AT CROSSWALK',Yes,None,0.500008,0.94893,'No Apparent Injury'
MONTGOMERY,43836,6.267,'Maryland (State)',Pedestrian,'Single Vehicle',Clear,Dry,'Dark - Lighted','NO CONTROLS','None Detected','None Detected','Cross/Enter Not at Intersection',None,'ON ROADWAY NOT AT CROSSWALK',No,None,0.602167,0.928081,'Possible Injury'
MONTGOMERY,43823,14.833,County,Pedestrian,'Single Vehicle',Clear,Dry,Daylight,'NO CONTROLS','None Detected','None Detected','Cross/Enter at Intersection',None,'ON ROADWAY AT CROSSWALK',No,None,0.599093,0.959129,'Possible Injury'
MONTGOMERY,45457,8.683,County,Bicyclist,'Single Vehicle',Rain,Dry,Daylight,'STOP SIGN','None Detected','None Detected','Cross/Enter at Intersection','FAILURE TO YIELD RIGHT OF WAY','ON ROADWAY NOT AT CROSSWALK',Yes,None,0.690129,0.864698,'Suspected Minor Injury'
MONTGOMERY,42046,22.117,'Maryland (State)',Bicyclist,'Single Vehicle',Clear,Dry,'Dark - Lighted','NO CONTROLS','None Detected','None Detected','Walking/Riding w/Traffic',None,'ON ROADWAY NOT AT CROSSWALK',No,Yes,0.613956,0.925564,'Suspected Serious Injury'
MONTGOMERY,43438,17.25,County,Pedestrian,'Single Vehicle',Clear,Dry,Dusk,'NO CONTROLS','None Detected','None Detected','Cross/Enter at Intersection',None,'AT AT INTERSECTION MARKED CROSSWALK',No,None,0.57085,0.938959,'Possible Injury'
MONTGOMERY,43449,17.417,County,Pedestrian,'Single Vehicle',Rain,Wet,'Dark - Not Lighted','NO CONTROLS','None Detected','None Detected','Cross/Enter at Intersection','NOT VISIBLE','ON ROADWAY AT CROSSWALK',No,None,0.554624,0.963204,'Suspected Minor Injury'
MONTGOMERY,44560,15.633,'Maryland (State)',Bicyclist,'Single Vehicle',Clear,Wet,Daylight,'TRAFFIC SIGNAL','None Detected','None Detected','Cross/Enter at Intersection','FAILURE TO YIELD RIGHT OF WAY','ON ROADWAY NOT AT CROSSWALK',Yes,None,0.555128,0.937494,'Suspected Minor Injury'
MONTGOMERY,43996,12.567,'Maryland (State)',Pedestrian,'Single Vehicle',Clear,Dry,Daylight,'NO CONTROLS','None Detected','None Detected','Cross/Enter Not at Intersection',Dart/Dash,'ON ROADWAY NOT AT CROSSWALK',Yes,None,0.527506,0.916808,'Suspected Minor Injury'
MONTGOMERY,42258,16.15,County,Pedestrian,'Single Vehicle',Clear,Dry,Daylight,'NO CONTROLS','None Detected','None Detected','Cross/Enter Not at Intersection','IN ROADWAY IMPROPERLY','ON ROADWAY NOT AT CROSSWALK',Yes,None,0.492282,0.919837,'Suspected Minor Injury'
MONTGOMERY,45508,23.5,'Maryland (State)',Pedestrian,'Single Vehicle',Clear,Dry,'Dark - Lighted','NO CONTROLS','None Detected','None Detected','Cross/Enter at Intersection',None,'ON ROADWAY NOT AT CROSSWALK',No,None,0.518657,0.961718,'Suspected Serious Injury'
MONTGOMERY,44627,19.1,'Maryland (State)',Pedestrian,'Single Vehicle',Clear,Dry,'Dark - Lighted','TRAFFIC SIGNAL','None Detected','None Detected','Cross/Enter at Intersection',None,'AT AT INTERSECTION MARKED CROSSWALK',No,None,0.528637,0.970297,'Possible Injury'
MONTGOMERY,42493,16.033,County,Pedestrian,'Single Vehicle',Cloudy,Dry,Daylight,'TRAFFIC SIGNAL','None Detected','None Detected','Cross/Enter at Intersection',None,'ON ROADWAY AT CROSSWALK',No,None,0.647954,0.880184,'No Apparent Injury'
MONTGOMERY,45367,15.517,County,Pedestrian,'Single Vehicle',Clear,Dry,Daylight,'NO CONTROLS','None Detected','None Detected','Cross/Enter at Intersection','IN ROADWAY IMPROPERLY','ON ROADWAY NOT AT CROSSWALK',Yes,None,0.500649,0.948389,'Possible Injury'
MONTGOMERY,43698,18.75,County,Pedestrian,'Single Vehicle',Rain,Dry,Daylight,'NO CONTROLS','None Detected','None Detected','Cross/Enter at Intersection','NOT VISIBLE','ON ROADWAY AT CROSSWALK',No,None,0.626582,0.928458,'Suspected Minor Injury'
MONTGOMERY,42804,16.517,County,Pedestrian,'Single Vehicle',Clear,Dry,Daylight,'NO CONTROLS','None Detected','None Detected','Cross/Enter at Intersection',None,'ON ROADWAY AT CROSSWALK',No,None,0.487422,0.917072,'Suspected Minor Injury'
MONTGOMERY,42843,16.75,County,Pedestrian,'Single Vehicle',Clear,Dry,Daylight,'NO CONTROLS','None Detected','None Detected','Cross/Enter at Intersection',None,'ON ROADWAY AT CROSSWALK',No,None,0.501633,0.919161,'No Apparent Injury'
MONTGOMERY,45467,12.65,'Maryland (State)',Bicyclist,'SAME DIR REAR END',Clear,Dry,Daylight,'NO CONTROLS','None Detected','None Detected','Walking/Riding w/Traffic',Inattentive,'ON ROADWAY AT CROSSWALK',Yes,Yes,0.635859,0.994642,'Suspected Serious Injury'