'Agency Name','Days after Jan 1','Hours past Midnight','Route Type','Related Non-Motorist','Collision Type',Weather,'Surface Condition',Light,'Traffic Control','Driver Substance Abuse','Non-Motorist Substance Abuse','Pedestrian Movement','Pedestrian Actions','Pedestrian Location','At Fault','Safety Equipment','Lat- Normalized','Long- Normalized','Injury Severity'
MONTGOMERY,43634,11.167,County,Pedestrian,'HEAD ON LEFT TURN',Clear,Dry,Daylight,'STOP SIGN','None Detected','None Detected','Cross/Enter at Intersection',None,'AT AT INTERSECTION MARKED CROSSWALK',No,None,0.572241,0.974723,'Possible Injury'
MONTGOMERY,43790,14.667,County,Pedestrian,'Single Vehicle',Clear,Dry,Daylight,'NO CONTROLS','None Detected','None Detected','Walking/Cycling on Sidewalk',None,SIDEWALK,No,None,0.504719,0.950149,'Possible Injury'
MONTGOMERY,43645,14.5,'Maryland (State)',Pedestrian,'Single Vehicle',Clear,Dry,Daylight,'TRAFFIC SIGNAL','None Detected','None Detected','Cross/Enter at Intersection',None,'AT AT INTERSECTION MARKED CROSSWALK',No,None,0.555822,0.935608,'Possible Injury'
MONTGOMERY,43783,18.25,County,Pedestrian,'Single Vehicle',Clear,Dry,'Dark - Lighted','NO CONTROLS','None Detected','None Detected','Walking/Riding against Traffic',None,SHOULDER,No,None,0.503176,0.902876,'Suspected Minor Injury'
MONTGOMERY,43430,16.3,County,Pedestrian,'Single Vehicle',Rain,Wet,Daylight,'TRAFFIC SIGNAL','None Detected','None Detected','Cross/Enter at Intersection','FAILURE TO YIELD RIGHT OF WAY','ON ROADWAY AT CROSSWALK',Yes,None,0.713752,0.844279,'Suspected Minor Injury'
MONTGOMERY,42631,2.35,'US (State)',Pedestrian,'Single Vehicle',Clear,Dry,'Dark - Lighted','NO CONTROLS','None Detected','ALCOHOL PRESENT','Cross/Enter at Intersection','IN ROADWAY IMPROPERLY','ON ROADWAY NOT AT CROSSWALK',Yes,None,0.502592,0.949008,'Suspected Serious Injury'
MONTGOMERY,42218,16.117,'Maryland (State)',Pedestrian,'Single Vehicle',Clear,Dry,Daylight,'TRAFFIC SIGNAL','None Detected','None Detected','Walking/Riding against Traffic','FAILURE TO YIELD RIGHT OF WAY','ON ROADWAY NOT AT CROSSWALK',Yes,None,0.745636,0.852568,'Suspected Serious Injury'
MONTGOMERY,42493,14.55,'Maryland (State)',Pedestrian,'Single Vehicle',Clear,Dry,Daylight,'TRAFFIC SIGNAL','None Detected','None Detected','Cross/Enter Not at Intersection','FAILURE TO YIELD RIGHT OF WAY','ON ROADWAY NOT AT CROSSWALK',Yes,None,0.597953,0.959832,'Possible Injury'
MONTGOMERY,44334,16.45,'Maryland (State)',Bicyclist,'Single Vehicle',Clear,Dry,Daylight,'TRAFFIC SIGNAL','None Detected','None Detected','Cross/Enter at Intersection','IN ROADWAY IMPROPERLY','ON ROADWAY AT CROSSWALK',Yes,Yes,0.672105,0.867891,'Suspected Minor Injury'
MONTGOMERY,43851,15.367,County,Pedestrian,'Single Vehicle',Clear,Dry,Daylight,'TRAFFIC SIGNAL','None Detected','None Detected','Cross/Enter Not at Intersection','IN ROADWAY IMPROPERLY','ON ROADWAY NOT AT CROSSWALK',Yes,None,0.62238,0.875086,'Suspected Serious Injury'
MONTGOMERY,42963,9.883,County,Pedestrian,'Single Vehicle',Clear,Dry,Daylight,'NO CONTROLS','None Detected','None Detected','Walking/Cycling on Sidewalk',None,SIDEWALK,No,None,0.491996,0.917854,'Possible Injury'
'Maryland-National Capital',42086,8.417,Municipality,Bicyclist,'STRAIGHT MOVEMENT ANGLE',Clear,Dry,Daylight,'YIELD SIGN','None Detected','None Detected','Cross/Enter at Intersection',None,'ON ROADWAY AT CROSSWALK',No,Yes,0.475002,0.916105,'Suspected Minor Injury'
MONTGOMERY,45331,12.5,County,Bicyclist,'HEAD ON LEFT TURN',Cloudy,Dry,Daylight,'STOP SIGN','None Detected','None Detected','Walking/Riding against Traffic','WRONG WAY RIDING OR WALKING',SHOULDER,Yes,Yes,0.584963,0.947833,'Suspected Minor Injury'
MONTGOMERY,43781,17.033,'US (State)',Pedestrian,'Single Vehicle',Clear,Dry,'Dark - Lighted','TRAFFIC SIGNAL','None Detected','None Detected','Cross/Enter at Intersection',None,'AT AT INTERSECTION MARKED CROSSWALK',No,None,0.516461,0.949913,'Suspected Minor Injury'
ROCKVILLE,42040,18.317,'Maryland (State)',Pedestrian,'Single Vehicle',Clear,Dry,'Dark - Lighted','TRAFFIC SIGNAL','None Detected','None Detected','Cross/Enter at Intersection','FAILURE TO YIELD RIGHT OF WAY','ON ROADWAY AT CROSSWALK',No,None,0.626525,0.89259,'Suspected Minor Injury'
MONTGOMERY,43634,7.3,County,Pedestrian,'Single Vehicle',Cloudy,Dry,Daylight,'NO CONTROLS','None Detected','None Detected','Cross/Enter Not at Intersection',None,SIDEWALK,No,None,0.506257,0.944854,'No Apparent Injury'
MONTGOMERY,45365,8.95,County,Bicyclist,'STRAIGHT MOVEMENT ANGLE',Clear,Dry,Daylight,'NO CONTROLS','None Detected','None Detected','Walking/Riding w/Traffic',None,'ON ROADWAY NOT AT CROSSWALK',No,Yes,0.573566,0.883571,'Suspected Minor Injury'
MONTGOMERY,42503,13.117,County,Pedestrian,'Single Vehicle',Rain,Dry,Daylight,'NO CONTROLS','None Detected','None Detected','Cross/Enter at Intersection',None,'ON ROADWAY NOT AT CROSSWALK',No,None,0.715651,0.841104,'Suspected Minor Injury'
MONTGOMERY,43424,14,County,Pedestrian,'Single Vehicle',Clear,Dry,Daylight,'NO CONTROLS','None Detected','None Detected','Cross/Enter at Intersection','ENTERING EXITING PARKED STANDING VEHICLE','ON ROADWAY AT CROSSWALK',No,None,0.685439,0.931148,'Suspected Minor Injury'
MONTGOMERY,45461,18.833,'Maryland (State)',' CONVEYANCE  Pedestrian','Single Vehicle',Clear,Dry,Daylight,'STOP SIGN','None Detected','None Detected','Cross/Enter at Intersection',None,'ON ROADWAY AT CROSSWALK',No,None,0.567865,0.937777,'No Apparent Injury'
MONTGOMERY,42230,22.333,County,Pedestrian,'Single Vehicle',Clear,Dry,'Dark - Lighted','NO CONTROLS','None Detected','ALCOHOL PRESENT','Cross/Enter at Intersection',Inattentive,'OUTSIDE RIGHT OF WAY',Yes,None,0.507338,0.950085,'No Apparent Injury'
MONTGOMERY,42453,18.283,County,Pedestrian,'Single Vehicle',Clear,Dry,Daylight,'TRAFFIC SIGNAL','None Detected','None Detected','Cross/Enter at Intersection',None,'ON ROADWAY AT CROSSWALK',No,None,0.590375,0.914532,'Possible Injury'
MONTGOMERY,44158,22.267,County,' CONVEYANCE','STRAIGHT MOVEMENT ANGLE',Clear,Dry,'Dark - Lighted','NO CONTROLS','None Detected','None Detected','Cross/Enter at Intersection','FAILURE TO YIELD RIGHT OF WAY','ON ROADWAY AT CROSSWALK',Yes,None,0.614573,0.937036,'Possible Injury'
MONTGOMERY,44468,11.583,'Maryland (State)',Bicyclist,'Single Vehicle',Clear,Dry,Daylight,'NO CONTROLS','None Detected','None Detected','Cross/Enter at Intersection',None,'DRIVEWAY ACCESS MARKED CROSSWALK',No,None,0.601714,0.925193,'Possible Injury'
MONTGOMERY,42619,9.45,Municipality,Pedestrian,'Single Vehicle',Clear,Dry,Daylight,'STOP SIGN','None Detected','None Detected','Cross/Enter at Intersection',None,'AT INTERSECTION BUT NO CROSSWALK',No,None,0.69712,0.865117,'Suspected Serious Injury'
MONTGOMERY,43096,19.233,' Public Roadway',Pedestrian,'Single Vehicle',Clear,Dry,Dusk,'NO CONTROLS','None Detected','None Detected','Cross/Enter Not at Intersection',None,'ON ROADWAY AT CROSSWALK',No,None,0.714253,0.8448,'Suspected Minor Injury'
MONTGOMERY,45647,15.567,'Maryland (State)',Pedestrian,'Single Vehicle',Cloudy,Dry,Daylight,'NO CONTROLS','None Detected','None Detected','Cross/Enter Not at Intersection',Dart/Dash,'ON ROADWAY NOT AT CROSSWALK',Yes,None,0.676033,0.780713,'Suspected Minor Injury'
MONTGOMERY,44718,16,Ramp,Pedestrian,'Single Vehicle',Clear,Dry,Daylight,'TRAFFIC SIGNAL','None Detected','None Detected','Cross/Enter at Intersection',None,'ON ROADWAY AT CROSSWALK',No,None,0.638939,0.992146,'No Apparent Injury'
MONTGOMERY,43847,17.783,'US (State)',Pedestrian,'Single Vehicle',Clear,Dry,'Dark - Lighted','TRAFFIC SIGNAL','None Detected','None Detected','Cross/Enter at Intersection',None,'ON ROADWAY AT CROSSWALK',No,None,0.503489,0.948885,'Suspected Minor Injury'
MONTGOMERY,42856,5.967,County,Pedestrian,'Single Vehicle',Clear,Dry,Dawn,'TRAFFIC SIGNAL','None Detected','None Detected','Walking/Riding against Traffic',None,'ON ROADWAY AT CROSSWALK',No,None,0.572542,0.914795,'Suspected Minor Injury'
MONTGOMERY,42817,9.4,County,Pedestrian,'STRAIGHT MOVEMENT ANGLE',Clear,Dry,Daylight,'NO CONTROLS','None Detected','None Detected',' Working',None,'ON ROADWAY AT CROSSWALK',No,None,0.693787,0.870087,'Possible Injury'
MONTGOMERY,43827,11.45,'Maryland (State)',Pedestrian,'Single Vehicle',Clear,Dry,Daylight,'NO CONTROLS','None Detected','None Detected','Cross/Enter at Intersection',None,'AT AT INTERSECTION MARKED CROSSWALK',No,None,0.509098,0.947214,'Possible Injury'
MONTGOMERY,44886,14.333,County,Pedestrian,'Single Vehicle',Clear,Dry,Daylight,'NO CONTROLS','None Detected','None Detected',Standing,None,'INSIDE BUILDING',No,None,0.716948,0.855264,'Possible Injury'
MONTGOMERY,44225,7.5,'Maryland (State)',Bicyclist,'STRAIGHT MOVEMENT ANGLE',Clear,Dry,Daylight,'NO CONTROLS','None Detected','None Detected','Cross/Enter at Intersection',None,SIDEWALK,No,Yes,0.495733,0.917889,'Suspected Minor Injury'
MONTGOMERY,42492,7.583,'Maryland (State)',Pedestrian,'Single Vehicle',Cloudy,Wet,Daylight,'NO CONTROLS','None Detected','None Detected','Cross/Enter Not at Intersection','IN ROADWAY IMPROPERLY','ON ROADWAY NOT AT CROSSWALK',Yes,None,0.492372,0.919655,'Possible Injury'
MONTGOMERY,44148,13.5,County,Pedestrian,'Single Vehicle',Clear,Dry,Daylight,'NO CONTROLS','None Detected','None Detected','Cross/Enter at Intersection','IN ROADWAY IMPROPERLY','AT INTERSECTION BUT NO CROSSWALK',Yes,None,0.69372,0.87007,'No Apparent Injury'
MONTGOMERY,42063,22.117,County,Pedestrian,'Single Vehicle',Clear,Dry,'Dark - Not Lighted','NO CONTROLS','None Detected','None Detected','Cross/Enter at Intersection',None,'ON ROADWAY AT CROSSWALK',No,None,0.559007,0.939619,'No Apparent Injury'
MONTGOMERY,43185,6.583,'Maryland (State)',Pedestrian,'HEAD ON LEFT TURN',Clear,Dry,Dusk,'TRAFFIC SIGNAL','None Detected','None Detected','Cross/Enter at Intersection','IN ROADWAY IMPROPERLY','ON ROADWAY AT CROSSWALK',Yes,None,0.503334,0.946599,'Possible Injury'
MONTGOMERY,44097,17.15,'Maryland (State)',Bicyclist,'Single Vehicle',Clear,Dry,Daylight,'NO CONTROLS','None Detected','None Detected','Walking/Riding w/Traffic',None,'ON ROADWAY NOT AT CROSSWALK',No,Yes,0.772815,0.925327,'Suspected Serious Injury'
MONTGOMERY,44686,21.9,'US (State)',Pedestrian,'Single Vehicle',Clear,Dry,'Dark - Lighted','TRAFFIC SIGNAL','None Detected','None Detected','Cross/Enter at Intersection',None,'ON ROADWAY AT CROSSWALK',No,None,0.555994,0.96164,'Suspected Serious Injury'
MONTGOMERY,43476,18.05,County,Bicyclist,'SAME DIRECTION RIGHT TURN',Clear,Dry,'Dark - Lighted','TRAFFIC SIGNAL','None Detected','None Detected','Cross/Enter at Intersection',None,'AT AT INTERSECTION MARKED CROSSWALK',No,None,0.616789,0.875037,'Possible Injury'
ROCKVILLE,45356,20.25,'Maryland (State)',Pedestrian,'Single Vehicle',Clear,Dry,'Dark - Lighted','TRAFFIC SIGNAL','None Detected','None Detected','Cross/Enter at Intersection',Dart/Dash,'ON ROADWAY AT CROSSWALK',Yes,None,0.596928,0.909811,'Possible Injury'
MONTGOMERY,43593,17.717,County,Pedestrian,'Single Vehicle',Clear,Dry,Daylight,'STOP SIGN','None Detected','None Detected','Cross/Enter at Intersection',None,'AT AT INTERSECTION MARKED CROSSWALK',No,None,0.602138,0.984852,'Possible Injury'
MONTGOMERY,43644,19.083,County,Bicyclist,'STRAIGHT MOVEMENT ANGLE',Cloudy,Dry,Daylight,'STOP SIGN','None Detected','None Detected','Walking/Cycling on Sidewalk',None,'ON ROADWAY AT CROSSWALK',No,None,0.608512,0.926049,'Suspected Minor Injury'
ROCKVILLE,42395,20.083,'Maryland (State)',Pedestrian,'Single Vehicle',Clear,Wet,'Dark - Lighted','NO CONTROLS','None Detected','None Detected','Cross/Enter at Intersection','IN ROADWAY IMPROPERLY','ON ROADWAY NOT AT CROSSWALK',Yes,None,0.595348,0.901668,'Suspected Minor Injury'
GAITHERSBURG,42133,23.65,Municipality,Bicyclist,'Single Vehicle',Clear,Dry,'Dark - Lighted','TRAFFIC SIGNAL','None Detected','None Detected','Cross/Enter at Intersection','FAILURE TO YIELD RIGHT OF WAY','ON ROADWAY AT CROSSWALK',No,None,0.683325,0.868716,'No Apparent Injury'
GAITHERSBURG,43372,9.833,County,Pedestrian,'Single Vehicle',Clear,Dry,Daylight,'NO CONTROLS','None Detected','None Detected','Getting off/on Vehicle',None,'ON ROADWAY AT CROSSWALK',No,None,0.675712,0.865374,'Suspected Minor Injury'
MONTGOMERY,44036,5.55,County,Pedestrian,'Single Vehicle',Rain,Wet,'Dark - Lighted','FLASHING TRAFFIC SIGNAL','None Detected','None Detected','Cross/Enter at Intersection',None,'ON ROADWAY AT CROSSWALK',No,None,0.508281,0.912452,'Suspected Minor Injury'
MONTGOMERY,43141,19.55,'Maryland (State)',Pedestrian,'Single Vehicle',Foggy,Wet,'Dark - Lighted','STOP SIGN','None Detected','None Detected','Cross/Enter at Intersection',None,'AT AT INTERSECTION MARKED CROSSWALK',No,None,0.841137,0.871538,'Suspected Minor Injury'
MONTGOMERY,42526,21.5,County,Pedestrian,'Single Vehicle',Clear,Dry,'Dark - Lighted','NO CONTROLS','None Detected','None Detected','Cross/Enter at Intersection',None,'ON ROADWAY AT CROSSWALK',No,None,0.682895,0.857698,'Possible Injury'
MONTGOMERY,44306,11.833,County,Pedestrian,'Single Vehicle',Clear,Dry,Daylight,'NO CONTROLS','None Detected','None Detected','Cross/Enter at Intersection',None,'ON ROADWAY AT CROSSWALK',No,None,0.574618,0.909018,'Possible Injury'
MONTGOMERY,45527,14.083,County,Bicyclist,'STRAIGHT MOVEMENT ANGLE',Clear,Dry,Daylight,'TRAFFIC SIGNAL','None Detected','None Detected','Cross/Enter at Intersection','FAILURE TO YIELD RIGHT OF WAY','ON ROADWAY AT CROSSWALK',Yes,None,0.504668,0.948931,'Possible Injury'
ROCKVILLE,42871,11.267,'Maryland (State)',Bicyclist,'Single Vehicle',Clear,Dry,Daylight,'NO CONTROLS','None Detected','None Detected','Cross/Enter Not at Intersection',None,'DRIVEWAY ACCESS MARKED CROSSWALK',No,None,0.601236,0.899599,'No Apparent Injury'
MONTGOMERY,45296,11.65,'Maryland (State)',Pedestrian,'Single Vehicle',Clear,Dry,Daylight,'NO CONTROLS','None Detected','ALCOHOL CONTRIBUTED','Cross/Enter at Intersection','FAILURE TO YIELD RIGHT OF WAY','ON ROADWAY NOT AT CROSSWALK',Yes,None,0.601579,0.928493,'Suspected Minor Injury'
MONTGOMERY,42627,19.5,County,Bicyclist,'Single Vehicle',Clear,Dry,Dusk,'TRAFFIC SIGNAL','None Detected','None Detected','Walking/Cycling on Sidewalk','IN ROADWAY IMPROPERLY','ON ROADWAY AT CROSSWALK',Yes,None,0.681562,0.838986,'Suspected Serious Injury'
MONTGOMERY,42993,17,County,Bicyclist,'STRAIGHT MOVEMENT ANGLE',Clear,Dry,Daylight,'NO CONTROLS','None Detected','None Detected','Walking/Riding w/Traffic',None,'ON ROADWAY NOT AT CROSSWALK',No,Yes,0.479785,0.895153,'Suspected Minor Injury'
ROCKVILLE,44849,13.217,Municipality,Pedestrian,'Single Vehicle',Clear,Dry,Daylight,'TRAFFIC SIGNAL','None Detected','None Detected','Cross/Enter at Intersection',None,'AT AT INTERSECTION MARKED CROSSWALK',No,None,0.60355,0.894661,'Suspected Minor Injury'
MONTGOMERY,43598,7.5,County,Bicyclist,'STRAIGHT MOVEMENT ANGLE',Rain,Dry,Daylight,'NO CONTROLS','None Detected','None Detected','Walking/Cycling on Sidewalk',None,SIDEWALK,No,Yes,0.534699,0.954294,'Possible Injury'
MONTGOMERY,45460,19.95,'Maryland (State)',Pedestrian,'Single Vehicle',Clear,Dry,Daylight,'NO CONTROLS','None Detected','None Detected','Cross/Enter Not at Intersection','IMPROPER PASSING',SHOULDER,No,None,0.504587,0.947131,'Suspected Serious Injury'
MONTGOMERY,44709,13,County,Pedestrian,'Single Vehicle',Clear,Dry,Daylight,'STOP SIGN','None Detected','None Detected','Cross/Enter at Intersection',None,'AT INTERSECTION BUT NO CROSSWALK',No,None,0.536933,0.908458,'Suspected Minor Injury'
MONTGOMERY,43011,9.067,County,Pedestrian,'Single Vehicle',Clear,Dry,Daylight,'NO CONTROLS','None Detected','None Detected','Cross/Enter at Intersection',None,'INSIDE BUILDING',No,None,0.468093,0.922351,'Possible Injury'
MONTGOMERY,44916,17.233,County,Bicyclist,'STRAIGHT MOVEMENT ANGLE',Clear,Dry,'Dark - Lighted','NO CONTROLS','None Detected','None Detected','Cross/Enter at Intersection',None,SHOULDER,No,Yes,0.658072,0.894804,'Suspected Minor Injury'
MONTGOMERY,43225,9.3,County,Pedestrian,'Single Vehicle',Cloudy,Dry,Daylight,'NO CONTROLS','None Detected','None Detected','Walking/Riding w/Traffic',None,SHOULDER,No,None,0.79962,0.848973,'Suspected Serious Injury'
MONTGOMERY,43547,21.5,Municipality,Pedestrian,'Single Vehicle',Clear,Dry,'Dark - Lighted','NO CONTROLS','None Detected','None Detected','Cross/Enter at Intersection',None,'ON ROADWAY AT CROSSWALK',No,None,0.610874,0.894092,'Suspected Serious Injury'
MONTGOMERY,42779,15.05,County,Pedestrian,'Single Vehicle',Clear,Dry,Daylight,'NO CONTROLS','None Detected','None Detected',Standing,None,'ON ROADWAY AT CROSSWALK',No,None,0.566618,0.915686,'Suspected Minor Injury'
MONTGOMERY,43869,14.867,County,Pedestrian,'Single Vehicle',Clear,Dry,Daylight,'NO CONTROLS','None Detected','None Detected','Cross/Enter at Intersection',None,'INSIDE BUILDING',No,None,0.72325,0.882781,'No Apparent Injury'
GAITHERSBURG,44425,19,Municipality,Bicyclist,'Single Vehicle',Rain,Wet,Daylight,'STOP SIGN','None Detected','None Detected','Cross/Enter at Intersection',None,'ON ROADWAY NOT AT CROSSWALK',No,Yes,0.650949,0.855606,'Suspected Minor Injury'
MONTGOMERY,43943,20.467,County,Pedestrian,'HEAD ON LEFT TURN',Clear,Dry,'Dark - Lighted','NO CONTROLS','None Detected','None Detected','Cross/Enter at Intersection',None,'AT INTERSECTION BUT NO CROSSWALK',No,None,0.573118,0.972277,'No Apparent Injury'
MONTGOMERY,44118,8.167,County,Pedestrian,'STRAIGHT MOVEMENT ANGLE',Clear,Dry,Daylight,'NO CONTROLS','None Detected','None Detected','Walking/Cycling on Sidewalk',None,SIDEWALK,No,None,0.608783,0.926244,'Possible Injury'
MONTGOMERY,43673,19.617,'Maryland (State)',Pedestrian,'Single Vehicle',Clear,Dry,Daylight,'TRAFFIC SIGNAL','None Detected','None Detected','Cross/Enter Not at Intersection','FAILURE TO OBEY TRAFFIC SIGNS SIGNALS OR OFFICER','ON ROADWAY NOT AT CROSSWALK',Yes,None,0.578601,0.907094,'Possible Injury'
MONTGOMERY,44042,10.517,County,Pedestrian,'Single Vehicle',Clear,Dry,Daylight,'NO CONTROLS','None Detected','None Detected','Getting off/on Vehicle',None,CURB,No,None,0.601775,0.927869,'Suspected Serious Injury'
MONTGOMERY,44742,16.1,County,' PEDALCYCLIST','Single Vehicle',Clear,Dry,Daylight,'NO CONTROLS','None Detected','None Detected',Playing,None,'ON ROADWAY AT CROSSWALK',No,Yes,0.791761,0.878496,'Possible Injury'
ROCKVILLE,44823,12.167,'Maryland (State)',Pedestrian,'Single Vehicle',Clear,Dry,Daylight,'TRAFFIC SIGNAL','None Detected','None Detected','Cross/Enter at Intersection',None,'ON ROADWAY AT CROSSWALK',No,None,0.597163,0.909929,'Suspected Minor Injury'
MONTGOMERY,42070,0.833,'Maryland (State)',Pedestrian,'SAME DIR REAR END',Clear,Wet,'Dark - Lighted','NO CONTROLS','None Detected','ALCOHOL PRESENT','Walking/Riding w/Traffic',Inattentive,SHOULDER,No,None,0.712003,0.855809,'Suspected Minor Injury'
MONTGOMERY,42411,18.35,County,Bicyclist,'Single Vehicle',Clear,Dry,'Dark - Lighted','STOP SIGN','None Detected','None Detected','Cross/Enter at Intersection',None,SIDEWALK,No,None,0.57693,0.937685,'Suspected Minor Injury'
TAKOMA,43463,0.117,Municipality,Pedestrian,'Single Vehicle',Clear,Wet,'Dark - Lighted','NO CONTROLS','None Detected','None Detected','Cross/Enter at Intersection',None,'ON ROADWAY NOT AT CROSSWALK',No,None,0.485993,0.953479,'Possible Injury'
MONTGOMERY,42514,17.9,County,Bicyclist,'HEAD ON',Clear,Dry,Daylight,'NO CONTROLS','None Detected','None Detected','Cross/Enter Not at Intersection','FAILURE TO YIELD RIGHT OF WAY','ON ROADWAY NOT AT CROSSWALK',Yes,None,0.565759,0.970749,'Possible Injury'
MONTGOMERY,44673,10.817,'US (State)',Pedestrian,'Single Vehicle',Clear,Dry,Daylight,'NO CONTROLS','None Detected','None Detected','Cross/Enter at Intersection',None,'ON ROADWAY AT CROSSWALK',No,None,0.529078,0.953487,'Suspected Minor Injury'
MONTGOMERY,44223,18.333,'Maryland (State)',Pedestrian,'Single Vehicle',Clear,Dry,'Dark - Lighted','TRAFFIC SIGNAL','None Detected','None Detected','Cross/Enter at Intersection',None,'ON ROADWAY AT CROSSWALK',No,None,0.500098,0.915159,'Suspected Minor Injury'
GAITHERSBURG,44437,9.333,'Maryland (State)',Bicyclist,'Single Vehicle',Clear,Dry,Daylight,'TRAFFIC SIGNAL','None Detected','None Detected','Cross/Enter at Intersection',None,MEDIAN,No,None,0.658442,0.856102,'Suspected Serious Injury'
MONTGOMERY,43284,8.2,County,Pedestrian,'Single Vehicle',Clear,Dry,Daylight,'NO CONTROLS','None Detected','None Detected','Cross/Enter at Intersection',None,'ON ROADWAY AT CROSSWALK',No,None,0.677889,0.883893,'Possible Injury'
MONTGOMERY,44600,7.5,'Maryland (State)',Pedestrian,'Single Vehicle',Clear,Dry,Daylight,'NO CONTROLS','None Detected','None Detected','Cross/Enter at Intersection',None,'AT AT INTERSECTION MARKED CROSSWALK',No,None,0.512815,0.962565,'Possible Injury'
MONTGOMERY,42380,17.25,County,Pedestrian,'Single Vehicle',Clear,Dry,Daylight,'NO CONTROLS','None Detected','None Detected','Walking/Cycling on Sidewalk',None,SIDEWALK,No,None,0.558276,0.937198,'Possible Injury'
MONTGOMERY,42242,13.633,County,Pedestrian,'Single Vehicle',Clear,Dry,Daylight,'NO CONTROLS','None Detected','None Detected',Standing,None,'ON ROADWAY NOT AT CROSSWALK',No,None,0.516893,0.901824,'Possible Injury'
MONTGOMERY,45531,11.9,'Maryland (State)',Bicyclist,'Single Vehicle',Clear,Dry,Daylight,'TRAFFIC SIGNAL','None Detected','None Detected','Cross/Enter at Intersection',None,'ON ROADWAY AT CROSSWALK',No,Yes,0.707815,0.838775,'Suspected Minor Injury'
MONTGOMERY,43602,18.2,County,Pedestrian,'STRAIGHT MOVEMENT ANGLE',Clear,Dry,Daylight,'TRAFFIC SIGNAL','None Detected','None Detected','Cross/Enter at Intersection',None,'AT AT INTERSECTION MARKED CROSSWALK',No,None,0.487465,0.917188,'Suspected Minor Injury'
MONTGOMERY,44137,5.917,County,Pedestrian,'Single Vehicle','SEVERE WINDS',Dry,'Dark - Lighted','TRAFFIC SIGNAL','None Detected','None Detected','Cross/Enter Not at Intersection','IN ROADWAY IMPROPERLY','ON ROADWAY NOT AT CROSSWALK',Yes,None,0.664106,0.890901,'Fatal Injury'
MONTGOMERY,43998,16,County,Pedestrian,'Single Vehicle',Clear,Dry,Daylight,'NO CONTROLS','None Detected','None Detected','Getting off/on Vehicle',Dart/Dash,'ON ROADWAY AT CROSSWALK',Yes,None,0.494874,0.920927,'Suspected Minor Injury'
MONTGOMERY,44016,11.9,County,Pedestrian,'Single Vehicle',Clear,Dry,Daylight,'NO CONTROLS','None Detected','None Detected',Standing,'IN ROADWAY IMPROPERLY','ON ROADWAY NOT AT CROSSWALK',Yes,None,0.510848,0.956386,'Possible Injury'
ROCKVILLE,44351,21.133,'Maryland (State)',Pedestrian,'Single Vehicle',Clear,Dry,'Dark - Lighted','TRAFFIC SIGNAL','None Detected','None Detected','Cross/Enter at Intersection',None,'AT AT INTERSECTION MARKED CROSSWALK',No,None,0.64556,0.886342,'Suspected Minor Injury'
MONTGOMERY,44767,22.25,'Maryland (State)',Pedestrian,'Single Vehicle',Clear,Dry,'Dark - Lighted','TRAFFIC SIGNAL','None Detected','None Detected','Cross/Enter at Intersection','FAILURE TO OBEY TRAFFIC SIGNS SIGNALS OR OFFICER','ON ROADWAY AT CROSSWALK',Yes,None,0.500842,0.948667,'Suspected Minor Injury'
MONTGOMERY,42689,17.95,'Maryland (State)',Bicyclist,'Single Vehicle',Clear,Dry,'Dark - Lighted','TRAFFIC SIGNAL','None Detected','None Detected','Cross/Enter at Intersection',None,'ON ROADWAY AT CROSSWALK',No,Yes,0.522888,0.910082,'Suspected Minor Injury'
MONTGOMERY,43082,15.167,County,Pedestrian,'Single Vehicle',Clear,Dry,Daylight,'NO CONTROLS','None Detected','None Detected','Getting off/on Vehicle',Dart/Dash,'ON ROADWAY AT CROSSWALK',No,None,0.709574,0.849086,'Suspected Minor Injury'
MONTGOMERY,43461,10.667,County,Pedestrian,'Single Vehicle',Clear,Dry,Daylight,'NO CONTROLS','None Detected','None Detected','Cross/Enter Not at Intersection',None,'ON ROADWAY NOT AT CROSSWALK',No,None,0.655933,0.928811,'Suspected Minor Injury'
MONTGOMERY,42847,6.45,County,Pedestrian,'Single Vehicle',Rain,Wet,'Dark - Lighted','TRAFFIC SIGNAL','None Detected','None Detected','Cross/Enter at Intersection','FAILURE TO YIELD RIGHT OF WAY','ON ROADWAY AT CROSSWALK',Yes,None,0.644545,0.869125,'Suspected Minor Injury'
MONTGOMERY,44823,18.817,County,Pedestrian,'Single Vehicle',Clear,Dry,Daylight,'NO CONTROLS','None Detected','None Detected','Cross/Enter at Intersection',None,'ON ROADWAY AT CROSSWALK',No,None,0.555199,0.937885,'Possible Injury'
MONTGOMERY,44119,15.533,County,' CONVEYANCE','Single Vehicle',Clear,Dry,Daylight,'NO CONTROLS','None Detected','None Detected',Playing,Dart/Dash,'ON ROADWAY AT CROSSWALK',Yes,None,0.711663,0.870585,'Suspected Serious Injury'
MONTGOMERY,43872,11.1,County,Pedestrian,'Single Vehicle',Rain,Wet,Daylight,'STOP SIGN','None Detected','None Detected','Cross/Enter at Intersection',None,'ON ROADWAY AT CROSSWALK',No,None,0.56608,0.914172,'Suspected Serious Injury'
MONTGOMERY,45656,11.317,County,Pedestrian,'Single Vehicle',Clear,Dry,Daylight,'RAILWAY CROSSING DEVICE','None Detected','None Detected','Cross/Enter at Intersection',None,'ON ROADWAY AT CROSSWALK',No,None,0.605645,0.991286,'Possible Injury'