'Agency Name','Days after Jan 1','Hours past Midnight','Route Type','Related Non-Motorist','Collision Type',Weather,'Surface Condition',Light,'Traffic Control','Driver Substance Abuse','Non-Motorist Substance Abuse','Pedestrian Movement','Pedestrian Actions','Pedestrian Location','At Fault','Safety Equipment','Lat- Normalized','Long- Normalized','Injury Severity'
MONTGOMERY,44508,15,County,Pedestrian,'Single Vehicle',Clear,Dry,Daylight,'TRAFFIC SIGNAL','None Detected','None Detected','Cross/Enter at Intersection',None,'AT AT INTERSECTION MARKED CROSSWALK',No,None,0.587014,0.945416,'Possible Injury'
MONTGOMERY,42341,12.917,County,Pedestrian,'Single Vehicle',Clear,Dry,Daylight,'NO CONTROLS','None Detected','None Detected','Cross/Enter Not at Intersection','IN ROADWAY IMPROPERLY','ON ROADWAY NOT AT CROSSWALK',Yes,None,0.575597,0.908323,'Possible Injury'
MONTGOMERY,44778,14,'Maryland (State)',Pedestrian,'Single Vehicle',Clear,Dry,Daylight,PERSON,'None Detected','None Detected',' Working',None,'ON ROADWAY AT CROSSWALK',No,Yes,0.683586,0.95674,'Suspected Minor Injury'
MONTGOMERY,42458,18,County,Pedestrian,'Single Vehicle',Clear,Dry,Daylight,'NO CONTROLS','None Detected','None Detected','Cross/Enter Not at Intersection','IN ROADWAY IMPROPERLY','ON ROADWAY NOT AT CROSSWALK',Yes,None,0.686942,0.873317,'Suspected Minor Injury'
MONTGOMERY,44079,14.2,'Maryland (State)',Bicyclist,'Single Vehicle',Clear,Dry,Daylight,'NO CONTROLS','None Detected','None Detected','Cross/Enter at Intersection',None,'ON ROADWAY AT CROSSWALK',No,Yes,0.54111,0.929945,'Suspected Minor Injury'
MONTGOMERY,43021,5.733,County,Pedestrian,'Single Vehicle',Clear,Dry,'Dark - Lighted','NO CONTROLS','None Detected','None Detected',Standing,None,SHOULDER,No,None,0.573554,0.935081,'No Apparent Injury'
MONTGOMERY,44116,23.333,'Maryland (State)',Pedestrian,'Single Vehicle',Rain,Wet,'Dark - Lighted','NO CONTROLS','None Detected','None Detected','Cross/Enter Not at Intersection','FAILURE TO YIELD RIGHT OF WAY','ON ROADWAY NOT AT CROSSWALK',Yes,None,0.573166,0.938466,'Possible Injury'
MONTGOMERY,42915,13.517,County,Pedestrian,'Single Vehicle',Clear,Dry,Daylight,'NO CONTROLS','None Detected','None Detected','Cross/Enter Not at Intersection',None,SIDEWALK,No,None,0.507017,0.946275,'Possible Injury'
MONTGOMERY,45572,13.867,County,Bicyclist,'Single Vehicle',Clear,Dry,Daylight,'STOP SIGN','None Detected','None Detected','Cross/Enter at Intersection',None,'AT INTERSECTION BUT NO CROSSWALK',No,None,0.567809,0.937899,'Suspected Minor Injury'
GAITHERSBURG,44802,7.583,'Maryland (State)',Pedestrian,'Single Vehicle',Clear,Dry,Daylight,'STOP SIGN','None Detected','None Detected','Cross/Enter at Intersection',None,'ON ROADWAY AT CROSSWALK',No,None,0.68087,0.856351,'Suspected Minor Injury'
MONTGOMERY,42873,16.667,County,Pedestrian,'Single Vehicle',Clear,Dry,Daylight,'NO CONTROLS','None Detected','None Detected','Cross/Enter Not at Intersection',Dart/Dash,'ON ROADWAY NOT AT CROSSWALK',Yes,None,0.528608,0.971211,'Suspected Minor Injury'
GAITHERSBURG,42602,21,County,Pedestrian,'Single Vehicle',Clear,Dry,'Dark - Lighted','NO CONTROLS','None Detected','None Detected','Cross/Enter Not at Intersection',None,CURB,No,None,0.653422,0.862585,'No Apparent Injury'
MONTGOMERY,43406,7.833,'Maryland (State)',Pedestrian,'Single Vehicle',Cloudy,Wet,Daylight,'TRAFFIC SIGNAL','None Detected','None Detected','Cross/Enter at Intersection',None,'ON ROADWAY AT CROSSWALK',No,None,0.783156,0.83818,'Suspected Minor Injury'
MONTGOMERY,44555,21.683,County,Pedestrian,'SAME DIRECTION SIDESWIPE',Rain,Wet,'Dark - Lighted','NO CONTROLS','None Detected','None Detected','Walking/Riding against Traffic','IN ROADWAY IMPROPERLY','ON ROADWAY NOT AT CROSSWALK',Yes,None,0.626535,0.968242,'Suspected Minor Injury'
ROCKVILLE,43810,17.167,'Maryland (State)',Pedestrian,'Single Vehicle',Clear,Dry,'Dark - Lighted','TRAFFIC SIGNAL','None Detected','None Detected','Cross/Enter at Intersection','FAILURE TO OBEY TRAFFIC SIGNS SIGNALS OR OFFICER','ON ROADWAY NOT AT CROSSWALK',Yes,None,0.608913,0.895414,'Suspected Minor Injury'
MONTGOMERY,42216,9.65,'US (State)',Bicyclist,'STRAIGHT MOVEMENT ANGLE',Clear,Dry,Daylight,'YIELD SIGN','None Detected','None Detected','Cross/Enter at Intersection',None,'ON ROADWAY AT CROSSWALK',No,Yes,0.526545,0.95335,'Suspected Minor Injury'
GAITHERSBURG,42959,23.633,County,Pedestrian,'Single Vehicle',Clear,Dry,'Dark - Lighted','NO CONTROLS','None Detected','ALCOHOL PRESENT','Cross/Enter at Intersection',None,'ON ROADWAY AT CROSSWALK',No,None,0.695089,0.864005,'Suspected Serious Injury'
MONTGOMERY,42622,12.417,County,Pedestrian,'Single Vehicle',Clear,Dry,Daylight,'NO CONTROLS','None Detected','None Detected',Standing,None,'ON ROADWAY AT CROSSWALK',No,None,0.68609,0.932319,'Possible Injury'
TAKOMA,43807,22.6,Municipality,Pedestrian,'Single Vehicle',Clear,Dry,'Dark - Lighted','NO CONTROLS','None Detected','None Detected','Cross/Enter at Intersection',None,'INSIDE BUILDING',No,None,0.484567,0.962537,'No Apparent Injury'
MONTGOMERY,45551,21.183,County,Pedestrian,'Single Vehicle',Clear,Dry,'Dark - Lighted','TRAFFIC SIGNAL','None Detected','None Detected','Cross/Enter at Intersection','NOT VISIBLE','AT INTERSECTION BUT NO CROSSWALK',No,None,0.540938,0.955839,'Suspected Minor Injury'
MONTGOMERY,44906,17.25,County,Pedestrian,'ANGLE MEETS LEFT HEAD ON',Clear,Dry,'Dark - Not Lighted','TRAFFIC SIGNAL','None Detected','None Detected','Cross/Enter at Intersection',Dart/Dash,'ON ROADWAY NOT AT CROSSWALK',Yes,None,0.726353,0.878507,'Possible Injury'
MONTGOMERY,43255,13.967,County,Pedestrian,'Single Vehicle',Cloudy,Dry,Daylight,'NO CONTROLS','None Detected','None Detected','Cross/Enter at Intersection',None,'ON ROADWAY AT CROSSWALK',Yes,None,0.685639,0.871522,'Possible Injury'
MONTGOMERY,43082,10.033,County,Pedestrian,'Single Vehicle',Clear,Dry,Daylight,'NO CONTROLS','None Detected','None Detected','Cross/Enter at Intersection',None,'ON ROADWAY AT CROSSWALK',No,None,0.68282,0.867721,'No Apparent Injury'
MONTGOMERY,44504,12.017,'Maryland (State)',Pedestrian,'Single Vehicle',Clear,Dry,Daylight,'TRAFFIC SIGNAL','None Detected','None Detected','Cross/Enter at Intersection',None,'AT AT INTERSECTION MARKED CROSSWALK',No,None,0.707103,0.84492,'Suspected Serious Injury'
MONTGOMERY,43853,7.583,County,Pedestrian,'Single Vehicle',Cloudy,Dry,Daylight,'TRAFFIC SIGNAL','None Detected','None Detected','Cross/Enter at Intersection',None,'AT AT INTERSECTION MARKED CROSSWALK',No,None,0.531991,0.901976,'Suspected Minor Injury'
GAITHERSBURG,43012,17.3,'Maryland (State)',Bicyclist,'Single Vehicle',Clear,Dry,Daylight,'NO CONTROLS','None Detected','None Detected','Cross/Enter at Intersection',None,'ON ROADWAY AT CROSSWALK',No,None,0.67211,0.866344,'Suspected Minor Injury'
GAITHERSBURG,42790,21.4,County,Bicyclist,'STRAIGHT MOVEMENT ANGLE',Clear,Dry,'Dark - Lighted','STOP SIGN','None Detected','None Detected','Walking/Riding w/Traffic',None,'ON ROADWAY AT CROSSWALK',No,None,0.676798,0.879852,'Suspected Minor Injury'
MONTGOMERY,42879,17.3,County,Bicyclist,'STRAIGHT MOVEMENT ANGLE',Cloudy,Dry,Daylight,'TRAFFIC SIGNAL','None Detected','None Detected','Cross/Enter at Intersection','FAILURE TO OBEY TRAFFIC SIGNS SIGNALS OR OFFICER','AT AT INTERSECTION MARKED CROSSWALK',Yes,None,0.534658,0.906676,'Suspected Minor Injury'
MONTGOMERY,44830,19.367,County,Pedestrian,'Single Vehicle',Clear,Dry,'Dark - Lighted','TRAFFIC SIGNAL','None Detected','None Detected','Cross/Enter at Intersection',Dart/Dash,'ON ROADWAY AT CROSSWALK',Yes,None,0.711118,0.87103,'Possible Injury'
MONTGOMERY,43545,10.317,County,Pedestrian,'Single Vehicle',Rain,Wet,'Dark - Not Lighted','NO CONTROLS','None Detected','ALCOHOL PRESENT',Standing,'IN ROADWAY IMPROPERLY','ON ROADWAY NOT AT CROSSWALK',Yes,None,0.563366,0.968437,'Suspected Minor Injury'
MONTGOMERY,44451,19.5,County,Pedestrian,'Single Vehicle',Clear,Dry,Dusk,'NO CONTROLS','None Detected','None Detected','Cross/Enter at Intersection',Dart/Dash,'ON ROADWAY AT CROSSWALK',No,None,0.561274,0.970039,'Suspected Minor Injury'
MONTGOMERY,43441,8.067,County,Pedestrian,'Single Vehicle',Clear,Dry,Daylight,'NO CONTROLS','None Detected','None Detected','Cross/Enter at Intersection',None,'ON ROADWAY NOT AT CROSSWALK',No,None,0.535153,0.955581,'Possible Injury'
MONTGOMERY,42986,15.717,'Maryland (State)',Pedestrian,'Single Vehicle',Clear,Dry,Daylight,'NO CONTROLS','None Detected','None Detected','Cross/Enter at Intersection','IN ROADWAY IMPROPERLY','ON ROADWAY NOT AT CROSSWALK',Yes,None,0.578806,0.938575,'Suspected Serious Injury'
ROCKVILLE,43765,18.883,Municipality,Pedestrian,'Single Vehicle',Clear,Dry,'Dark - Lighted','TRAFFIC SIGNAL','None Detected','None Detected','Cross/Enter at Intersection',None,'ON ROADWAY AT CROSSWALK',No,None,0.578245,0.908334,'Suspected Minor Injury'
MONTGOMERY,43737,14.833,County,Bicyclist,'SAME DIRECTION LEFT TURN',Clear,Dry,Daylight,'NO CONTROLS','None Detected','None Detected','Walking/Riding w/Traffic',None,'ON ROADWAY NOT AT CROSSWALK',No,Yes,0.500708,0.950033,'Suspected Minor Injury'
MONTGOMERY,43545,21.667,County,Pedestrian,'Single Vehicle',Rain,Wet,'Dark - Lighted','TRAFFIC SIGNAL','None Detected','None Detected','Cross/Enter at Intersection',None,'ON ROADWAY AT CROSSWALK',No,None,0.725183,0.873266,'Suspected Minor Injury'
MONTGOMERY,42321,16.167,'Maryland (State)',Pedestrian,'Single Vehicle',Clear,Dry,Daylight,'NO CONTROLS','None Detected','None Detected','Cross/Enter Not at Intersection',Dart/Dash,'ON ROADWAY NOT AT CROSSWALK',Yes,None,0.499205,0.906689,'Suspected Minor Injury'
MONTGOMERY,45478,10.65,County,Pedestrian,'STRAIGHT MOVEMENT ANGLE',Clear,Dry,Daylight,'NO CONTROLS','None Detected','None Detected','Cross/Enter Not at Intersection',None,'DRIVEWAY ACCESS MARKED CROSSWALK',No,None,0.554139,0.964897,'Suspected Minor Injury'
GAITHERSBURG,43211,9.633,County,Pedestrian,'SAME DIR REAR END',Clear,Dry,Daylight,'NO CONTROLS','None Detected','None Detected',' Working',None,'ON ROADWAY NOT AT CROSSWALK',No,Yes,0.636766,0.867451,'Possible Injury'
MONTGOMERY,43017,7.933,County,Pedestrian,'Single Vehicle',Clear,Wet,Daylight,'NO CONTROLS','None Detected','None Detected','Cross/Enter Not at Intersection',Dart/Dash,'ON ROADWAY NOT AT CROSSWALK',Yes,None,0.542867,0.964729,'Possible Injury'
MONTGOMERY,44387,10.75,County,Bicyclist,'Single Vehicle',Clear,Dry,Daylight,'TRAFFIC SIGNAL','None Detected','None Detected','Cross/Enter at Intersection',None,'ON ROADWAY AT CROSSWALK',No,None,0.745172,0.846203,'Possible Injury'
MONTGOMERY,43335,9.15,County,Pedestrian,'Single Vehicle',Clear,Dry,Daylight,'STOP SIGN','None Detected','None Detected',Standing,None,'AT INTERSECTION BUT NO CROSSWALK',No,Yes,0.57721,0.937862,'Suspected Serious Injury'
MONTGOMERY,45451,13.967,County,Pedestrian,'Single Vehicle',Clear,Dry,Daylight,'NO CONTROLS','None Detected','None Detected','Cross/Enter Not at Intersection',Dart/Dash,'ON ROADWAY AT CROSSWALK',Yes,None,0.577524,0.979387,'Suspected Minor Injury'
MONTGOMERY,43745,15.65,'Maryland (State)',Pedestrian,'SAME DIR REAR END',Clear,Dry,Daylight,'NO CONTROLS','None Detected','None Detected','Cross/Enter at Intersection',None,'ON ROADWAY AT CROSSWALK',No,None,0.548608,0.928193,'Possible Injury'
TAKOMA,42774,16.267,'Maryland (State)',Pedestrian,'Single Vehicle',Clear,Dry,Daylight,'TRAFFIC SIGNAL','None Detected','None Detected','Cross/Enter at Intersection',None,'ON ROADWAY AT CROSSWALK',No,None,0.494822,0.966135,'No Apparent Injury'
MONTGOMERY,44302,17.133,County,Pedestrian,'Single Vehicle',Clear,Dry,Daylight,'NO CONTROLS','None Detected','None Detected','Getting off/on Vehicle',None,'ON ROADWAY AT CROSSWALK',No,None,0.716744,0.846263,'Suspected Minor Injury'
MONTGOMERY,44394,9.833,'US (State)',Pedestrian,'Single Vehicle',Clear,Dry,Daylight,'TRAFFIC SIGNAL','None Detected','None Detected','Cross/Enter at Intersection','IN ROADWAY IMPROPERLY','ON ROADWAY NOT AT CROSSWALK',Yes,None,0.552648,0.960596,'Possible Injury'
MONTGOMERY,43592,10,County,Pedestrian,'Single Vehicle',Clear,Dry,Daylight,'STOP SIGN','None Detected','None Detected','Cross/Enter at Intersection',None,'ON ROADWAY AT CROSSWALK',No,None,0.636223,0.930812,'Suspected Serious Injury'
MONTGOMERY,45384,12.883,County,Pedestrian,'Single Vehicle',Clear,Dry,Daylight,'NO CONTROLS','None Detected','None Detected','Cross/Enter Not at Intersection',None,'ON ROADWAY NOT AT CROSSWALK',No,None,0.501992,0.946574,'Possible Injury'
TAKOMA,42275,8.95,Municipality,'Bicyclist  Pedestrian','Single Vehicle',Cloudy,Dry,Daylight,'SCHOOL ZONE SIGN DEVICE','None Detected','None Detected','Walking to/from school',None,'AT AT INTERSECTION MARKED CROSSWALK',No,None,0.488031,0.957197,'No Apparent Injury'
MONTGOMERY,42485,19.833,'Maryland (State)',Pedestrian,'Single Vehicle',Clear,Dry,Daylight,'NO CONTROLS','None Detected','None Detected','Walking/Riding against Traffic',None,'IN BIKEWAY',No,None,0.830094,0.867151,'Suspected Minor Injury'
MONTGOMERY,45399,9,'Maryland (State)',Pedestrian,'Single Vehicle',Clear,Dry,Daylight,'NO CONTROLS','None Detected','None Detected','Walking/Riding against Traffic','IN ROADWAY IMPROPERLY','ON ROADWAY NOT AT CROSSWALK',Yes,None,0.499519,0.915385,'Suspected Minor Injury'
MONTGOMERY,45412,23.767,'US (State)',Bicyclist,'Single Vehicle',Clear,Dry,'Dark - Lighted','TRAFFIC SIGNAL','None Detected','None Detected','Cross/Enter at Intersection',None,'AT AT INTERSECTION MARKED CROSSWALK',No,Yes,0.493546,0.94903,'Suspected Serious Injury'
ROCKVILLE,43887,6.5,Municipality,Pedestrian,'SAME DIRECTION LEFT TURN',Rain,Wet,'Dark - Not Lighted','NO CONTROLS','None Detected','None Detected','Cross/Enter at Intersection',None,'ON ROADWAY NOT AT CROSSWALK',No,None,0.611241,0.895601,'Possible Injury'
MONTGOMERY,45511,5.117,County,Pedestrian,'Single Vehicle',Clear,Wet,'Dark - Lighted','NO CONTROLS','None Detected','ILLEGAL DRUG CONTRIBUTED','Cross/Enter at Intersection',None,'ON ROADWAY AT CROSSWALK',Yes,None,0.496864,0.950349,'Suspected Serious Injury'
MONTGOMERY,44899,19.183,'Maryland (State)',' CONVEYANCE','Single Vehicle',Clear,Dry,'Dark - Lighted','STOP SIGN','None Detected','None Detected','Walking/Cycling on Sidewalk',None,SIDEWALK,No,None,0.689058,0.929593,'No Apparent Injury'
MONTGOMERY,45549,9.183,County,Bicyclist,'Single Vehicle',Clear,Dry,Daylight,'TRAFFIC SIGNAL','None Detected','None Detected','Cross/Enter at Intersection',None,'ON ROADWAY AT CROSSWALK',No,Yes,0.669299,0.893242,'Suspected Minor Injury'
MONTGOMERY,44649,16,County,Pedestrian,'Single Vehicle',Clear,Dry,Daylight,'NO CONTROLS','None Detected','None Detected',Standing,None,SIDEWALK,No,None,0.506839,0.909722,'Suspected Minor Injury'
MONTGOMERY,42682,8.383,County,Pedestrian,'Single Vehicle',Clear,Dry,Daylight,'NO CONTROLS','None Detected','None Detected','Walking to/from school',None,'ON ROADWAY AT CROSSWALK',No,None,0.730985,0.876337,'Possible Injury'
MONTGOMERY,42920,12.2,County,Bicyclist,'Single Vehicle',Clear,Dry,Daylight,'STOP SIGN','None Detected','None Detected','Walking/Riding against Traffic','WRONG WAY RIDING OR WALKING','ON ROADWAY NOT AT CROSSWALK',Yes,None,0.688707,0.872141,'Suspected Minor Injury'
MONTGOMERY,43683,8.85,County,Pedestrian,'Single Vehicle',Clear,Dry,Daylight,'NO CONTROLS','None Detected','None Detected','Cross/Enter at Intersection',None,'ON ROADWAY AT CROSSWALK',No,None,0.495032,0.918957,'Suspected Minor Injury'
MONTGOMERY,44790,16,County,Bicyclist,'Single Vehicle',Clear,Dry,Daylight,'NO CONTROLS','None Detected','None Detected','Cross/Enter at Intersection',None,'ON ROADWAY AT CROSSWALK',No,None,0.587302,0.934402,'No Apparent Injury'
MONTGOMERY,42625,15.667,'Maryland (State)',Pedestrian,'Single Vehicle',Clear,Dry,Daylight,'NO CONTROLS','None Detected','None Detected','Cross/Enter Not at Intersection','FAILURE TO YIELD RIGHT OF WAY','ON ROADWAY NOT AT CROSSWALK',Yes,None,0.559007,0.937605,'Possible Injury'
MONTGOMERY,44297,20.083,'Maryland (State)',Pedestrian,'Single Vehicle',Clear,Dry,'Dark - Lighted','NO CONTROLS','None Detected','ALCOHOL PRESENT','Cross/Enter Not at Intersection',Dart/Dash,'ON ROADWAY NOT AT CROSSWALK',Yes,None,0.572887,0.938419,'Suspected Minor Injury'
GAITHERSBURG,44759,14.25,Municipality,Pedestrian,'Single Vehicle',Clear,Dry,Daylight,'TRAFFIC SIGNAL','None Detected','None Detected','Cross/Enter at Intersection',None,'ON ROADWAY AT CROSSWALK',No,None,0.687355,0.871563,'Suspected Minor Injury'
MONTGOMERY,42822,15.6,County,Pedestrian,'Single Vehicle',Clear,Dry,Daylight,'NO CONTROLS','None Detected','None Detected',Standing,None,'ON ROADWAY AT CROSSWALK',No,None,0.696949,0.836925,'No Apparent Injury'
MONTGOMERY,43953,9,County,Pedestrian,'Single Vehicle',Clear,Dry,Daylight,'NO CONTROLS','None Detected','None Detected',' Working','IMPROPER PASSING','ON ROADWAY AT CROSSWALK',No,None,0.60239,0.92587,'Possible Injury'
MONTGOMERY,45363,20,'Maryland (State)',Pedestrian,'Single Vehicle',Rain,Wet,'Dark - Lighted','NO CONTROLS','None Detected','None Detected','Cross/Enter Not at Intersection','IN ROADWAY IMPROPERLY','ON ROADWAY NOT AT CROSSWALK',Yes,None,0.556434,0.936536,'Suspected Minor Injury'
TAKOMA,43771,9.75,'Maryland (State)',Pedestrian,'Single Vehicle',Clear,Dry,Daylight,'STOP SIGN','None Detected','None Detected','Cross/Enter at Intersection',None,'ON ROADWAY AT CROSSWALK',No,Yes,0.485907,0.960091,'Suspected Minor Injury'
GAITHERSBURG,43420,16.733,Municipality,Bicyclist,'Single Vehicle',Clear,Dry,Daylight,'STOP SIGN','None Detected','None Detected','Cross/Enter at Intersection',None,SIDEWALK,No,None,0.649718,0.856564,'Possible Injury'
MONTGOMERY,42430,16.783,County,Bicyclist,'STRAIGHT MOVEMENT ANGLE',Clear,Dry,Daylight,'STOP SIGN','None Detected','None Detected','Cross/Enter at Intersection','FAILURE TO OBEY TRAFFIC SIGNS SIGNALS OR OFFICER','OUTSIDE RIGHT OF WAY',Yes,None,0.715716,0.85714,'Possible Injury'
MONTGOMERY,43064,9.15,'Maryland (State)',Pedestrian,'Single Vehicle',Clear,Dry,Daylight,'TRAFFIC SIGNAL','None Detected','None Detected','Cross/Enter at Intersection',Dart/Dash,'AT AT INTERSECTION MARKED CROSSWALK',Yes,None,0.49111,0.919506,'Suspected Minor Injury'
MONTGOMERY,45583,10.517,County,Bicyclist,'SAME DIRECTION SIDESWIPE',Clear,Dry,Daylight,'NO CONTROLS','None Detected','None Detected','Walking/Riding w/Traffic',None,'ON ROADWAY NOT AT CROSSWALK',No,Yes,0.45808,0.904404,'Suspected Minor Injury'
MONTGOMERY,42053,14.167,County,Pedestrian,'Single Vehicle',Clear,Dry,Daylight,'NO CONTROLS','None Detected','None Detected','Cross/Enter at Intersection',None,'ON ROADWAY AT CROSSWALK',No,None,0.740048,0.848047,'Suspected Minor Injury'
MONTGOMERY,42094,8,County,Pedestrian,'Single Vehicle',Clear,Dry,Daylight,'STOP SIGN','None Detected','None Detected','Cross/Enter at Intersection','NOT VISIBLE','ON ROADWAY AT CROSSWALK',No,None,0.711719,0.847341,'Possible Injury'
MONTGOMERY,44633,8.667,County,Pedestrian,'Single Vehicle',Clear,Dry,Daylight,'TRAFFIC SIGNAL','None Detected','None Detected','Walking/Riding w/Traffic',None,'AT AT INTERSECTION MARKED CROSSWALK',No,None,0.468898,0.920488,'Suspected Minor Injury'
MONTGOMERY,44320,5.433,'Maryland (State)',Pedestrian,'Single Vehicle',Clear,Dry,'Dark - Lighted','TRAFFIC SIGNAL','None Detected','None Detected','Cross/Enter at Intersection',None,'ON ROADWAY AT CROSSWALK',No,None,0.528773,0.970454,'Suspected Minor Injury'
MONTGOMERY,42796,12.3,County,Pedestrian,'STRAIGHT MOVEMENT ANGLE',Clear,Dry,Daylight,'NO CONTROLS','None Detected','None Detected','Cross/Enter at Intersection',None,'ON ROADWAY AT CROSSWALK',No,None,0.68645,0.873027,'Suspected Minor Injury'
MONTGOMERY,42919,18.4,'Maryland (State)',Pedestrian,'Single Vehicle',Clear,Dry,Daylight,'TRAFFIC SIGNAL','None Detected','None Detected','Cross/Enter at Intersection',None,'ON ROADWAY AT CROSSWALK',No,None,0.59993,0.959918,'Suspected Minor Injury'
MONTGOMERY,43363,18.5,County,Pedestrian,'Single Vehicle',Clear,Dry,'Dark - Not Lighted','NO CONTROLS','None Detected','None Detected','Walking/Riding against Traffic',None,'ON ROADWAY NOT AT CROSSWALK',No,Yes,0.591303,0.843779,'Suspected Serious Injury'
MONTGOMERY,42076,13.367,County,Pedestrian,'Single Vehicle',Clear,Dry,Daylight,'NO CONTROLS','None Detected','None Detected','Cross/Enter Not at Intersection','IN ROADWAY IMPROPERLY','ON ROADWAY NOT AT CROSSWALK',No,None,0.660387,0.877379,'Possible Injury'
MONTGOMERY,44448,1.5,County,Pedestrian,'Single Vehicle',Rain,Wet,'Dark - Lighted','NO CONTROLS','None Detected','None Detected',Standing,None,'ON ROADWAY NOT AT CROSSWALK',No,None,0.687584,0.898292,'Suspected Minor Injury'
MONTGOMERY,44126,12.967,County,Pedestrian,'Single Vehicle',Clear,Dry,Daylight,'NO CONTROLS','None Detected','None Detected','Cross/Enter Not at Intersection','IN ROADWAY IMPROPERLY','ON ROADWAY NOT AT CROSSWALK',No,None,0.503562,0.949167,'Possible Injury'
MONTGOMERY,43487,8.833,County,Pedestrian,'Single Vehicle',Clear,Dry,Daylight,'NO CONTROLS','None Detected','None Detected','Cross/Enter Not at Intersection',Dart/Dash,'ON ROADWAY NOT AT CROSSWALK',Yes,None,0.68914,0.873654,'Suspected Minor Injury'
MONTGOMERY,43331,5.767,'Maryland (State)',Pedestrian,'Single Vehicle',Clear,Dry,Dawn,'TRAFFIC SIGNAL','None Detected','None Detected','Walking/Riding w/Traffic',None,'ON ROADWAY AT CROSSWALK',No,None,0.683802,0.933143,'Suspected Minor Injury'
ROCKVILLE,42409,9.25,Municipality,Pedestrian,'Single Vehicle',Snow,Wet,Daylight,'NO CONTROLS','None Detected','None Detected','Approach/Leaving Schoolbus',None,'AT AT INTERSECTION MARKED CROSSWALK',No,None,0.61137,0.897585,'Suspected Minor Injury'
MONTGOMERY,45555,9.25,County,Pedestrian,'Single Vehicle',Clear,Dry,Daylight,'STOP SIGN','None Detected','None Detected','Cross/Enter at Intersection','WRONG WAY RIDING OR WALKING','ON ROADWAY AT CROSSWALK',Yes,None,0.639853,0.877715,'Possible Injury'
MONTGOMERY,42314,8.967,'Maryland (State)',Bicyclist,'STRAIGHT MOVEMENT ANGLE',Cloudy,Wet,Daylight,'TRAFFIC SIGNAL','None Detected','None Detected','Cross/Enter at Intersection',None,'AT AT INTERSECTION MARKED CROSSWALK',No,Yes,0.504059,0.926704,'Possible Injury'
MONTGOMERY,43001,15.217,'Maryland (State)',Bicyclist,'STRAIGHT MOVEMENT ANGLE',Clear,Dry,Daylight,'NO CONTROLS','None Detected','None Detected','Cross/Enter at Intersection',None,'ON ROADWAY AT CROSSWALK',No,Yes,0.573436,0.908557,'Possible Injury'
MONTGOMERY,42380,9.25,County,Pedestrian,'Single Vehicle',Clear,Dry,Daylight,'TRAFFIC SIGNAL','None Detected','None Detected','Cross/Enter at Intersection',Dart/Dash,'AT AT INTERSECTION MARKED CROSSWALK',No,None,0.575314,0.980948,'Suspected Minor Injury'
ROCKVILLE,44761,18.217,Municipality,Pedestrian,'Single Vehicle',Clear,Dry,Daylight,'NO CONTROLS','None Detected','None Detected','Cross/Enter at Intersection',None,'AT AT INTERSECTION MARKED CROSSWALK',No,None,0.596217,0.900258,'Suspected Minor Injury'
MONTGOMERY,42943,10.617,' Public Roadway',Bicyclist,'Single Vehicle',Clear,Dry,'Dark - Lighted','NO CONTROLS','None Detected','None Detected','Walking/Cycling on Sidewalk','FAILURE TO YIELD RIGHT OF WAY',SIDEWALK,Yes,None,0.575562,0.981332,'Suspected Minor Injury'
MONTGOMERY,45401,12.333,County,Bicyclist,'STRAIGHT MOVEMENT ANGLE',Clear,Dry,Daylight,'TRAFFIC SIGNAL','None Detected','None Detected','Cross/Enter at Intersection',None,'ON ROADWAY AT CROSSWALK',No,None,0.664101,0.852885,'Suspected Minor Injury'
MONTGOMERY,44199,15.133,County,Pedestrian,'Single Vehicle',Rain,Wet,Daylight,'TRAFFIC SIGNAL','None Detected','None Detected','Cross/Enter at Intersection',None,'AT AT INTERSECTION MARKED CROSSWALK',No,None,0.685752,0.873138,'Possible Injury'
MONTGOMERY,42725,17.45,'Maryland (State)',Pedestrian,'Single Vehicle',Clear,Dry,'Dark - Lighted','TRAFFIC SIGNAL','None Detected','None Detected','Cross/Enter at Intersection',None,'ON ROADWAY AT CROSSWALK',No,Yes,0.565032,0.911061,'No Apparent Injury'
MONTGOMERY,44508,17.917,County,Pedestrian,'Single Vehicle',Clear,Dry,'Dark - Lighted','TRAFFIC SIGNAL','None Detected','None Detected','Cross/Enter at Intersection',None,'ON ROADWAY AT CROSSWALK',No,None,0.599993,0.92956,'Possible Injury'
MONTGOMERY,42352,15.5,County,Bicyclist,'STRAIGHT MOVEMENT ANGLE',Clear,Dry,Daylight,'NO CONTROLS','None Detected','None Detected','Cross/Enter at Intersection',Dart/Dash,'AT INTERSECTION BUT NO CROSSWALK',Yes,Yes,0.522155,0.905116,'Possible Injury'
MONTGOMERY,44465,17.167,County,Bicyclist,'Single Vehicle',Clear,Dry,Daylight,'STOP SIGN','None Detected','None Detected','Cross/Enter at Intersection',None,SHOULDER,No,None,0.610988,0.978033,'Suspected Minor Injury'