'Agency Name','Days after Jan 1','Hours past Midnight','Route Type','Related Non-Motorist','Collision Type',Weather,'Surface Condition',Light,'Traffic Control','Driver Substance Abuse','Non-Motorist Substance Abuse','Pedestrian Movement','Pedestrian Actions','Pedestrian Location','At Fault','Safety Equipment','Lat- Normalized','Long- Normalized','Injury Severity'
MONTGOMERY,44746,14.2,'Maryland (State)',Bicyclist,'ANGLE MEETS RIGHT TURN',Clear,Dry,Daylight,'TRAFFIC SIGNAL','None Detected','None Detected','Cross/Enter at Intersection',None,'ON ROADWAY AT CROSSWALK',No,None,0.635689,0.994392,'No Apparent Injury'
MONTGOMERY,44571,18.667,'Maryland (State)',Pedestrian,'STRAIGHT MOVEMENT ANGLE',Clear,Dry,'Dark - Lighted','NO CONTROLS','None Detected','None Detected','Cross/Enter Not at Intersection','FAILURE TO YIELD RIGHT OF WAY','ON ROADWAY NOT AT CROSSWALK',Yes,None,0.509425,0.959862,'Possible Injury'
'Maryland-National Capital',43325,11.317,Government,Pedestrian,'Single Vehicle',Clear,Dry,Daylight,'STOP SIGN','None Detected','None Detected','Cross/Enter at Intersection',Dart/Dash,'ON ROADWAY AT CROSSWALK',Yes,None,0.480539,0.916179,'Suspected Minor Injury'
MONTGOMERY,42170,6.1,'Maryland (State)',Bicyclist,'Single Vehicle',Clear,Dry,Daylight,'TRAFFIC SIGNAL','None Detected','None Detected','Walking/Riding against Traffic','IN ROADWAY IMPROPERLY','ON ROADWAY NOT AT CROSSWALK',No,Yes,0.515945,0.91197,'Suspected Serious Injury'
MONTGOMERY,44394,12.967,County,' CONVEYANCE  Pedestrian','Single Vehicle',Clear,Dry,Daylight,'NO CONTROLS','None Detected','None Detected','Cross/Enter at Intersection',None,'ON ROADWAY NOT AT CROSSWALK',No,None,0.497293,0.918373,'No Apparent Injury'
MONTGOMERY,45298,20.433,County,Pedestrian,'Single Vehicle',Clear,Dry,'Dark - Lighted','NO CONTROLS','None Detected','None Detected','Cross/Enter Not at Intersection',Dart/Dash,'ON ROADWAY NOT AT CROSSWALK',Yes,None,0.578212,0.922232,'Suspected Minor Injury'
MONTGOMERY,44870,10,'Maryland (State)',Bicyclist,'Single Vehicle',Clear,Dry,Daylight,'NO CONTROLS','None Detected','None Detected','Walking/Riding w/Traffic',None,SHOULDER,No,None,0.637932,0.989748,'No Apparent Injury'
MONTGOMERY,42095,19.017,County,Pedestrian,'Single Vehicle',Clear,Dry,Daylight,'NO CONTROLS','None Detected','None Detected','Cross/Enter at Intersection',None,'ON ROADWAY AT CROSSWALK',No,None,0.686594,0.873116,'Suspected Serious Injury'
MONTGOMERY,44779,21.517,County,Pedestrian,'Single Vehicle',Clear,Dry,'Dark - Lighted','NO CONTROLS','None Detected','None Detected','Cross/Enter at Intersection',None,'ON ROADWAY AT CROSSWALK',Yes,None,0.529528,0.914132,'Suspected Serious Injury'
MONTGOMERY,44842,14.167,County,Pedestrian,'Single Vehicle',Clear,Dry,Daylight,'NO CONTROLS','None Detected','None Detected',Standing,Inattentive,'ON ROADWAY AT CROSSWALK',No,None,0.70436,0.884256,'Possible Injury'
MONTGOMERY,45371,8.233,County,Pedestrian,'Single Vehicle',Clear,Dry,Daylight,'NO CONTROLS','None Detected','None Detected','Cross/Enter at Intersection',None,'ON ROADWAY AT CROSSWALK',No,None,0.61468,0.938124,'Suspected Minor Injury'
MONTGOMERY,44269,14.2,'Maryland (State)',Pedestrian,'Single Vehicle',Clear,Dry,Daylight,'TRAFFIC SIGNAL','None Detected','None Detected','Cross/Enter at Intersection',None,'AT AT INTERSECTION MARKED CROSSWALK',No,None,0.686883,0.838166,'Possible Injury'
MONTGOMERY,42233,10.417,'Maryland (State)',Bicyclist,'STRAIGHT MOVEMENT ANGLE',Clear,Dry,Daylight,'NO CONTROLS','None Detected','None Detected','Walking/Cycling on Sidewalk',None,SIDEWALK,No,None,0.593257,0.902125,'Suspected Minor Injury'
ROCKVILLE,43532,7.433,Municipality,Pedestrian,'Single Vehicle',Snow,Wet,Dusk,'YIELD SIGN','None Detected','None Detected','Cross/Enter at Intersection',None,'ON ROADWAY AT CROSSWALK',No,None,0.608647,0.894627,'Suspected Minor Injury'
MONTGOMERY,42762,19.383,County,Pedestrian,'Single Vehicle',Clear,Dry,'Dark - Not Lighted','NO CONTROLS','None Detected','None Detected','Cross/Enter at Intersection',None,'AT INTERSECTION BUT NO CROSSWALK',No,None,0.545736,0.951863,'Possible Injury'
MONTGOMERY,42024,18.883,County,Pedestrian,'Single Vehicle',Cloudy,Dry,'Dark - Lighted','NO CONTROLS','None Detected','None Detected','Cross/Enter at Intersection',None,'ON ROADWAY AT CROSSWALK',No,None,0.695588,0.876622,'Suspected Minor Injury'
MONTGOMERY,43032,18.4,County,Pedestrian,'Single Vehicle',Clear,Dry,'Dark - Lighted','NO CONTROLS','None Detected','None Detected','Cross/Enter at Intersection',None,'ON ROADWAY AT CROSSWALK',No,None,0.609558,0.927105,'Suspected Minor Injury'
MONTGOMERY,44622,16.5,County,Bicyclist,'Single Vehicle',Clear,Dry,Daylight,'TRAFFIC SIGNAL','None Detected','None Detected','Cross/Enter at Intersection',None,'ON ROADWAY AT CROSSWALK',No,None,0.633077,0.893701,'Suspected Minor Injury'
MONTGOMERY,44189,17.85,County,Pedestrian,'Single Vehicle',Cloudy,Dry,'Dark - Lighted','STOP SIGN','None Detected','None Detected','Walking/Cycling on Sidewalk',None,'DRIVEWAY ACCESS MARKED CROSSWALK',No,None,0.677148,0.871205,'Possible Injury'
ROCKVILLE,42555,19.35,Municipality,Pedestrian,'Single Vehicle',Rain,Wet,Dusk,'NO CONTROLS','None Detected','None Detected','Cross/Enter at Intersection',None,'ON ROADWAY AT CROSSWALK',No,None,0.601475,0.908956,'No Apparent Injury'
MONTGOMERY,44909,13.883,'Maryland (State)',Bicyclist,'STRAIGHT MOVEMENT ANGLE',Cloudy,Dry,Daylight,'NO CONTROLS','None Detected','None Detected','Cross/Enter at Intersection',None,'DRIVEWAY ACCESS MARKED CROSSWALK',No,None,0.501014,0.926839,'Suspected Minor Injury'
MONTGOMERY,42473,14.7,County,Pedestrian,'Single Vehicle',Clear,Dry,Daylight,'NO CONTROLS','None Detected','None Detected','Cross/Enter at Intersection',None,SIDEWALK,No,None,0.534389,0.954832,'Possible Injury'
MONTGOMERY,44724,23.983,'US (State)',Pedestrian,'Single Vehicle',Clear,Dry,'Dark - Lighted','TRAFFIC SIGNAL','None Detected','None Detected','Cross/Enter at Intersection','FAILURE TO YIELD RIGHT OF WAY','ON ROADWAY NOT AT CROSSWALK',Yes,None,0.508197,0.948778,'Suspected Minor Injury'
MONTGOMERY,45529,15.017,County,Pedestrian,'Single Vehicle',Clear,Dry,Daylight,'NO CONTROLS','None Detected','None Detected','Cross/Enter at Intersection','IN ROADWAY IMPROPERLY','ON ROADWAY NOT AT CROSSWALK',No,None,0.618833,0.863645,'Suspected Minor Injury'
'Maryland-National Capital',43513,18.5,Government,Bicyclist,'ANGLE MEETS LEFT HEAD ON',Rain,Wet,'Dark - Lighted','STOP SIGN','None Detected','None Detected','Walking/Riding against Traffic','WRONG WAY RIDING OR WALKING','ON ROADWAY AT CROSSWALK',Yes,Yes,0.510445,0.947311,'Suspected Serious Injury'
MONTGOMERY,45530,21.333,County,Pedestrian,'Single Vehicle',Clear,Dry,'Dark - Lighted','TRAFFIC SIGNAL','None Detected','None Detected','Cross/Enter at Intersection',None,'ON ROADWAY AT CROSSWALK',No,Yes,0.732955,0.841662,'Suspected Minor Injury'
MONTGOMERY,44873,15.233,'Maryland (State)',Pedestrian,'Single Vehicle',Clear,Dry,Daylight,'NO CONTROLS','None Detected','None Detected','Cross/Enter Not at Intersection',Dart/Dash,'ON ROADWAY NOT AT CROSSWALK',Yes,None,0.713685,0.855743,'Suspected Serious Injury'
MONTGOMERY,44514,12.75,Municipality,Pedestrian,'STRAIGHT MOVEMENT ANGLE',Cloudy,Dry,Daylight,'TRAFFIC SIGNAL','None Detected','None Detected','Cross/Enter at Intersection',None,'ON ROADWAY AT CROSSWALK',No,None,0.686823,0.859112,'Possible Injury'
MONTGOMERY,42774,8.6,'Maryland (State)',Pedestrian,'Single Vehicle',Clear,Dry,Daylight,'TRAFFIC SIGNAL','None Detected','None Detected','Cross/Enter at Intersection',None,'ON ROADWAY AT CROSSWALK',No,None,0.555323,0.936705,'Possible Injury'
MONTGOMERY,43964,11.233,County,' CONVEYANCE','HEAD ON',Clear,Dry,Daylight,'NO CONTROLS','None Detected','None Detected',' Working',None,'ON ROADWAY AT CROSSWALK',No,Yes,0.499401,0.952354,'Possible Injury'
GAITHERSBURG,45544,18.5,Municipality,Pedestrian,'Single Vehicle',Rain,Wet,Daylight,'NO CONTROLS','None Detected','None Detected','Cross/Enter Not at Intersection',None,'ON ROADWAY NOT AT CROSSWALK',No,None,0.674809,0.875539,'Suspected Minor Injury'
MONTGOMERY,45650,14.417,County,Pedestrian,'Single Vehicle',Clear,Dry,Daylight,'NO CONTROLS','None Detected','None Detected','Walking/Cycling on Sidewalk',None,SIDEWALK,No,None,0.575185,0.923722,'Suspected Minor Injury'
GAITHERSBURG,43964,11.333,Municipality,Bicyclist,'Single Vehicle',Clear,Dry,Daylight,'STOP SIGN','None Detected','None Detected','Cross/Enter at Intersection',None,'ON ROADWAY AT CROSSWALK',No,Yes,0.646392,0.860353,'Suspected Minor Injury'
MONTGOMERY,44266,19.95,'Maryland (State)',Pedestrian,'Single Vehicle',Clear,Dry,'Dark - Not Lighted','NO CONTROLS','None Detected','None Detected','Walking/Cycling on Sidewalk',None,SIDEWALK,No,None,0.543606,0.940043,'Suspected Minor Injury'
MONTGOMERY,42523,8.5,County,Pedestrian,'Single Vehicle',Clear,Dry,Daylight,'NO CONTROLS','None Detected','None Detected','Cross/Enter at Intersection',None,'ON ROADWAY NOT AT CROSSWALK',No,None,0.691566,0.829847,'Possible Injury'
MONTGOMERY,43526,12.317,County,Pedestrian,'Single Vehicle',Clear,Dry,Daylight,'NO CONTROLS','None Detected','None Detected','Cross/Enter Not at Intersection',Dart/Dash,'ON ROADWAY NOT AT CROSSWALK',Yes,None,0.692246,0.837893,'Suspected Minor Injury'
MONTGOMERY,44202,22.2,County,Pedestrian,'Single Vehicle',Cloudy,Dry,'Dark - Lighted','TRAFFIC SIGNAL','None Detected','None Detected',Standing,None,'ON ROADWAY NOT AT CROSSWALK',No,None,0.598893,0.979295,'Suspected Serious Injury'
MONTGOMERY,44092,18.117,County,Pedestrian,'Single Vehicle',Clear,Dry,Daylight,'NO CONTROLS','None Detected','None Detected',Standing,None,'ON ROADWAY AT CROSSWALK',No,None,0.708403,0.870428,'Possible Injury'
MONTGOMERY,42255,11.733,County,Pedestrian,'Single Vehicle',Clear,Dry,Daylight,'NO CONTROLS','None Detected','None Detected','Cross/Enter at Intersection',Dart/Dash,'ON ROADWAY AT CROSSWALK',Yes,None,0.691426,0.869645,'Possible Injury'
MONTGOMERY,43122,17.6,County,Pedestrian,'Single Vehicle',Clear,Dry,'Dark - Lighted','NO CONTROLS','None Detected','None Detected','Cross/Enter at Intersection',None,'ON ROADWAY AT CROSSWALK',No,None,0.578024,0.936108,'Suspected Serious Injury'
MONTGOMERY,42668,9.083,'Maryland (State)',Pedestrian,'Single Vehicle',Clear,Dry,Daylight,'TRAFFIC SIGNAL','None Detected','None Detected','Cross/Enter at Intersection',None,'ON ROADWAY AT CROSSWALK',No,None,0.466625,0.923011,'Possible Injury'
MONTGOMERY,43942,12.467,County,Pedestrian,'Single Vehicle',Cloudy,Dry,Daylight,'NO CONTROLS','None Detected','None Detected','Cross/Enter at Intersection',None,'ON ROADWAY AT CROSSWALK',No,None,0.535383,0.955586,'Suspected Minor Injury'
MONTGOMERY,43263,21.383,'Maryland (State)',Pedestrian,'Single Vehicle',Clear,Dry,'Dark - Lighted','NO CONTROLS','None Detected','ILLEGAL DRUG PRESENT','Cross/Enter at Intersection',None,'ON ROADWAY NOT AT CROSSWALK',Yes,None,0.712237,0.855887,'Suspected Serious Injury'
MONTGOMERY,44512,15.3,County,Pedestrian,'Single Vehicle',Clear,Dry,Daylight,'NO CONTROLS','None Detected','None Detected',Standing,None,'ON ROADWAY AT CROSSWALK',No,None,0.520991,0.94273,'Possible Injury'
ROCKVILLE,42425,18.433,'Maryland (State)',Pedestrian,'Single Vehicle',Clear,Dry,'Dark - Lighted','NO CONTROLS','None Detected','None Detected','Cross/Enter at Intersection',None,SIDEWALK,No,None,0.614054,0.893526,'Suspected Minor Injury'
MONTGOMERY,43620,17.5,County,Pedestrian,'Single Vehicle',Clear,Dry,Daylight,'STOP SIGN','None Detected','None Detected','Cross/Enter at Intersection',None,'AT AT INTERSECTION MARKED CROSSWALK',No,None,0.491241,0.917398,'Possible Injury'
MONTGOMERY,43521,6.583,'Maryland (State)',Pedestrian,'STRAIGHT MOVEMENT ANGLE',Clear,Dry,Dawn,'TRAFFIC SIGNAL','None Detected','None Detected','Cross/Enter at Intersection',None,'ON ROADWAY AT CROSSWALK',No,None,0.501947,0.947283,'Possible Injury'
MONTGOMERY,42230,21.8,County,Pedestrian,'Single Vehicle',Clear,Dry,'Dark - Lighted','TRAFFIC SIGNAL','None Detected','None Detected','Cross/Enter at Intersection','IN ROADWAY IMPROPERLY','ON ROADWAY AT CROSSWALK',Yes,None,0.516081,0.962176,'Suspected Minor Injury'
MONTGOMERY,44182,6.25,'Maryland (State)',Pedestrian,'Single Vehicle',Clear,ICE,'Dark - Lighted','TRAFFIC SIGNAL','None Detected','None Detected','Cross/Enter at Intersection',None,'MIDBLOCK MARKED CROSSWALK',No,None,0.510768,0.962758,'Possible Injury'
MONTGOMERY,42908,6.1,'US (State)',Pedestrian,'STRAIGHT MOVEMENT ANGLE',Clear,Dry,Daylight,'NO CONTROLS','None Detected','None Detected','Cross/Enter at Intersection',Dart/Dash,'ON ROADWAY AT CROSSWALK',No,None,0.535779,0.955264,'Suspected Serious Injury'
MONTGOMERY,42233,17.367,Municipality,Bicyclist,'Single Vehicle',Clear,Dry,Daylight,'YIELD SIGN','None Detected','None Detected','Cross/Enter at Intersection',None,'AT AT INTERSECTION MARKED CROSSWALK',Yes,None,0.690288,0.865338,'Possible Injury'
MONTGOMERY,43023,19.4,County,Pedestrian,'Single Vehicle',Clear,Dry,'Dark - Lighted','NO CONTROLS','None Detected','None Detected','Cross/Enter at Intersection',None,'ON ROADWAY AT CROSSWALK',Yes,None,0.562966,0.884123,'Suspected Serious Injury'
ROCKVILLE,42951,15.65,Municipality,Bicyclist,'Single Vehicle',Clear,Dry,Daylight,'TRAFFIC SIGNAL','None Detected','None Detected','Cross/Enter at Intersection',None,'ON ROADWAY AT CROSSWALK',No,None,0.63955,0.889422,'Possible Injury'
MONTGOMERY,42178,7.6,County,Bicyclist,'Single Vehicle',Clear,Dry,Daylight,'TRAFFIC SIGNAL','None Detected','None Detected','Cross/Enter at Intersection','IN ROADWAY IMPROPERLY','ON ROADWAY AT CROSSWALK',No,None,0.717569,0.842416,'Possible Injury'
MONTGOMERY,42724,8.383,'Maryland (State)',Pedestrian,'Single Vehicle',Clear,Dry,Daylight,'NO CONTROLS','None Detected','None Detected','Walking/Riding w/Traffic',None,'ON ROADWAY NOT AT CROSSWALK',No,None,0.649676,0.943494,'Suspected Minor Injury'
MONTGOMERY,43856,6.833,County,Pedestrian,'Single Vehicle',Clear,Dry,Dawn,'NO CONTROLS','None Detected','None Detected','Cross/Enter Not at Intersection',None,'ON ROADWAY NOT AT CROSSWALK',No,None,0.573706,0.962809,'Suspected Minor Injury'
MONTGOMERY,43090,9.867,'Maryland (State)',Pedestrian,'Single Vehicle',Clear,Dry,Daylight,'NO CONTROLS','None Detected','None Detected','Cross/Enter at Intersection',None,'ON ROADWAY AT CROSSWALK',No,None,0.50597,0.942094,'Suspected Serious Injury'
MONTGOMERY,43367,21.833,'Maryland (State)',Pedestrian,'Single Vehicle',Rain,Wet,'Dark - Lighted','NO CONTROLS','None Detected','ALCOHOL PRESENT','Cross/Enter at Intersection','NOT VISIBLE','ON ROADWAY NOT AT CROSSWALK',Yes,None,0.51072,0.963679,'Suspected Minor Injury'
MONTGOMERY,44079,22.617,'Maryland (State)',Pedestrian,'Single Vehicle',Clear,Dry,'Dark - Lighted','NO CONTROLS','None Detected','ALCOHOL PRESENT','Cross/Enter Not at Intersection',Dart/Dash,'ON ROADWAY NOT AT CROSSWALK',Yes,None,0.512896,0.962666,'Fatal Injury'
MONTGOMERY,42283,15.067,County,Pedestrian,'Single Vehicle',Clear,Dry,Daylight,'NO CONTROLS','None Detected','None Detected','Cross/Enter at Intersection',Dart/Dash,'ON ROADWAY AT CROSSWALK',Yes,None,0.577512,0.913185,'Possible Injury'
ROCKVILLE,42685,19.867,'Maryland (State)',Pedestrian,'Single Vehicle',Clear,Dry,'Dark - Lighted','TRAFFIC SIGNAL','None Detected','None Detected','Cross/Enter at Intersection',None,'AT AT INTERSECTION MARKED CROSSWALK',No,None,0.604925,0.894988,'Suspected Minor Injury'
MONTGOMERY,42550,20.767,'US (State)',Pedestrian,'Single Vehicle',Clear,Dry,'Dark - Not Lighted','TRAFFIC SIGNAL','None Detected','None Detected','Cross/Enter at Intersection',None,'AT AT INTERSECTION MARKED CROSSWALK',No,None,0.508279,0.948867,'Possible Injury'
MONTGOMERY,44753,6.7,County,Pedestrian,'Single Vehicle',Clear,Dry,Daylight,'TRAFFIC SIGNAL','None Detected','None Detected','Cross/Enter at Intersection',None,'AT AT INTERSECTION MARKED CROSSWALK',No,Yes,0.579786,0.907834,'Suspected Minor Injury'
MONTGOMERY,44321,17.5,County,Bicyclist,'Single Vehicle',Clear,Dry,Daylight,'NO CONTROLS','None Detected','None Detected','Cross/Enter at Intersection',None,'AT INTERSECTION BUT NO CROSSWALK',No,None,0.726197,0.855668,'Possible Injury'
MONTGOMERY,43563,7.383,County,Pedestrian,'Single Vehicle',Clear,Wet,Daylight,'TRAFFIC SIGNAL','None Detected','None Detected','Cross/Enter at Intersection',None,'ON ROADWAY AT CROSSWALK',No,None,0.48919,0.919872,'Possible Injury'
MONTGOMERY,42630,17.767,'Maryland (State)',Bicyclist,'SAME DIRECTION SIDESWIPE',Clear,Dry,Daylight,'NO CONTROLS','None Detected','None Detected','Walking/Riding w/Traffic','DISABLED VEHICLE RELATED',SHOULDER,Yes,None,0.646295,0.965249,'Possible Injury'
ROCKVILLE,45462,10,County,Bicyclist,'Single Vehicle',Clear,Dry,Daylight,'NO CONTROLS','None Detected','None Detected','Walking/Cycling on Sidewalk',None,SIDEWALK,No,None,0.58653,0.904694,'No Apparent Injury'
MONTGOMERY,44397,21.6,County,Bicyclist,'STRAIGHT MOVEMENT ANGLE',Clear,Dry,'Dark - Lighted','NO CONTROLS','None Detected','None Detected','Cross/Enter Not at Intersection',None,'ON ROADWAY AT CROSSWALK',No,Yes,0.553007,0.94881,'No Apparent Injury'
MONTGOMERY,45573,13.283,County,Bicyclist,'Single Vehicle',Clear,Dry,Daylight,'TRAFFIC SIGNAL','None Detected','None Detected','Cross/Enter at Intersection',None,'ON ROADWAY AT CROSSWALK',No,Yes,0.517131,0.950634,'No Apparent Injury'
MONTGOMERY,42476,12.3,County,Pedestrian,'Single Vehicle',Clear,Dry,Daylight,'NO CONTROLS','None Detected','None Detected','Cross/Enter at Intersection',Inattentive,'ON ROADWAY AT CROSSWALK',No,None,0.563135,0.96476,'Possible Injury'
MONTGOMERY,42194,21.933,County,Pedestrian,'Single Vehicle',Clear,Dry,'Dark - Lighted','NO CONTROLS','None Detected','None Detected','Cross/Enter at Intersection',None,'ON ROADWAY AT CROSSWALK',No,None,0.567076,0.917209,'Suspected Minor Injury'
MONTGOMERY,42167,18.317,County,Bicyclist,'STRAIGHT MOVEMENT ANGLE',Cloudy,Dry,Daylight,'TRAFFIC SIGNAL','None Detected','None Detected','Cross/Enter at Intersection',Dart/Dash,'AT AT INTERSECTION MARKED CROSSWALK',No,None,0.711079,0.87099,'No Apparent Injury'
MONTGOMERY,42496,5.25,'Maryland (State)',Bicyclist,'Single Vehicle',Rain,Wet,'Dark - Lighted','NO CONTROLS','None Detected','None Detected','Walking/Riding w/Traffic',None,'AT INTERSECTION BUT NO CROSSWALK',No,Yes,0.720397,0.846779,'Suspected Minor Injury'
MONTGOMERY,42283,8.567,'Maryland (State)',Bicyclist,'HEAD ON LEFT TURN',Clear,Dry,Daylight,'TRAFFIC SIGNAL','None Detected','None Detected','Walking/Riding w/Traffic',None,SHOULDER,No,Yes,0.694133,0.926686,'Possible Injury'
MONTGOMERY,43864,8.817,'Maryland (State)',Pedestrian,'SAME DIR REAR END',Clear,Dry,Daylight,'NO CONTROLS','None Detected','None Detected','Push/Work on Vehicle','DISABLED VEHICLE RELATED',SHOULDER,No,None,0.565955,0.843723,'Suspected Minor Injury'
MONTGOMERY,44376,12,'Maryland (State)',Bicyclist,'SAME DIRECTION SIDESWIPE',Clear,Dry,Daylight,'TRAFFIC SIGNAL','None Detected','None Detected','Walking/Riding w/Traffic',None,'ON ROADWAY NOT AT CROSSWALK',No,Yes,0.562267,0.911164,'Suspected Minor Injury'
MONTGOMERY,42950,11.15,County,Pedestrian,'Single Vehicle',Clear,Dry,Daylight,'TRAFFIC SIGNAL','None Detected','None Detected','Cross/Enter at Intersection',None,'ON ROADWAY AT CROSSWALK',No,None,0.578849,0.939792,'Suspected Serious Injury'
MONTGOMERY,44840,18.85,County,Bicyclist,'Single Vehicle',Clear,Dry,'Dark - Lighted','TRAFFIC SIGNAL','None Detected','None Detected','Cross/Enter at Intersection',None,'IN BIKEWAY',No,Yes,0.482788,0.889415,'Suspected Minor Injury'
MONTGOMERY,44454,19.583,'US (State)',Bicyclist,'Single Vehicle',Clear,Dry,'Dark - Lighted','STOP SIGN','None Detected','None Detected','Walking/Riding against Traffic','WRONG WAY RIDING OR WALKING',CURB,Yes,None,0.502439,0.948913,'Suspected Minor Injury'
MONTGOMERY,43151,15.5,County,Pedestrian,'Single Vehicle',Clear,Dry,Daylight,'NO CONTROLS','None Detected','None Detected',Standing,None,'ON ROADWAY AT CROSSWALK',No,None,0.500124,0.947697,'Possible Injury'
MONTGOMERY,43432,18.133,County,Pedestrian,'Single Vehicle',Clear,Dry,'Dark - Lighted','NO CONTROLS','None Detected','None Detected','Cross/Enter at Intersection',None,'AT INTERSECTION BUT NO CROSSWALK',No,None,0.613295,0.928989,'Possible Injury'
MONTGOMERY,44603,16.083,Government,Bicyclist,'Single Vehicle',Clear,Dry,Daylight,'TRAFFIC SIGNAL','None Detected','None Detected','Walking/Riding w/Traffic',None,'ON ROADWAY NOT AT CROSSWALK',No,None,0.520226,0.925292,'Suspected Minor Injury'
ROCKVILLE,42903,17.25,County,Pedestrian,'Single Vehicle',Clear,Dry,Daylight,'STOP SIGN','None Detected','None Detected','Cross/Enter at Intersection',None,'ON ROADWAY AT CROSSWALK',No,None,0.585979,0.904609,'Suspected Minor Injury'
MONTGOMERY,43817,15.667,County,Pedestrian,'Single Vehicle',Clear,Dry,Daylight,'TRAFFIC SIGNAL','None Detected','None Detected','Cross/Enter at Intersection',None,'AT AT INTERSECTION MARKED CROSSWALK',No,None,0.655417,0.880146,'Possible Injury'
'Maryland-National Capital',43731,15,County,Pedestrian,'Single Vehicle',Cloudy,Dry,Daylight,'NO CONTROLS','None Detected','None Detected','Cross/Enter at Intersection',None,'ON ROADWAY AT CROSSWALK',Yes,None,0.687863,0.902213,'No Apparent Injury'
MONTGOMERY,42374,7.833,County,Pedestrian,'Single Vehicle',Clear,Dry,Daylight,'TRAFFIC SIGNAL','None Detected','None Detected','Cross/Enter at Intersection',None,'ON ROADWAY AT CROSSWALK',No,None,0.500002,0.915104,'Fatal Injury'
MONTGOMERY,45322,17.583,County,Pedestrian,'Single Vehicle',Rain,Wet,'Dark - Lighted','NO CONTROLS','None Detected','None Detected','Cross/Enter Not at Intersection',Dart/Dash,'ON ROADWAY NOT AT CROSSWALK',Yes,None,0.635664,0.875676,'Possible Injury'
MONTGOMERY,42209,18.467,County,Bicyclist,'Single Vehicle',Clear,Dry,Daylight,'NO CONTROLS','None Detected','None Detected',Playing,Inattentive,'ON ROADWAY AT CROSSWALK',Yes,Yes,0.564217,0.911076,'Suspected Minor Injury'
ROCKVILLE,44124,23.383,Municipality,Pedestrian,'Single Vehicle',Clear,Dry,'Dark - Lighted','NO CONTROLS','None Detected','None Detected','Walking/Riding w/Traffic','IN ROADWAY IMPROPERLY','ON ROADWAY NOT AT CROSSWALK',Yes,None,0.606892,0.893078,'Suspected Minor Injury'
MONTGOMERY,43288,15.65,County,Bicyclist,'ANGLE MEETS LEFT HEAD ON',Clear,Dry,Daylight,'NO CONTROLS','None Detected','None Detected','Cross/Enter at Intersection','FAILURE TO OBEY TRAFFIC SIGNS SIGNALS OR OFFICER','ON ROADWAY AT CROSSWALK',Yes,Yes,0.473856,0.914653,'Suspected Minor Injury'
MONTGOMERY,45476,0,County,Pedestrian,'Single Vehicle',Clear,Dry,'Dark - Lighted','NO CONTROLS','None Detected','ALCOHOL PRESENT','Walking/Riding w/Traffic',None,'ON ROADWAY AT CROSSWALK',Yes,None,0.501566,0.94971,'Possible Injury'
MONTGOMERY,44397,9.833,'Maryland (State)',Bicyclist,'ANGLE MEETS RIGHT TURN',Clear,Dry,Daylight,'NO CONTROLS','None Detected','None Detected','Walking/Cycling on Sidewalk',None,SIDEWALK,No,None,0.564452,0.911036,'No Apparent Injury'
MONTGOMERY,44127,18.917,'Maryland (State)',Pedestrian,'Single Vehicle',Clear,Dry,'Dark - Lighted','TRAFFIC SIGNAL','None Detected','None Detected','Cross/Enter at Intersection','NOT VISIBLE','ON ROADWAY AT CROSSWALK',No,None,0.550996,0.913681,'Possible Injury'
MONTGOMERY,42272,15.167,County,Bicyclist,'Single Vehicle',Cloudy,Dry,Daylight,'NO CONTROLS','None Detected','None Detected','Walking/Riding w/Traffic',None,'ON ROADWAY NOT AT CROSSWALK',Yes,None,0.655481,0.85108,'No Apparent Injury'
TAKOMA,43611,21.3,'Maryland (State)',Bicyclist,'HEAD ON LEFT TURN',Clear,Dry,'Dark - Lighted','TRAFFIC SIGNAL','None Detected','None Detected','Walking/Riding w/Traffic','NOT VISIBLE','AT INTERSECTION BUT NO CROSSWALK',No,Yes,0.491901,0.953855,'Suspected Serious Injury'
MONTGOMERY,42637,9,County,Bicyclist,'STRAIGHT MOVEMENT ANGLE',Clear,Dry,Daylight,'TRAFFIC SIGNAL','None Detected','None Detected','Cross/Enter at Intersection',None,'AT AT INTERSECTION MARKED CROSSWALK',No,Yes,0.447431,0.909133,'Suspected Serious Injury'
MONTGOMERY,42266,9.767,County,Pedestrian,'Single Vehicle',Clear,Dry,Daylight,'STOP SIGN','None Detected','None Detected','Cross/Enter at Intersection',None,'ON ROADWAY AT CROSSWALK',No,None,0.560722,0.91072,'Possible Injury'
MONTGOMERY,42179,19.45,County,Pedestrian,'Single Vehicle',Clear,Dry,Daylight,'NO CONTROLS','None Detected','None Detected','Walking/Cycling on Sidewalk',None,SIDEWALK,No,None,0.679262,0.8704,'Suspected Minor Injury'
MONTGOMERY,42144,11.35,County,Pedestrian,'STRAIGHT MOVEMENT ANGLE',Clear,Dry,Daylight,'STOP SIGN','None Detected','None Detected','Cross/Enter at Intersection',None,'ON ROADWAY AT CROSSWALK',No,None,0.54077,0.896452,'Suspected Minor Injury'