'Agency Name','Days after Jan 1','Hours past Midnight','Route Type','Related Non-Motorist','Collision Type',Weather,'Surface Condition',Light,'Traffic Control','Driver Substance Abuse','Non-Motorist Substance Abuse','Pedestrian Movement','Pedestrian Actions','Pedestrian Location','At Fault','Safety Equipment','Lat- Normalized','Long- Normalized','Injury Severity'
ROCKVILLE,44094,18.167,Municipality,Pedestrian,'Single Vehicle',Clear,Dry,Daylight,'TRAFFIC SIGNAL','None Detected','None Detected','Cross/Enter at Intersection',None,'ON ROADWAY AT CROSSWALK',Yes,Yes,0.64051,0.885128,'Suspected Minor Injury'
MONTGOMERY,43217,12.733,County,Pedestrian,'Single Vehicle',Cloudy,Dry,Daylight,'NO CONTROLS','None Detected','None Detected','Walking/Riding against Traffic',Dart/Dash,'ON ROADWAY NOT AT CROSSWALK',Yes,None,0.594565,0.922738,'Possible Injury'
MONTGOMERY,42760,9.167,'Maryland (State)',Pedestrian,'Single Vehicle',Clear,Dry,Daylight,'STOP SIGN','None Detected','None Detected','Cross/Enter at Intersection',None,'ON ROADWAY AT CROSSWALK',No,None,0.455666,0.915667,'Suspected Minor Injury'
GAITHERSBURG,42884,16.667,County,Pedestrian,'Single Vehicle',Clear,Dry,Daylight,'NO CONTROLS','None Detected','None Detected',Playing,Dart/Dash,'ON ROADWAY AT CROSSWALK',Yes,None,0.622875,0.869719,'Suspected Minor Injury'
MONTGOMERY,42710,17.833,'US (State)',Bicyclist,'Single Vehicle',Rain,Wet,'Dark - Lighted','TRAFFIC SIGNAL','None Detected','None Detected','Cross/Enter at Intersection',None,'AT AT INTERSECTION MARKED CROSSWALK',No,None,0.500464,0.948948,'No Apparent Injury'
MONTGOMERY,45454,0.3,County,Pedestrian,'Single Vehicle',Clear,Dry,'Dark - Lighted','NO CONTROLS','ALCOHOL CONTRIBUTED','None Detected',' Working',None,'ON ROADWAY NOT AT CROSSWALK',No,None,0.498243,0.917192,'Possible Injury'
MONTGOMERY,43699,13,County,Pedestrian,'Single Vehicle',Clear,Dry,Daylight,PERSON,'None Detected','None Detected','Cross/Enter at Intersection',None,'ON ROADWAY NOT AT CROSSWALK',No,Yes,0.697004,0.876188,'Suspected Minor Injury'
MONTGOMERY,44742,18.2,County,Pedestrian,'Single Vehicle',Clear,Dry,Daylight,'NO CONTROLS','None Detected','None Detected','Cross/Enter at Intersection',None,'ON ROADWAY AT CROSSWALK',No,None,0.678303,0.931205,'No Apparent Injury'
MONTGOMERY,44587,14.25,County,Pedestrian,'Single Vehicle',Clear,Dry,Daylight,'TRAFFIC SIGNAL','None Detected','None Detected','Cross/Enter at Intersection',None,'ON ROADWAY AT CROSSWALK',No,None,0.471963,0.913434,'Possible Injury'
MONTGOMERY,42859,22.117,'US (State)',Pedestrian,'Single Vehicle',Rain,Wet,'Dark - Lighted','NO CONTROLS','None Detected','ALCOHOL CONTRIBUTED','Cross/Enter Not at Intersection','IN ROADWAY IMPROPERLY','ON ROADWAY AT CROSSWALK',Yes,None,0.4933,0.949186,'Suspected Minor Injury'
MONTGOMERY,42441,13.217,'Maryland (State)',Pedestrian,'SAME DIR REAR END',Clear,Dry,Daylight,'TRAFFIC SIGNAL','None Detected','None Detected','Cross/Enter at Intersection',None,'ON ROADWAY AT CROSSWALK',No,None,0.550775,0.905623,'Possible Injury'
MONTGOMERY,42246,13.067,'Maryland (State)',Pedestrian,'Single Vehicle',Cloudy,Dry,Daylight,'TRAFFIC SIGNAL','None Detected','None Detected','Cross/Enter at Intersection',None,'AT AT INTERSECTION MARKED CROSSWALK',No,None,0.506217,0.948461,'Suspected Minor Injury'
TAKOMA,45566,20.5,'Maryland (State)',Pedestrian,'Single Vehicle',Clear,Dry,'Dark - Lighted','NO CONTROLS','None Detected','None Detected','Cross/Enter Not at Intersection','IMPROPER PASSING','ON ROADWAY NOT AT CROSSWALK',Yes,None,0.502639,0.964404,'Possible Injury'
MONTGOMERY,42384,15.25,County,Pedestrian,'STRAIGHT MOVEMENT ANGLE',Clear,Dry,Daylight,'NO CONTROLS','None Detected','None Detected','Cross/Enter at Intersection',None,'ON ROADWAY AT CROSSWALK',No,None,0.582925,0.942225,'Suspected Minor Injury'
MONTGOMERY,44082,18.667,'Maryland (State)',Bicyclist,'Single Vehicle',Clear,Dry,Daylight,'NO CONTROLS','None Detected','None Detected','Walking/Cycling on Sidewalk','WRONG WAY RIDING OR WALKING',SIDEWALK,Yes,None,0.500118,0.918741,'Suspected Minor Injury'
MONTGOMERY,43867,18.167,County,Pedestrian,'Single Vehicle',Rain,Wet,'Dark - Not Lighted','NO CONTROLS','None Detected','None Detected','Cross/Enter at Intersection',None,'ON ROADWAY AT CROSSWALK',No,None,0.558452,0.929005,'Suspected Minor Injury'
MONTGOMERY,43049,14.583,County,Pedestrian,'Single Vehicle',Clear,Dry,Daylight,'NO CONTROLS','None Detected','None Detected','Cross/Enter at Intersection',None,'ON ROADWAY AT CROSSWALK',No,None,0.499843,0.915536,'Possible Injury'
MONTGOMERY,43337,10.5,'Maryland (State)',Pedestrian,'Single Vehicle',Cloudy,Dry,Daylight,'NO CONTROLS','None Detected','None Detected','Cross/Enter at Intersection',None,'ON ROADWAY NOT AT CROSSWALK',No,None,0.55165,0.938782,'Suspected Minor Injury'
MONTGOMERY,44827,14.783,County,Pedestrian,'Single Vehicle',Clear,Dry,Daylight,'STOP SIGN','None Detected','None Detected',' Working',None,'ON ROADWAY NOT AT CROSSWALK',No,Yes,0.610866,0.944335,'Possible Injury'
MONTGOMERY,45424,18.217,County,Pedestrian,'Single Vehicle',Clear,Dry,Daylight,'NO CONTROLS','None Detected','None Detected','Cross/Enter at Intersection',None,'ON ROADWAY AT CROSSWALK',No,None,0.542503,0.958704,'Possible Injury'
MONTGOMERY,42432,5,County,Pedestrian,'Single Vehicle',Clear,Dry,Dusk,'TRAFFIC SIGNAL','None Detected','None Detected','Walking/Riding w/Traffic',None,SHOULDER,No,None,0.575498,0.985143,'Suspected Minor Injury'
MONTGOMERY,42952,16.567,County,Pedestrian,'Single Vehicle',Clear,Dry,Daylight,'NO CONTROLS','None Detected','None Detected','Cross/Enter at Intersection',None,'ON ROADWAY AT CROSSWALK',No,None,0.48361,0.905205,'Suspected Serious Injury'
GAITHERSBURG,44757,21.333,Municipality,Pedestrian,'Single Vehicle',Clear,Dry,'Dark - Lighted','NO CONTROLS','None Detected','None Detected','Cross/Enter Not at Intersection','IN ROADWAY IMPROPERLY','ON ROADWAY NOT AT CROSSWALK',Yes,None,0.67141,0.87458,'Suspected Serious Injury'
MONTGOMERY,44065,17.283,County,Bicyclist,'STRAIGHT MOVEMENT ANGLE',Clear,Dry,Daylight,'TRAFFIC SIGNAL','None Detected','None Detected','Cross/Enter at Intersection','FAILURE TO OBEY TRAFFIC SIGNS SIGNALS OR OFFICER','ON ROADWAY AT CROSSWALK',Yes,None,0.541921,0.902434,'Suspected Minor Injury'
MONTGOMERY,43552,14.783,County,Pedestrian,'Single Vehicle',Clear,Dry,Daylight,'STOP SIGN','None Detected','None Detected','Cross/Enter at Intersection',None,'AT AT INTERSECTION MARKED CROSSWALK',No,None,0.720528,0.845838,'Suspected Minor Injury'
MONTGOMERY,43684,21,'Maryland (State)',Pedestrian,'Single Vehicle',Clear,Dry,'Dark - Lighted','TRAFFIC SIGNAL','None Detected','None Detected','Cross/Enter at Intersection',None,'ON ROADWAY AT CROSSWALK',No,None,0.507473,0.918377,'Suspected Minor Injury'
MONTGOMERY,44299,12.25,County,Pedestrian,'Single Vehicle',Cloudy,Dry,Daylight,'NO CONTROLS','None Detected','None Detected',Standing,None,'ON ROADWAY AT CROSSWALK',Yes,None,0.699691,0.870118,'Suspected Minor Injury'
MONTGOMERY,42696,16,'Maryland (State)',Pedestrian,'Single Vehicle',Clear,Dry,Daylight,'NO CONTROLS','None Detected','None Detected','Cross/Enter Not at Intersection','IN ROADWAY IMPROPERLY','ON ROADWAY NOT AT CROSSWALK',Yes,None,0.55627,0.93649,'Possible Injury'
MONTGOMERY,43067,11.733,'Maryland (State)',Pedestrian,'STRAIGHT MOVEMENT ANGLE',Clear,Dry,Daylight,'TRAFFIC SIGNAL','None Detected','None Detected','Cross/Enter at Intersection',None,'ON ROADWAY AT CROSSWALK',No,None,0.493662,0.919221,'Possible Injury'
MONTGOMERY,42592,8.9,'Maryland (State)',Bicyclist,'STRAIGHT MOVEMENT ANGLE',Clear,Dry,Daylight,'NO CONTROLS','None Detected','None Detected','Walking/Riding w/Traffic',None,'ON ROADWAY NOT AT CROSSWALK',No,Yes,0.601427,0.92882,'Possible Injury'
MONTGOMERY,42170,15.617,Government,Bicyclist,'STRAIGHT MOVEMENT ANGLE',Clear,Dry,Daylight,'TRAFFIC SIGNAL','None Detected','None Detected','Walking/Riding w/Traffic','FAILURE TO OBEY TRAFFIC SIGNS SIGNALS OR OFFICER','ON ROADWAY NOT AT CROSSWALK',No,Yes,0.503245,0.932713,'Suspected Minor Injury'
MONTGOMERY,42359,21.583,County,Pedestrian,'Single Vehicle',Clear,Dry,'Dark - Lighted','NO CONTROLS','None Detected','None Detected',Standing,None,'ON ROADWAY AT CROSSWALK',No,None,0.499691,0.918032,'Suspected Minor Injury'
MONTGOMERY,44394,19.717,County,Pedestrian,'Single Vehicle',Rain,Wet,'Dark - Lighted','NO CONTROLS','ALCOHOL PRESENT','None Detected',Standing,None,'ON ROADWAY AT CROSSWALK',No,None,0.68509,0.875933,'Suspected Serious Injury'
MONTGOMERY,42908,7.75,'Maryland (State)',Pedestrian,'Single Vehicle',Clear,Dry,Daylight,'TRAFFIC SIGNAL','None Detected','None Detected','Cross/Enter Not at Intersection','IN ROADWAY IMPROPERLY','ON ROADWAY NOT AT CROSSWALK',Yes,None,0.715602,0.855715,'Suspected Serious Injury'
MONTGOMERY,42315,3.5,County,Pedestrian,'Single Vehicle',Clear,Dry,'Dark - Lighted','NO CONTROLS','None Detected','ALCOHOL PRESENT','Cross/Enter at Intersection',Inattentive,'ON ROADWAY NOT AT CROSSWALK',Yes,None,0.55598,0.93762,'Possible Injury'
MONTGOMERY,42966,18.517,County,Pedestrian,'Single Vehicle',Clear,Dry,Daylight,PERSON,'None Detected','None Detected','Cross/Enter at Intersection',None,'AT AT INTERSECTION MARKED CROSSWALK',No,None,0.571229,0.981277,'Possible Injury'
MONTGOMERY,42530,19.5,Municipality,Bicyclist,'OPPOSITE DIRECTION SIDESWIPE',Clear,Dry,Daylight,'NO CONTROLS','None Detected','None Detected','Walking/Riding against Traffic',Dart/Dash,'ON ROADWAY NOT AT CROSSWALK',Yes,Yes,0.612272,0.882321,'Suspected Minor Injury'
MONTGOMERY,44267,17.367,'Maryland (State)',Bicyclist,'Single Vehicle',Clear,Dry,Daylight,'TRAFFIC SIGNAL','None Detected','None Detected','Cross/Enter at Intersection',None,'ON ROADWAY AT CROSSWALK',No,Yes,0.681425,0.839001,'Suspected Minor Injury'
MONTGOMERY,44519,8.367,'Maryland (State)',Pedestrian,'Single Vehicle',Clear,Dry,Daylight,'NO CONTROLS','None Detected','None Detected','Cross/Enter at Intersection',None,'ON ROADWAY AT CROSSWALK',No,None,0.574496,0.938588,'Fatal Injury'
MONTGOMERY,43639,13.65,' Public Roadway',Pedestrian,'Single Vehicle',Clear,Dry,Daylight,'NO CONTROLS','None Detected','None Detected','Cross/Enter at Intersection',None,'INSIDE BUILDING',No,None,0.582972,0.908811,'Suspected Serious Injury'
MONTGOMERY,43179,17.5,County,Pedestrian,'Single Vehicle',Rain,Dry,Daylight,'NO CONTROLS','None Detected','None Detected','Cross/Enter at Intersection',None,'ON ROADWAY AT CROSSWALK',No,None,0.561332,0.9144,'Suspected Minor Injury'
MONTGOMERY,43570,13,County,Pedestrian,'Single Vehicle',Clear,Dry,Daylight,'NO CONTROLS','None Detected','None Detected','Walking/Riding against Traffic',None,'ON ROADWAY AT CROSSWALK',Yes,None,0.572438,0.913658,'Possible Injury'
MONTGOMERY,45585,8.833,Government,Bicyclist,'SAME DIR REAR END',Clear,Dry,Daylight,'TRAFFIC SIGNAL','None Detected','None Detected','Walking/Riding w/Traffic',None,'ON ROADWAY NOT AT CROSSWALK',No,None,0.519982,0.951756,'Suspected Minor Injury'
MONTGOMERY,44258,23.233,County,Pedestrian,'Single Vehicle',Clear,Dry,'Dark - Lighted','NO CONTROLS','None Detected','None Detected',Standing,'IN ROADWAY IMPROPERLY','ON ROADWAY NOT AT CROSSWALK',No,None,0.72978,0.872961,'Possible Injury'
MONTGOMERY,42840,12.05,County,Bicyclist,'STRAIGHT MOVEMENT ANGLE',Clear,Dry,Daylight,'STOP SIGN','None Detected','None Detected','Cross/Enter at Intersection',None,'ON ROADWAY NOT AT CROSSWALK',No,Yes,0.481796,0.889712,'No Apparent Injury'
MONTGOMERY,43839,22,'Maryland (State)',Pedestrian,'STRAIGHT MOVEMENT ANGLE',Clear,Dry,'Dark - Lighted','TRAFFIC SIGNAL','None Detected','None Detected','Cross/Enter at Intersection',None,'ON ROADWAY AT CROSSWALK',No,None,0.506363,0.948259,'Suspected Minor Injury'
MONTGOMERY,43108,23,'Maryland (State)',Pedestrian,'Single Vehicle','WINTRY MIX',ICE,'Dark - Lighted','NO CONTROLS','None Detected','ALCOHOL PRESENT','Cross/Enter Not at Intersection','FAILURE TO YIELD RIGHT OF WAY','ON ROADWAY NOT AT CROSSWALK',Yes,None,0.555911,0.936751,'Suspected Serious Injury'
MONTGOMERY,44211,20.267,'Maryland (State)',Pedestrian,'Single Vehicle',Rain,Wet,'Dark - Lighted','NO CONTROLS','None Detected','None Detected','Cross/Enter Not at Intersection',None,'ON ROADWAY NOT AT CROSSWALK',No,Yes,0.53547,0.97083,'Fatal Injury'
ROCKVILLE,42688,19.533,'Maryland (State)',Pedestrian,'Single Vehicle',Cloudy,Dry,'Dark - Lighted','TRAFFIC SIGNAL','None Detected','None Detected','Cross/Enter at Intersection',Inattentive,'ON ROADWAY AT CROSSWALK',Yes,None,0.596992,0.909801,'Suspected Minor Injury'
MONTGOMERY,42754,18,County,Pedestrian,'Single Vehicle',Clear,Dry,'Dark - Lighted','NO CONTROLS','None Detected','None Detected','Cross/Enter Not at Intersection','IN ROADWAY IMPROPERLY','ON ROADWAY NOT AT CROSSWALK',Yes,None,0.644261,0.870004,'Suspected Minor Injury'
ROCKVILLE,45591,16.683,Municipality,Pedestrian,'Single Vehicle',Clear,Dry,Daylight,'NO CONTROLS','None Detected','None Detected','Cross/Enter at Intersection',None,'ON ROADWAY AT CROSSWALK',No,None,0.589039,0.886777,'Suspected Serious Injury'
MONTGOMERY,44113,14.667,County,' CONVEYANCE','Single Vehicle',Clear,Dry,Daylight,'NO CONTROLS','None Detected','None Detected','Cross/Enter at Intersection',None,'ON ROADWAY AT CROSSWALK',No,None,0.547432,0.933334,'Possible Injury'
MONTGOMERY,42356,23.667,'Maryland (State)',Pedestrian,'Single Vehicle',Clear,Dry,'Dark - Lighted','TRAFFIC SIGNAL','None Detected','None Detected','Cross/Enter at Intersection',Dart/Dash,'ON ROADWAY AT CROSSWALK',No,None,0.510448,0.946713,'Suspected Minor Injury'
MONTGOMERY,45575,15.183,County,Pedestrian,'Single Vehicle',Clear,Dry,Daylight,'SCHOOL ZONE SIGN DEVICE','None Detected','None Detected','Cross/Enter at Intersection',None,'AT AT INTERSECTION MARKED CROSSWALK',No,None,0.561321,0.881658,'Suspected Minor Injury'
ROCKVILLE,42265,8.75,County,Pedestrian,'Single Vehicle',Clear,Dry,Daylight,'NO CONTROLS','None Detected','None Detected','Cross/Enter at Intersection',None,'ON ROADWAY AT CROSSWALK',No,None,0.626301,0.890647,'Suspected Minor Injury'
MONTGOMERY,42340,17.567,County,Pedestrian,'Single Vehicle',Rain,Wet,'Dark - Lighted','NO CONTROLS','None Detected','None Detected','Cross/Enter Not at Intersection',None,'AT INTERSECTION BUT NO CROSSWALK',No,None,0.568194,0.910971,'Suspected Serious Injury'
MONTGOMERY,42780,21.6,County,Pedestrian,'Single Vehicle',Clear,Dry,Daylight,'NO CONTROLS','None Detected','None Detected','Cross/Enter at Intersection',None,'ON ROADWAY AT CROSSWALK',No,None,0.601986,0.930743,'Possible Injury'
MONTGOMERY,42839,15.533,Municipality,Pedestrian,'Single Vehicle',Clear,Dry,Daylight,'STOP SIGN','None Detected','None Detected','Cross/Enter at Intersection',None,'AT AT INTERSECTION MARKED CROSSWALK',No,None,0.581137,0.907398,'Possible Injury'
MONTGOMERY,44236,16.75,County,Bicyclist,'Single Vehicle',Clear,Dry,Daylight,'STOP SIGN','None Detected','None Detected','Cross/Enter at Intersection',None,'ON ROADWAY AT CROSSWALK',No,None,0.55941,0.948695,'Possible Injury'
MONTGOMERY,42165,12.883,County,Bicyclist,'Single Vehicle',Clear,Dry,Daylight,'TRAFFIC SIGNAL','None Detected','None Detected','Cross/Enter at Intersection',None,'AT AT INTERSECTION MARKED CROSSWALK',No,None,0.516081,0.912215,'Suspected Serious Injury'
MONTGOMERY,43964,11.217,County,Pedestrian,'Single Vehicle',Clear,Dry,Daylight,'NO CONTROLS','None Detected','None Detected','Cross/Enter Not at Intersection',None,'ON ROADWAY AT CROSSWALK',No,None,0.676178,0.864676,'Possible Injury'
MONTGOMERY,42032,21.067,'Maryland (State)',Pedestrian,'Single Vehicle',Clear,Dry,'Dark - Lighted','TRAFFIC SIGNAL','None Detected','None Detected','Cross/Enter at Intersection',None,'ON ROADWAY AT CROSSWALK',No,None,0.567934,0.937911,'Possible Injury'
MONTGOMERY,43673,17.383,County,Bicyclist,'Single Vehicle',Clear,Dry,Daylight,'NO CONTROLS','None Detected','None Detected','Cross/Enter Not at Intersection',Dart/Dash,SIDEWALK,No,None,0.602772,0.928288,'No Apparent Injury'
GAITHERSBURG,43816,21.933,County,Pedestrian,'Single Vehicle',Clear,Dry,'Dark - Lighted','NO CONTROLS','None Detected','None Detected','Cross/Enter at Intersection',None,'ON ROADWAY AT CROSSWALK',No,None,0.654111,0.874113,'No Apparent Injury'
MONTGOMERY,44437,12.017,'Maryland (State)',Bicyclist,'HEAD ON LEFT TURN',Cloudy,Dry,Daylight,'STOP SIGN','None Detected','None Detected','Cross/Enter at Intersection',None,'AT INTERSECTION BUT NO CROSSWALK',No,Yes,0.551587,0.85484,'Possible Injury'
ROCKVILLE,45397,8.383,Municipality,Pedestrian,'Single Vehicle',Cloudy,Wet,Daylight,'TRAFFIC SIGNAL','None Detected','None Detected','Cross/Enter at Intersection',None,'ON ROADWAY AT CROSSWALK',No,None,0.608093,0.900588,'Suspected Minor Injury'
MONTGOMERY,44917,18.067,'Maryland (State)',Pedestrian,'Single Vehicle',Rain,Wet,'Dark - Lighted','NO CONTROLS','None Detected','None Detected','Cross/Enter at Intersection',Inattentive,'ON ROADWAY NOT AT CROSSWALK',Yes,None,0.562357,0.932511,'Possible Injury'
MONTGOMERY,42713,1.167,County,Pedestrian,'STRAIGHT MOVEMENT ANGLE',Clear,Dry,'Dark - Lighted','NO CONTROLS','None Detected','ALCOHOL PRESENT',Hitchhiking,'IN ROADWAY IMPROPERLY','ON ROADWAY NOT AT CROSSWALK',Yes,None,0.614749,0.939175,'Suspected Minor Injury'
MONTGOMERY,44301,22.8,'Maryland (State)',Pedestrian,'Single Vehicle',Clear,Dry,'Dark - Lighted','NO CONTROLS','None Detected','None Detected','Cross/Enter at Intersection',None,'AT AT INTERSECTION MARKED CROSSWALK',No,None,0.499708,0.920842,'Suspected Minor Injury'
ROCKVILLE,42348,17.317,'Maryland (State)',Pedestrian,'ANGLE MEETS RIGHT TURN',Clear,Dry,'Dark - Lighted','NO CONTROLS','None Detected','None Detected','Walking/Cycling on Sidewalk',None,SIDEWALK,No,None,0.602843,0.897118,'Suspected Minor Injury'
ROCKVILLE,45576,5.5,Municipality,Pedestrian,'Single Vehicle',Clear,Dry,'Dark - Lighted','STOP SIGN','None Detected','None Detected','Cross/Enter at Intersection',None,'ON ROADWAY NOT AT CROSSWALK',No,None,0.61805,0.897612,'Suspected Minor Injury'
MONTGOMERY,42686,12.517,County,Bicyclist,'STRAIGHT MOVEMENT ANGLE',Clear,Dry,Daylight,'FLASHING TRAFFIC SIGNAL','None Detected','None Detected','Cross/Enter at Intersection',None,'ON ROADWAY NOT AT CROSSWALK',No,Yes,0.605847,0.865203,'No Apparent Injury'
MONTGOMERY,42402,6,County,Pedestrian,'Single Vehicle',Clear,Wet,'Dark - Lighted','FLASHING TRAFFIC SIGNAL','None Detected','None Detected','Cross/Enter at Intersection',None,'ON ROADWAY AT CROSSWALK',No,None,0.632262,0.896731,'Suspected Serious Injury'
MONTGOMERY,42987,17.383,County,Bicyclist,'Single Vehicle',Cloudy,Dry,Daylight,'NO CONTROLS','None Detected','None Detected','Walking/Riding w/Traffic',None,SHOULDER,No,None,0.576996,0.926385,'Suspected Minor Injury'
MONTGOMERY,45327,19.617,'Maryland (State)',Pedestrian,'Single Vehicle',Clear,Dry,'Dark - Lighted','NO CONTROLS','None Detected','ALCOHOL PRESENT','Cross/Enter Not at Intersection','IN ROADWAY IMPROPERLY','ON ROADWAY NOT AT CROSSWALK',Yes,None,0.601477,0.928777,'Fatal Injury'
MONTGOMERY,43124,14.967,'Maryland (State)',Pedestrian,'SAME DIRECTION LEFT TURN',Cloudy,Dry,Daylight,'NO CONTROLS','None Detected','None Detected','Cross/Enter at Intersection',Inattentive,'AT AT INTERSECTION MARKED CROSSWALK',No,None,0.738122,0.852966,'Possible Injury'
MONTGOMERY,43883,21.183,'Maryland (State)',Pedestrian,'Single Vehicle',Clear,Dry,'Dark - Lighted','NO CONTROLS','None Detected','ALCOHOL PRESENT','Cross/Enter Not at Intersection',None,'ON ROADWAY NOT AT CROSSWALK',Yes,None,0.555419,0.965032,'Fatal Injury'
MONTGOMERY,44275,18.95,'Maryland (State)',Pedestrian,'Single Vehicle',Clear,Dry,Dusk,'NO CONTROLS','None Detected','None Detected','Cross/Enter Not at Intersection',Dart/Dash,'ON ROADWAY NOT AT CROSSWALK',Yes,None,0.587848,0.976387,'Suspected Serious Injury'
MONTGOMERY,42383,19.5,County,Pedestrian,'STRAIGHT MOVEMENT ANGLE',Clear,Dry,'Dark - Lighted','NO CONTROLS','None Detected','None Detected','Cross/Enter Not at Intersection',Inattentive,'ON ROADWAY AT CROSSWALK',Yes,None,0.636694,0.869158,'Suspected Minor Injury'
MONTGOMERY,45596,17.467,County,Bicyclist,'Single Vehicle',Clear,Dry,Daylight,'TRAFFIC SIGNAL','None Detected','None Detected','Cross/Enter at Intersection',None,SHOULDER,No,None,0.489437,0.91732,'No Apparent Injury'
MONTGOMERY,45642,12.6,'Maryland (State)',Bicyclist,'STRAIGHT MOVEMENT ANGLE',Clear,Dry,Daylight,'TRAFFIC SIGNAL','None Detected','None Detected','Cross/Enter at Intersection','FAILURE TO OBEY TRAFFIC SIGNS SIGNALS OR OFFICER','ON ROADWAY AT CROSSWALK',Yes,Yes,0.715944,0.843039,'Suspected Minor Injury'
MONTGOMERY,43190,20.583,Municipality,Pedestrian,'Single Vehicle',Clear,Dry,'Dark - Lighted','STOP SIGN','None Detected','None Detected','Cross/Enter at Intersection',None,'ON ROADWAY AT CROSSWALK',No,None,0.543094,0.926374,'Possible Injury'
MONTGOMERY,43860,17.333,'Maryland (State)',Pedestrian,'Single Vehicle',Clear,Dry,Daylight,'STOP SIGN','None Detected','None Detected','Cross/Enter at Intersection',Inattentive,'ON ROADWAY AT CROSSWALK',No,None,0.497273,0.91688,'Possible Injury'
GAITHERSBURG,43991,18.5,County,Pedestrian,'Single Vehicle',Clear,Dry,Daylight,'STOP SIGN','None Detected','None Detected','Cross/Enter at Intersection',None,'ON ROADWAY AT CROSSWALK',No,None,0.64133,0.865527,'Suspected Minor Injury'
MONTGOMERY,42115,16.417,County,Bicyclist,'STRAIGHT MOVEMENT ANGLE',Clear,Dry,Daylight,'TRAFFIC SIGNAL','None Detected','None Detected','Cross/Enter at Intersection','FAILURE TO YIELD RIGHT OF WAY','ON ROADWAY AT CROSSWALK',No,None,0.622575,0.874968,'Possible Injury'
GAITHERSBURG,43773,11.25,Municipality,Pedestrian,'Single Vehicle',Clear,Dry,Daylight,'TRAFFIC SIGNAL','None Detected','None Detected','Cross/Enter at Intersection',None,'ON ROADWAY AT CROSSWALK',No,None,0.683823,0.875985,'Suspected Minor Injury'
MONTGOMERY,43393,19.317,County,Bicyclist,'Single Vehicle',Clear,Dry,'Dark - Lighted','NO CONTROLS','None Detected','None Detected','Cross/Enter at Intersection',None,'ON ROADWAY AT CROSSWALK',No,Yes,0.498671,0.916018,'Possible Injury'
MONTGOMERY,42996,20.017,'Maryland (State)',Pedestrian,'Single Vehicle',Clear,Dry,'Dark - Lighted','TRAFFIC SIGNAL','None Detected','None Detected','Cross/Enter at Intersection',None,'ON ROADWAY AT CROSSWALK',No,None,0.504958,0.944516,'Suspected Serious Injury'
MONTGOMERY,43301,14.317,County,Pedestrian,'Single Vehicle',Clear,Dry,Daylight,'NO CONTROLS','None Detected','None Detected','Cross/Enter at Intersection',Inattentive,'ON ROADWAY AT CROSSWALK',No,None,0.552987,0.937272,'Suspected Minor Injury'
ROCKVILLE,43834,16.25,County,Pedestrian,'Single Vehicle',Rain,Dry,'Dark - Lighted','NO CONTROLS','None Detected','None Detected','Cross/Enter at Intersection',None,'ON ROADWAY AT CROSSWALK',No,None,0.59831,0.909108,'Possible Injury'
MONTGOMERY,43025,16.533,County,Bicyclist,'Single Vehicle',Clear,Dry,Daylight,'STOP SIGN','None Detected','None Detected','Cross/Enter Not at Intersection','IN ROADWAY IMPROPERLY','ON ROADWAY NOT AT CROSSWALK',Yes,None,0.521665,0.943818,'Possible Injury'
ROCKVILLE,45611,12,'Maryland (State)',Pedestrian,'Single Vehicle',Clear,Dry,Daylight,'TRAFFIC SIGNAL','None Detected','None Detected','Cross/Enter at Intersection',None,'ON ROADWAY AT CROSSWALK',No,None,0.59926,0.899262,'Possible Injury'
ROCKVILLE,43744,11.867,County,Pedestrian,'Single Vehicle',Clear,Dry,Daylight,'NO CONTROLS','None Detected','None Detected','Cross/Enter at Intersection',None,'ON ROADWAY AT CROSSWALK',No,None,0.615416,0.889671,'Suspected Minor Injury'
MONTGOMERY,43840,20.6,'Maryland (State)',Pedestrian,'Single Vehicle',Clear,Dry,'Dark - Lighted','NO CONTROLS','None Detected','None Detected','Cross/Enter at Intersection','FAILURE TO YIELD RIGHT OF WAY','ON ROADWAY NOT AT CROSSWALK',Yes,None,0.536335,0.95408,'Suspected Serious Injury'
MONTGOMERY,42457,9.733,County,Pedestrian,'Single Vehicle',Clear,Dry,Daylight,'STOP SIGN','None Detected','None Detected','Cross/Enter at Intersection',Dart/Dash,'AT AT INTERSECTION MARKED CROSSWALK',Yes,None,0.558031,0.966223,'Suspected Minor Injury'
MONTGOMERY,44559,19.033,'Maryland (State)',Pedestrian,'Single Vehicle',Rain,Wet,'Dark - Lighted','TRAFFIC SIGNAL','None Detected','None Detected','Cross/Enter at Intersection',Inattentive,'AT INTERSECTION BUT NO CROSSWALK',Yes,None,0.5485,0.957894,'Suspected Minor Injury'
MONTGOMERY,43056,19.9,Municipality,' CONVEYANCE','HEAD ON LEFT TURN',Clear,Dry,'Dark - Lighted','TRAFFIC SIGNAL','None Detected','None Detected','Cross/Enter at Intersection',None,'ON ROADWAY AT CROSSWALK',No,None,0.652874,0.858682,'No Apparent Injury'
MONTGOMERY,44498,16.1,County,Pedestrian,'Single Vehicle',Rain,Dry,Daylight,'NO CONTROLS','None Detected','None Detected','Cross/Enter at Intersection',None,'ON ROADWAY AT CROSSWALK',Yes,None,0.706705,0.84553,'Possible Injury'