'Agency Name','Days after Jan 1','Hours past Midnight','Route Type','Related Non-Motorist','Collision Type',Weather,'Surface Condition',Light,'Traffic Control','Driver Substance Abuse','Non-Motorist Substance Abuse','Pedestrian Movement','Pedestrian Actions','Pedestrian Location','At Fault','Safety Equipment','Lat- Normalized','Long- Normalized','Injury Severity'
MONTGOMERY,43833,21.5,County,Pedestrian,'Single Vehicle',Rain,Wet,'Dark - Lighted','NO CONTROLS','None Detected','None Detected','Cross/Enter at Intersection',None,'ON ROADWAY AT CROSSWALK',No,None,0.603445,0.960006,'Suspected Minor Injury'
MONTGOMERY,43645,17.667,'Maryland (State)',Pedestrian,'Single Vehicle',Clear,Dry,Daylight,'TRAFFIC SIGNAL','None Detected','None Detected','Cross/Enter at Intersection',None,'AT AT INTERSECTION MARKED CROSSWALK',No,None,0.486175,0.920477,'Suspected Minor Injury'
MONTGOMERY,43588,9.167,County,Pedestrian,'OPPOSITE DIRECTION SIDESWIPE',Clear,Dry,Daylight,'NO CONTROLS','None Detected','None Detected','Cross/Enter at Intersection',None,'ON ROADWAY AT CROSSWALK',No,None,0.675557,0.859483,'No Apparent Injury'
MONTGOMERY,43562,13,County,Pedestrian,'Single Vehicle',Cloudy,Dry,Daylight,'NO CONTROLS','None Detected','None Detected',Standing,None,'ON ROADWAY NOT AT CROSSWALK',No,None,0.693122,0.761593,'Suspected Serious Injury'
MONTGOMERY,43469,7.567,County,Pedestrian,'Single Vehicle',Cloudy,Dry,Dawn,'STOP SIGN','None Detected','None Detected','Cross/Enter at Intersection',None,'AT INTERSECTION BUT NO CROSSWALK',No,None,0.686304,0.92547,'Suspected Minor Injury'
MONTGOMERY,44845,5.733,'Maryland (State)',Pedestrian,'Single Vehicle',Clear,Dry,'Dark - Lighted','TRAFFIC SIGNAL','None Detected','None Detected','Cross/Enter at Intersection',Dart/Dash,'ON ROADWAY AT CROSSWALK',Yes,None,0.504035,0.963963,'Suspected Serious Injury'
MONTGOMERY,42175,8.1,County,Bicyclist,'HEAD ON LEFT TURN',Clear,Dry,Daylight,'NO CONTROLS','None Detected','None Detected','Walking/Riding w/Traffic',None,'IN BIKEWAY',No,Yes,0.465023,0.902808,'Suspected Minor Injury'
MONTGOMERY,42812,19.917,County,Pedestrian,'Single Vehicle',Rain,Wet,'Dark - Lighted','STOP SIGN','None Detected','None Detected','Cross/Enter at Intersection','FAILURE TO YIELD RIGHT OF WAY','ON ROADWAY NOT AT CROSSWALK',Yes,None,0.600721,0.928949,'Suspected Minor Injury'
MONTGOMERY,43631,14.25,County,Pedestrian,'Single Vehicle',Clear,Dry,Daylight,'TRAFFIC SIGNAL','None Detected','None Detected','Cross/Enter at Intersection',None,'AT AT INTERSECTION MARKED CROSSWALK',No,None,0.593105,0.955652,'Possible Injury'
MONTGOMERY,42478,8.45,County,Pedestrian,'SAME DIRECTION SIDESWIPE',Clear,Dry,Daylight,'NO CONTROLS','None Detected','None Detected','Cross/Enter at Intersection',None,'ON ROADWAY AT CROSSWALK',No,None,0.565698,0.912963,'No Apparent Injury'
MCPARK,42310,17.767,County,Bicyclist,'HEAD ON',Clear,Dry,'Dark - Lighted','NO CONTROLS','None Detected','None Detected','Cross/Enter at Intersection',None,'SHARED USE PATH OR TRAILS',No,Yes,0.4749,0.915522,'Suspected Minor Injury'
GAITHERSBURG,43616,21.4,'Maryland (State)',Pedestrian,'Single Vehicle',Clear,Dry,'Dark - Lighted','NO CONTROLS','None Detected','None Detected','Cross/Enter Not at Intersection','IN ROADWAY IMPROPERLY','ON ROADWAY NOT AT CROSSWALK',Yes,None,0.695902,0.86257,'Fatal Injury'
MONTGOMERY,43747,6.75,County,Bicyclist,'Single Vehicle',Clear,Wet,'Dark - Lighted','TRAFFIC SIGNAL','None Detected','None Detected','Cross/Enter at Intersection',None,'AT AT INTERSECTION MARKED CROSSWALK',No,None,0.540817,0.951739,'Possible Injury'
MONTGOMERY,44160,20.367,'Maryland (State)',Bicyclist,'SAME DIRECTION RIGHT TURN',Cloudy,Dry,'Dark - Lighted','NO CONTROLS','None Detected','None Detected','Cross/Enter at Intersection','NOT VISIBLE','ON ROADWAY AT CROSSWALK',Yes,Yes,0.573091,0.908666,'Suspected Minor Injury'
MONTGOMERY,44226,11.65,County,Bicyclist,'Single Vehicle',Clear,Dry,Daylight,'NO CONTROLS','None Detected','None Detected','Cross/Enter at Intersection',None,'ON ROADWAY NOT AT CROSSWALK',No,Yes,0.542704,0.913397,'Possible Injury'
MONTGOMERY,45633,17.667,County,Pedestrian,'STRAIGHT MOVEMENT ANGLE',Clear,Dry,'Dark - Lighted','TRAFFIC SIGNAL','None Detected','None Detected','Cross/Enter at Intersection',Inattentive,'ON ROADWAY AT CROSSWALK',No,None,0.605427,0.983946,'Suspected Minor Injury'
MONTGOMERY,45596,7.85,County,Pedestrian,'Single Vehicle',Clear,Dry,Daylight,'NO CONTROLS','None Detected','None Detected','Cross/Enter Not at Intersection',Dart/Dash,'OUTSIDE RIGHT OF WAY',Yes,None,0.532095,0.900593,'Suspected Minor Injury'
GAITHERSBURG,42555,19.033,Municipality,Pedestrian,'SAME DIR REAR END',Rain,Wet,Daylight,'NO CONTROLS','None Detected','None Detected','Cross/Enter at Intersection',None,'AT AT INTERSECTION MARKED CROSSWALK',No,None,0.64469,0.872825,'No Apparent Injury'
MONTGOMERY,44063,9,County,Pedestrian,'Single Vehicle',Clear,Dry,Daylight,'NO CONTROLS','None Detected','None Detected','Cross/Enter at Intersection',None,'ON ROADWAY AT CROSSWALK',No,None,0.674136,0.935399,'Possible Injury'
MONTGOMERY,42986,7.883,County,Bicyclist,'STRAIGHT MOVEMENT ANGLE',Clear,Dry,Daylight,'NO CONTROLS','None Detected','None Detected','Cross/Enter at Intersection',None,'INSIDE BUILDING',No,None,0.586471,0.89029,'Suspected Minor Injury'
TAKOMA,44544,11.383,Municipality,Pedestrian,'Single Vehicle',Clear,Dry,Daylight,'NO CONTROLS','None Detected','None Detected',Standing,None,SHOULDER,No,None,0.500447,0.958831,'Possible Injury'
MONTGOMERY,44471,7.75,County,Bicyclist,'Single Vehicle',Clear,Dry,Daylight,'STOP SIGN','None Detected','None Detected','Walking/Cycling on Sidewalk',None,'DRIVEWAY ACCESS MARKED CROSSWALK',No,Yes,0.68483,0.836323,'Suspected Minor Injury'
MONTGOMERY,45608,11.833,County,Bicyclist,'STRAIGHT MOVEMENT ANGLE',Clear,Dry,Daylight,'NO CONTROLS','None Detected','None Detected','Cross/Enter at Intersection',None,CURB,No,None,0.688894,0.931194,'Possible Injury'
MONTGOMERY,44173,18.467,Municipality,Pedestrian,'Single Vehicle',Clear,Dry,'Dark - Lighted','NO CONTROLS','None Detected','None Detected','Cross/Enter at Intersection',Dart/Dash,SIDEWALK,Yes,None,0.65177,0.857969,'Possible Injury'
MONTGOMERY,42364,15.367,County,' CONVEYANCE','STRAIGHT MOVEMENT ANGLE',Clear,Dry,Daylight,'STOP SIGN','None Detected','None Detected','Cross/Enter at Intersection','FAILURE TO OBEY TRAFFIC SIGNS SIGNALS OR OFFICER','ON ROADWAY NOT AT CROSSWALK',Yes,Yes,0.999996,0.771523,'Possible Injury'
MONTGOMERY,44101,11,County,Pedestrian,'Single Vehicle',Clear,Dry,Daylight,'STOP SIGN','None Detected','None Detected','Cross/Enter at Intersection',None,'ON ROADWAY AT CROSSWALK',No,None,0.617864,0.893044,'Possible Injury'
MONTGOMERY,43263,16.583,County,Pedestrian,'Single Vehicle',Clear,Dry,Daylight,'NO CONTROLS','None Detected','None Detected','Cross/Enter at Intersection',None,'AT AT INTERSECTION MARKED CROSSWALK',No,None,0.649335,0.890005,'Possible Injury'
MONTGOMERY,43790,12.083,'Maryland (State)',Pedestrian,'Single Vehicle',Clear,Dry,Daylight,'STOP SIGN','None Detected','None Detected','Cross/Enter at Intersection',None,'ON ROADWAY AT CROSSWALK',No,None,0.608597,0.940526,'Possible Injury'
MONTGOMERY,45561,6.6,County,Pedestrian,'Single Vehicle',Rain,Dry,Dawn,'NO CONTROLS','None Detected','None Detected',' Working','NOT VISIBLE','ON ROADWAY AT CROSSWALK',No,None,0.770374,0.840733,'Suspected Minor Injury'
MONTGOMERY,42667,6.9,'Maryland (State)',Pedestrian,'Single Vehicle',Cloudy,Dry,'Dark - Lighted','NO CONTROLS','None Detected','None Detected','Cross/Enter Not at Intersection',None,'ON ROADWAY NOT AT CROSSWALK',No,None,0.59541,0.93165,'Fatal Injury'
MONTGOMERY,43775,16.15,County,Bicyclist,'HEAD ON LEFT TURN',Clear,Dry,Daylight,'NO CONTROLS','None Detected','None Detected','Walking/Cycling on Sidewalk',None,SIDEWALK,Yes,Yes,0.481973,0.887736,'Suspected Minor Injury'
TAKOMA,42223,23.533,'Maryland (State)',Pedestrian,'Single Vehicle',Clear,Dry,'Dark - Lighted','NO CONTROLS','None Detected','ALCOHOL CONTRIBUTED','Cross/Enter Not at Intersection','IN ROADWAY IMPROPERLY','ON ROADWAY NOT AT CROSSWALK',Yes,None,0.497616,0.966486,'Possible Injury'
MONTGOMERY,44475,20.35,County,Pedestrian,'Single Vehicle',Clear,Dry,'Dark - Not Lighted','NO CONTROLS','None Detected','None Detected','Cross/Enter at Intersection',None,'ON ROADWAY NOT AT CROSSWALK',No,None,0.568417,0.928625,'Suspected Minor Injury'
MONTGOMERY,43125,12.667,County,Bicyclist,'Single Vehicle',Clear,Dry,Daylight,'NO CONTROLS','None Detected','None Detected','Cross/Enter at Intersection',None,SIDEWALK,No,None,0.510329,0.946293,'Possible Injury'
MONTGOMERY,44603,11.833,'Maryland (State)',Pedestrian,'Single Vehicle',Clear,Dry,Daylight,'TRAFFIC SIGNAL','None Detected','None Detected','Cross/Enter at Intersection',None,'ON ROADWAY AT CROSSWALK',No,None,0.473496,0.921647,'Suspected Minor Injury'
MONTGOMERY,42208,8.183,County,Pedestrian,'Single Vehicle',Clear,Dry,Daylight,'NO CONTROLS','None Detected','None Detected','Cross/Enter Not at Intersection','NOT VISIBLE','ON ROADWAY NOT AT CROSSWALK',Yes,None,0.5039,0.949289,'Possible Injury'
MONTGOMERY,45298,13.233,County,Pedestrian,'Single Vehicle',Clear,Dry,Daylight,'STOP SIGN','None Detected','None Detected','Cross/Enter at Intersection',None,'ON ROADWAY AT CROSSWALK',No,None,0.553268,0.935278,'Suspected Serious Injury'
MONTGOMERY,42377,6.85,County,Pedestrian,'Single Vehicle',Cloudy,Dry,Dawn,'NO CONTROLS','None Detected','None Detected','Cross/Enter at Intersection','IN ROADWAY IMPROPERLY','AT INTERSECTION BUT NO CROSSWALK',Yes,None,0.586931,0.933849,'Possible Injury'
MONTGOMERY,42343,22.567,'Maryland (State)',Pedestrian,'Single Vehicle',Clear,Dry,'Dark - Lighted','TRAFFIC SIGNAL','None Detected','None Detected','Cross/Enter at Intersection',None,'ON ROADWAY AT CROSSWALK',No,None,0.545548,0.939638,'Suspected Minor Injury'
MONTGOMERY,42659,20.817,'Maryland (State)',Pedestrian,'Single Vehicle',Clear,Dry,'Dark - Lighted','TRAFFIC SIGNAL','None Detected','ALCOHOL PRESENT','Cross/Enter at Intersection',Dart/Dash,'ON ROADWAY NOT AT CROSSWALK',Yes,None,0.620141,0.911131,'Fatal Injury'
MONTGOMERY,43223,16.8,County,Pedestrian,'Single Vehicle',Clear,Dry,Daylight,'STOP SIGN','None Detected','None Detected','Cross/Enter at Intersection',None,'AT AT INTERSECTION MARKED CROSSWALK',No,None,0.631294,0.928673,'Possible Injury'
MONTGOMERY,44715,22,County,Pedestrian,'Single Vehicle',Clear,Dry,'Dark - Not Lighted','STOP SIGN','None Detected','None Detected','Cross/Enter at Intersection',None,'ON ROADWAY AT CROSSWALK',No,None,0.575896,0.923123,'No Apparent Injury'
MONTGOMERY,42681,20.017,'Maryland (State)',Bicyclist,'Single Vehicle',Clear,Dry,'Dark - Lighted','NO CONTROLS','None Detected','ILLEGAL DRUG PRESENT','Cross/Enter at Intersection',None,'AT INTERSECTION BUT NO CROSSWALK',No,None,0.696921,0.836691,'No Apparent Injury'
MONTGOMERY,44451,17.75,County,Pedestrian,'Single Vehicle',Clear,Dry,Daylight,'NO CONTROLS','None Detected','None Detected',Standing,None,CURB,No,None,0.59952,0.925696,'Suspected Minor Injury'
MONTGOMERY,44357,10.283,'Maryland (State)',Pedestrian,'STRAIGHT MOVEMENT ANGLE',Clear,Dry,Daylight,'NO CONTROLS','None Detected','None Detected','Cross/Enter at Intersection','FAILURE TO OBEY TRAFFIC SIGNS SIGNALS OR OFFICER',MEDIAN,Yes,None,0.556677,0.964794,'Suspected Serious Injury'
MONTGOMERY,42493,14,'Maryland (State)',Bicyclist,'Single Vehicle',Clear,Dry,Daylight,'STOP SIGN','None Detected','None Detected','Cross/Enter at Intersection',None,'AT AT INTERSECTION MARKED CROSSWALK',No,None,0.579332,0.939752,'Possible Injury'
MONTGOMERY,44001,21,County,Bicyclist,'SAME DIRECTION SIDESWIPE',Rain,Wet,Dusk,'STOP SIGN','None Detected','None Detected','Cross/Enter at Intersection',None,'AT INTERSECTION BUT NO CROSSWALK',No,None,0.571654,0.930002,'Suspected Minor Injury'
MONTGOMERY,44926,17.567,County,Pedestrian,'Single Vehicle',Rain,Wet,'Dark - Lighted','TRAFFIC SIGNAL','None Detected','None Detected','Cross/Enter at Intersection',None,'AT AT INTERSECTION MARKED CROSSWALK',No,None,0.706615,0.868724,'Possible Injury'
MONTGOMERY,44713,16.167,County,Bicyclist,'Single Vehicle',Clear,Dry,Daylight,'NO CONTROLS','None Detected','None Detected','Cross/Enter at Intersection',None,SIDEWALK,No,None,0.608104,0.914878,'Suspected Minor Injury'
MONTGOMERY,43087,7.667,County,Pedestrian,'Single Vehicle',Clear,Wet,Daylight,'STOP SIGN','None Detected','None Detected','Cross/Enter at Intersection',None,'ON ROADWAY AT CROSSWALK',No,None,0.567902,0.929604,'Possible Injury'
MONTGOMERY,42845,14.367,'Maryland (State)',Pedestrian,'Single Vehicle',Clear,Dry,Daylight,'TRAFFIC SIGNAL','None Detected','None Detected','Cross/Enter at Intersection',None,'ON ROADWAY AT CROSSWALK',No,None,0.508343,0.947585,'Suspected Minor Injury'
MONTGOMERY,44389,19.367,'Maryland (State)',Pedestrian,'STRAIGHT MOVEMENT ANGLE',Clear,Dry,Daylight,'TRAFFIC SIGNAL','None Detected','None Detected','Cross/Enter Not at Intersection','IN ROADWAY IMPROPERLY','ON ROADWAY NOT AT CROSSWALK',No,None,0.577209,0.938629,'Suspected Serious Injury'
MONTGOMERY,44267,19.5,County,Pedestrian,'Single Vehicle',Clear,Dry,Daylight,'NO CONTROLS','None Detected','None Detected','Walking/Cycling on Sidewalk',None,'DRIVEWAY ACCESS MARKED CROSSWALK',No,None,0.509277,0.960219,'Possible Injury'
MONTGOMERY,44704,13.5,' Public Roadway',Bicyclist,'STRAIGHT MOVEMENT ANGLE',Clear,Dry,Daylight,'NO CONTROLS','None Detected','None Detected','Walking/Riding against Traffic',None,SIDEWALK,No,None,0.573184,0.93853,'No Apparent Injury'
MONTGOMERY,44825,12.833,County,Pedestrian,'Single Vehicle',Clear,Dry,Daylight,'NO CONTROLS','None Detected','None Detected',Standing,None,'ON ROADWAY AT CROSSWALK',No,None,0.677876,0.896775,'Possible Injury'
MONTGOMERY,44051,11.133,County,Bicyclist,'SAME DIR REAR END',Clear,Dry,Daylight,'NO CONTROLS','None Detected','None Detected','Walking/Riding w/Traffic',None,'ON ROADWAY NOT AT CROSSWALK',No,Yes,0.479881,0.895195,'Suspected Minor Injury'
MONTGOMERY,44297,12.8,County,Pedestrian,'Single Vehicle',Clear,Dry,Daylight,'NO CONTROLS','None Detected','None Detected','Walking/Riding w/Traffic',None,'ON ROADWAY NOT AT CROSSWALK',No,None,0.583494,0.841701,'Suspected Minor Injury'
MONTGOMERY,42389,19.333,'Maryland (State)',Pedestrian,'Single Vehicle',Snow,Snow,'Dark - Lighted','NO CONTROLS','None Detected','None Detected','Walking/Cycling on Sidewalk',None,'ON ROADWAY AT CROSSWALK',Yes,None,0.535963,0.941031,'Suspected Minor Injury'
MONTGOMERY,44055,18.067,County,Bicyclist,'Single Vehicle',Cloudy,Dry,Daylight,'NO CONTROLS','None Detected','None Detected','Cross/Enter Not at Intersection',Dart/Dash,'ON ROADWAY AT CROSSWALK',Yes,None,0.695256,0.843559,'No Apparent Injury'
MONTGOMERY,42207,9.5,County,Pedestrian,'Single Vehicle',Clear,Dry,Daylight,'NO CONTROLS','None Detected','None Detected','Push/Work on Vehicle',None,'ON ROADWAY AT CROSSWALK',Yes,None,0.681785,0.86099,'No Apparent Injury'
MONTGOMERY,43836,10.633,County,Pedestrian,'Single Vehicle',Clear,Dry,Daylight,'NO CONTROLS','None Detected','None Detected','Cross/Enter at Intersection',None,'ON ROADWAY AT CROSSWALK',No,None,0.542447,0.952745,'Suspected Serious Injury'
MONTGOMERY,44923,17.733,'Maryland (State)',Pedestrian,'Single Vehicle',Clear,Dry,'Dark - Not Lighted','TRAFFIC SIGNAL','None Detected','None Detected','Cross/Enter Not at Intersection','FAILURE TO YIELD RIGHT OF WAY','ON ROADWAY NOT AT CROSSWALK',Yes,None,0.510413,0.962275,'Possible Injury'
MONTGOMERY,43079,13.367,County,Pedestrian,'Single Vehicle',Clear,Dry,Daylight,'NO CONTROLS','None Detected','None Detected','Cross/Enter at Intersection',None,'INSIDE BUILDING',No,None,0.59244,0.901982,'Suspected Minor Injury'
MONTGOMERY,42174,17.417,County,Bicyclist,'STRAIGHT MOVEMENT ANGLE',Cloudy,Dry,Daylight,'STOP SIGN','None Detected','ALCOHOL PRESENT','Cross/Enter at Intersection','FAILURE TO YIELD RIGHT OF WAY','ON ROADWAY AT CROSSWALK',No,None,0.565761,0.917437,'No Apparent Injury'
MONTGOMERY,44691,13.75,County,Pedestrian,'Single Vehicle',Clear,Dry,Daylight,'NO CONTROLS','None Detected','None Detected',' Working','ENTERING EXITING PARKED STANDING VEHICLE','ON ROADWAY NOT AT CROSSWALK',Yes,None,0.563522,0.906458,'Suspected Minor Injury'
MONTGOMERY,44468,11.233,'US (State)',Bicyclist,'SAME DIRECTION SIDESWIPE',Clear,Dry,Daylight,'TRAFFIC SIGNAL','None Detected','None Detected','Walking/Riding w/Traffic','ENTERING EXITING PARKED STANDING VEHICLE',CURB,Yes,Yes,0.493686,0.948841,'Suspected Minor Injury'
MONTGOMERY,42534,14.017,'Maryland (State)',Bicyclist,'Single Vehicle',Clear,Dry,Daylight,'TRAFFIC SIGNAL','None Detected','None Detected','Cross/Enter at Intersection',None,'ON ROADWAY AT CROSSWALK',No,None,0.685432,0.932283,'Suspected Minor Injury'
MONTGOMERY,44702,16,County,Pedestrian,'Single Vehicle',Clear,Dry,Daylight,'TRAFFIC SIGNAL','None Detected','None Detected','Cross/Enter at Intersection',None,'AT AT INTERSECTION MARKED CROSSWALK',No,None,0.503114,0.950076,'Suspected Minor Injury'
MONTGOMERY,44609,19.5,'Maryland (State)',Pedestrian,'Single Vehicle',Clear,Dry,'Dark - Lighted','NO CONTROLS','None Detected','ALCOHOL PRESENT','Cross/Enter at Intersection','NOT VISIBLE',MEDIAN,Yes,None,0.501261,0.91758,'Possible Injury'
GAITHERSBURG,45345,17.6,County,Pedestrian,'HEAD ON',Clear,Dry,Dawn,'NO CONTROLS','None Detected','None Detected',Standing,None,'ON ROADWAY AT CROSSWALK',No,None,0.643564,0.870397,'Possible Injury'
MONTGOMERY,42025,19.5,'Maryland (State)',Pedestrian,'Single Vehicle',Clear,Wet,'Dark - Lighted','TRAFFIC SIGNAL','None Detected','None Detected','Cross/Enter at Intersection',None,'ON ROADWAY AT CROSSWALK',No,None,0.552357,0.94479,'Suspected Serious Injury'
MONTGOMERY,42997,14.75,'Maryland (State)',Bicyclist,'Single Vehicle',Clear,Dry,Daylight,'TRAFFIC SIGNAL','None Detected','None Detected','Cross/Enter at Intersection',None,'ON ROADWAY AT CROSSWALK',No,None,0.489157,0.91989,'Suspected Minor Injury'
MONTGOMERY,42849,18.583,County,Pedestrian,'STRAIGHT MOVEMENT ANGLE',Rain,Wet,Daylight,'STOP SIGN','None Detected','None Detected','Cross/Enter at Intersection',None,'ON ROADWAY AT CROSSWALK',No,None,0.580033,0.891199,'Suspected Minor Injury'
MONTGOMERY,42108,14,'Maryland (State)',Pedestrian,'Single Vehicle',Rain,Wet,Daylight,'TRAFFIC SIGNAL','None Detected','None Detected','Cross/Enter at Intersection',None,'ON ROADWAY AT CROSSWALK',No,None,0.492949,0.92062,'Possible Injury'
MONTGOMERY,42669,17.75,'Maryland (State)',Pedestrian,'Single Vehicle',Clear,Dry,Daylight,'TRAFFIC SIGNAL','None Detected','None Detected','Cross/Enter at Intersection',None,'ON ROADWAY AT CROSSWALK',No,None,0.583717,0.938705,'Possible Injury'
MONTGOMERY,42408,14.283,Municipality,Pedestrian,'Single Vehicle',Clear,Dry,Daylight,'NO CONTROLS','None Detected','None Detected',' Working',None,'ON ROADWAY AT CROSSWALK',No,None,0.598192,0.909155,'Possible Injury'
MONTGOMERY,44361,18.25,County,Pedestrian,'Single Vehicle',Clear,Dry,Daylight,'NO CONTROLS','None Detected','None Detected','Getting off/on Vehicle',None,CURB,No,None,0.493421,0.919146,'Suspected Minor Injury'
MONTGOMERY,43649,17.45,County,Bicyclist,'STRAIGHT MOVEMENT ANGLE',Clear,Dry,Daylight,'TRAFFIC SIGNAL','None Detected','None Detected','Cross/Enter at Intersection',None,'ON ROADWAY AT CROSSWALK',No,None,0.695563,0.896927,'Suspected Minor Injury'
MONTGOMERY,44370,7,County,Pedestrian,'Single Vehicle',Clear,Dry,Daylight,'NO CONTROLS','None Detected','None Detected','Cross/Enter at Intersection',None,'ON ROADWAY AT CROSSWALK',No,None,0.709799,0.867139,'Suspected Minor Injury'
MONTGOMERY,42363,23,County,Pedestrian,'HEAD ON',Clear,Dry,'Dark - Lighted','NO CONTROLS','None Detected','None Detected','Cross/Enter at Intersection',None,'ON ROADWAY AT CROSSWALK',No,None,0.509111,0.942365,'Suspected Minor Injury'
MONTGOMERY,43373,14.85,County,Bicyclist,'SAME DIRECTION LEFT TURN',Clear,Dry,Daylight,'NO CONTROLS','None Detected','None Detected','Cross/Enter at Intersection',None,'ON ROADWAY NOT AT CROSSWALK',Yes,Yes,0.581158,0.979217,'Suspected Minor Injury'
MONTGOMERY,44113,9.5,County,Pedestrian,'SAME DIR REAR END',Clear,Dry,Daylight,'NO CONTROLS','None Detected','None Detected','Walking/Riding w/Traffic',None,SHOULDER,No,None,0.631655,0.996069,'Possible Injury'
MONTGOMERY,44795,13.667,' Public Roadway',Pedestrian,'Single Vehicle',Clear,Dry,Daylight,'NO CONTROLS','None Detected','None Detected','Cross/Enter at Intersection',None,'ON ROADWAY AT CROSSWALK',No,None,0.720385,0.866693,'Suspected Minor Injury'
MONTGOMERY,42204,12.383,County,Pedestrian,'Single Vehicle',Clear,Dry,Daylight,'TRAFFIC SIGNAL','None Detected','None Detected','Cross/Enter at Intersection','FAILURE TO YIELD RIGHT OF WAY','ON ROADWAY AT CROSSWALK',Yes,None,0.680317,0.886304,'Suspected Minor Injury'
MONTGOMERY,43277,17.917,County,Pedestrian,'Single Vehicle',Clear,Dry,Daylight,'NO CONTROLS','None Detected','None Detected','Cross/Enter at Intersection','NOT VISIBLE','ON ROADWAY AT CROSSWALK',No,None,0.600173,0.985208,'Suspected Minor Injury'
MONTGOMERY,43458,18.25,County,Bicyclist,'Single Vehicle',Clear,Dry,'Dark - Lighted','NO CONTROLS','None Detected','None Detected','Cross/Enter at Intersection',None,SIDEWALK,No,None,0.501048,0.9176,'Suspected Minor Injury'
MONTGOMERY,43038,9.917,County,Pedestrian,'Single Vehicle',Clear,Dry,Daylight,'NO CONTROLS','None Detected','None Detected','Cross/Enter at Intersection',None,'ON ROADWAY AT CROSSWALK',No,None,0.6474,0.887023,'Suspected Minor Injury'
MONTGOMERY,43863,11.25,County,Pedestrian,'Single Vehicle',Clear,Dry,Daylight,'STOP SIGN','None Detected','None Detected','Cross/Enter at Intersection',None,'ON ROADWAY AT CROSSWALK',No,None,0.570459,0.896545,'Possible Injury'
MONTGOMERY,44064,18.717,County,Pedestrian,'Single Vehicle',Clear,Dry,Daylight,'NO CONTROLS','None Detected','None Detected','Walking/Cycling on Sidewalk','IMPROPER PASSING',SIDEWALK,No,None,0.581393,0.906315,'No Apparent Injury'
MONTGOMERY,42636,8.517,'Maryland (State)',Pedestrian,'Single Vehicle',Clear,Dry,Daylight,'TRAFFIC SIGNAL','None Detected','None Detected','Cross/Enter at Intersection',None,'AT AT INTERSECTION MARKED CROSSWALK',No,None,0.489371,0.919816,'Possible Injury'
MONTGOMERY,44393,9,'Maryland (State)',Pedestrian,'Single Vehicle',Clear,Dry,Daylight,'TRAFFIC SIGNAL','None Detected','None Detected','Cross/Enter Not at Intersection','IN ROADWAY IMPROPERLY','ON ROADWAY NOT AT CROSSWALK',Yes,None,0.511372,0.962655,'Suspected Minor Injury'
MONTGOMERY,42377,18.033,Municipality,Pedestrian,'Single Vehicle',Rain,Wet,'Dark - Lighted','STOP SIGN','None Detected','None Detected','Cross/Enter at Intersection','NOT VISIBLE','ON ROADWAY AT CROSSWALK',Yes,None,0.607369,0.894154,'Possible Injury'
GAITHERSBURG,44172,12.133,Municipality,Pedestrian,'Single Vehicle',Clear,Dry,Daylight,'STOP SIGN','None Detected','None Detected','Cross/Enter at Intersection',None,'ON ROADWAY AT CROSSWALK',No,None,0.681271,0.872859,'Possible Injury'
MONTGOMERY,42898,8.383,County,Bicyclist,'STRAIGHT MOVEMENT ANGLE',Clear,Dry,Daylight,'STOP SIGN','None Detected','None Detected','Walking/Cycling on Sidewalk','FAILURE TO YIELD RIGHT OF WAY',SIDEWALK,Yes,None,0.495671,0.901652,'Suspected Minor Injury'
MONTGOMERY,45464,10.433,'US (State)',Pedestrian,'Single Vehicle',Rain,Wet,Daylight,'TRAFFIC SIGNAL','None Detected','ALCOHOL PRESENT','Cross/Enter at Intersection','IN ROADWAY IMPROPERLY','OUTSIDE RIGHT OF WAY',Yes,None,0.510655,0.949265,'Possible Injury'
'Maryland-National Capital',42794,13.783,County,Pedestrian,'Single Vehicle',Cloudy,Dry,Daylight,'TRAFFIC SIGNAL','None Detected','None Detected','Cross/Enter at Intersection',None,'AT AT INTERSECTION MARKED CROSSWALK',No,None,0.510926,0.956015,'Suspected Serious Injury'
MONTGOMERY,42950,15.533,County,Bicyclist,'STRAIGHT MOVEMENT ANGLE',Clear,Dry,Daylight,'NO CONTROLS','None Detected','None Detected','Cross/Enter at Intersection',Inattentive,SIDEWALK,Yes,None,0.597537,0.902221,'Possible Injury'
MONTGOMERY,42197,13.483,County,Pedestrian,'STRAIGHT MOVEMENT ANGLE',Clear,Dry,Daylight,'NO CONTROLS','None Detected','None Detected',Standing,None,CURB,No,None,0.507342,0.959553,'Suspected Serious Injury'
MONTGOMERY,45582,7.783,'Maryland (State)',Pedestrian,'STRAIGHT MOVEMENT ANGLE',Clear,Dry,Daylight,'TRAFFIC SIGNAL','None Detected','None Detected','Cross/Enter Not at Intersection',Dart/Dash,'ON ROADWAY NOT AT CROSSWALK',Yes,None,0.549678,0.95022,'Suspected Minor Injury'
GAITHERSBURG,43165,7.333,County,Pedestrian,'Single Vehicle',Cloudy,Dry,Daylight,'STOP SIGN','None Detected','None Detected','Cross/Enter at Intersection',None,'AT AT INTERSECTION MARKED CROSSWALK',No,None,0.675108,0.875696,'Possible Injury'