'Agency Name','Days after Jan 1','Hours past Midnight','Route Type','Related Non-Motorist','Collision Type',Weather,'Surface Condition',Light,'Traffic Control','Driver Substance Abuse','Non-Motorist Substance Abuse','Pedestrian Movement','Pedestrian Actions','Pedestrian Location','At Fault','Safety Equipment','Lat- Normalized','Long- Normalized','Injury Severity'
MONTGOMERY,43761,12.283,'Maryland (State)',Pedestrian,'Single Vehicle',Clear,Dry,Daylight,'TRAFFIC SIGNAL','None Detected','None Detected','Cross/Enter at Intersection',None,'AT AT INTERSECTION MARKED CROSSWALK',No,None,0.508181,0.947598,'Suspected Minor Injury'
MONTGOMERY,42081,7.083,'Maryland (State)',Bicyclist,'Single Vehicle',Clear,Dry,Dawn,'NO CONTROLS','None Detected','None Detected','Walking/Riding against Traffic',None,SIDEWALK,No,Yes,0.586328,0.93513,'Suspected Serious Injury'
MONTGOMERY,44767,5.283,County,Pedestrian,'Single Vehicle',Clear,Dry,'Dark - Lighted','STOP SIGN','None Detected','None Detected',Standing,None,'AT INTERSECTION BUT NO CROSSWALK',No,None,0.637616,0.969873,'Suspected Minor Injury'
MONTGOMERY,43768,16.483,County,Pedestrian,'Single Vehicle',Clear,Dry,Daylight,'TRAFFIC SIGNAL','None Detected','None Detected','Cross/Enter at Intersection',None,'ON ROADWAY AT CROSSWALK',No,None,0.572796,0.919221,'Suspected Minor Injury'
MONTGOMERY,42937,10.033,County,Pedestrian,'Single Vehicle',Clear,Dry,Daylight,'NO CONTROLS','None Detected','None Detected','Cross/Enter at Intersection',None,'ON ROADWAY AT CROSSWALK',No,None,0.608521,0.92629,'Possible Injury'
MONTGOMERY,43209,16.917,'Maryland (State)',Bicyclist,'Single Vehicle',Clear,Dry,Daylight,'TRAFFIC SIGNAL','None Detected','None Detected','Cross/Enter at Intersection',None,'AT AT INTERSECTION MARKED CROSSWALK',No,None,0.731387,0.853753,'Suspected Minor Injury'
MONTGOMERY,43139,18.533,County,Pedestrian,'Single Vehicle',Clear,Dry,'Dark - Lighted','NO CONTROLS','None Detected','None Detected','Cross/Enter Not at Intersection',None,'MIDBLOCK MARKED CROSSWALK',No,None,0.488273,0.919503,'Suspected Minor Injury'
MONTGOMERY,44397,20,County,Pedestrian,'Single Vehicle',Clear,Dry,Daylight,'NO CONTROLS','None Detected','None Detected','Cross/Enter at Intersection','NOT VISIBLE','ON ROADWAY AT CROSSWALK',No,None,0.690582,0.861845,'Suspected Minor Injury'
MONTGOMERY,43670,10.317,Municipality,Bicyclist,'Single Vehicle',Clear,Dry,Daylight,'NO CONTROLS','None Detected','None Detected','Cross/Enter at Intersection',None,'ON ROADWAY AT CROSSWALK',No,None,0.586607,0.889948,'No Apparent Injury'
MONTGOMERY,43761,9.367,'Maryland (State)',Pedestrian,'Single Vehicle',Clear,Dry,Daylight,'TRAFFIC SIGNAL','None Detected','None Detected','Cross/Enter at Intersection',None,'ON ROADWAY AT CROSSWALK',No,None,0.484668,0.920756,'Suspected Minor Injury'
MONTGOMERY,44499,17.467,'Maryland (State)',Pedestrian,'Single Vehicle',Clear,Dry,Daylight,'TRAFFIC SIGNAL','None Detected','None Detected','Cross/Enter at Intersection',None,'AT AT INTERSECTION MARKED CROSSWALK',No,None,0.684734,0.932,'Possible Injury'
MONTGOMERY,44767,9.05,County,Bicyclist,'STRAIGHT MOVEMENT ANGLE',Clear,Dry,Daylight,'NO CONTROLS','None Detected','None Detected','Walking/Cycling on Sidewalk','WRONG WAY RIDING OR WALKING',SIDEWALK,Yes,Yes,0.58213,0.919527,'Possible Injury'
MONTGOMERY,42500,16.3,County,Pedestrian,'Single Vehicle',Clear,Dry,Daylight,'TRAFFIC SIGNAL','None Detected','None Detected','Cross/Enter at Intersection',Dart/Dash,'ON ROADWAY AT CROSSWALK',No,None,0.641567,0.878607,'Possible Injury'
MONTGOMERY,43714,9.35,'Maryland (State)',Pedestrian,'Single Vehicle',Cloudy,Dry,Daylight,'NO CONTROLS','None Detected','None Detected','Cross/Enter Not at Intersection','IN ROADWAY IMPROPERLY','ON ROADWAY NOT AT CROSSWALK',Yes,None,0.517399,0.944337,'Suspected Serious Injury'
MONTGOMERY,43323,23.5,'Maryland (State)',Pedestrian,'Single Vehicle',Clear,Dry,'Dark - Lighted','NO CONTROLS','None Detected','None Detected','Cross/Enter Not at Intersection',None,'ON ROADWAY NOT AT CROSSWALK',No,None,0.554225,0.938458,'Fatal Injury'
MONTGOMERY,42018,18.8,County,Pedestrian,'Single Vehicle',Clear,Dry,'Dark - Lighted','NO CONTROLS','None Detected','None Detected','Cross/Enter at Intersection',None,'ON ROADWAY AT CROSSWALK',No,None,0.555088,0.963127,'Suspected Minor Injury'
MONTGOMERY,43558,7,'Maryland (State)',Pedestrian,'Single Vehicle',Clear,Dry,Daylight,'TRAFFIC SIGNAL','None Detected','None Detected','Cross/Enter at Intersection',None,'ON ROADWAY AT CROSSWALK',No,None,0.488245,0.920315,'Possible Injury'
MONTGOMERY,43074,18.75,'Maryland (State)',Pedestrian,'Single Vehicle',Rain,Wet,'Dark - Lighted','TRAFFIC SIGNAL','None Detected','None Detected','Cross/Enter at Intersection',Dart/Dash,'ON ROADWAY AT CROSSWALK',Yes,None,0.516405,0.911869,'Suspected Minor Injury'
TAKOMA,43006,16.933,Municipality,'Bicyclist  Pedestrian','SAME DIRECTION RIGHT TURN',Clear,Dry,Daylight,'NO CONTROLS','None Detected','None Detected','Walking/Riding w/Traffic','NOT VISIBLE','ON ROADWAY NOT AT CROSSWALK',No,Yes,0.49329,0.954424,'Suspected Minor Injury'
'Maryland-National Capital',43664,10.183,Government,Bicyclist,'SAME DIRECTION SIDESWIPE',Clear,Dry,Daylight,'STOP SIGN','None Detected','None Detected','Cross/Enter at Intersection','FAILURE TO OBEY TRAFFIC SIGNS SIGNALS OR OFFICER','AT AT INTERSECTION MARKED CROSSWALK',Yes,Yes,0.521879,0.926531,'Suspected Serious Injury'
MONTGOMERY,43568,15.517,County,Bicyclist,'HEAD ON LEFT TURN',Cloudy,Dry,Daylight,'NO CONTROLS','None Detected','None Detected','Cross/Enter at Intersection',None,'AT INTERSECTION BUT NO CROSSWALK',No,Yes,0.603366,0.866047,'Suspected Minor Injury'
MONTGOMERY,44399,17.75,'Maryland (State)',Pedestrian,'Single Vehicle',Clear,Dry,Daylight,'TRAFFIC SIGNAL','None Detected','None Detected','Cross/Enter at Intersection',None,'AT AT INTERSECTION MARKED CROSSWALK',No,None,0.569823,0.909831,'Suspected Minor Injury'
MONTGOMERY,42392,16.9,County,Pedestrian,'Single Vehicle',Snow,Dry,Daylight,'NO CONTROLS','None Detected','None Detected','Cross/Enter at Intersection','NOT VISIBLE','ON ROADWAY AT CROSSWALK',No,None,0.689202,0.868992,'Possible Injury'
MONTGOMERY,44853,7.267,'Maryland (State)',Pedestrian,'Single Vehicle',Cloudy,Dry,Dawn,'NO CONTROLS','None Detected','None Detected','Cross/Enter at Intersection',None,'ON ROADWAY AT CROSSWALK',No,None,0.673897,0.781309,'Suspected Serious Injury'
MONTGOMERY,44466,11.383,County,Pedestrian,'Single Vehicle',Clear,Dry,Daylight,'NO CONTROLS','None Detected','None Detected','Cross/Enter at Intersection',None,'ON ROADWAY AT CROSSWALK',No,None,0.509622,0.938082,'Possible Injury'
MONTGOMERY,44670,12.85,County,Pedestrian,'SAME DIR REAR END',Cloudy,Dry,Daylight,'NO CONTROLS','None Detected','None Detected',Standing,None,'ON ROADWAY AT CROSSWALK',No,None,0.731292,0.853216,'Possible Injury'
MONTGOMERY,42071,3.5,County,Pedestrian,'Single Vehicle',Clear,Dry,'Dark - Lighted','NO CONTROLS','ALCOHOL PRESENT','ALCOHOL PRESENT',Standing,None,'ON ROADWAY AT CROSSWALK',No,None,0.55646,0.937668,'Suspected Serious Injury'
MONTGOMERY,42440,11.5,'Maryland (State)',Pedestrian,'Single Vehicle',Clear,Dry,Daylight,'TRAFFIC SIGNAL','None Detected','None Detected','Cross/Enter at Intersection',None,'ON ROADWAY AT CROSSWALK',No,None,0.558284,0.937313,'Suspected Minor Injury'
MONTGOMERY,42570,11.833,County,Bicyclist,'SAME DIRECTION SIDESWIPE',Clear,Dry,Daylight,'NO CONTROLS','None Detected','None Detected','Walking/Riding w/Traffic','IN ROADWAY IMPROPERLY','OUTSIDE RIGHT OF WAY',Yes,Yes,0.479947,0.896367,'Suspected Minor Injury'
MONTGOMERY,43702,13.45,County,Bicyclist,'SAME DIR REAR END',Clear,Dry,Daylight,'NO CONTROLS','None Detected','None Detected','Walking/Riding w/Traffic',None,'ON ROADWAY NOT AT CROSSWALK',No,Yes,0.60057,0.813296,'Suspected Minor Injury'
MONTGOMERY,42405,17.183,Municipality,Pedestrian,'STRAIGHT MOVEMENT ANGLE',Clear,Dry,Dusk,'TRAFFIC SIGNAL','None Detected','None Detected','Cross/Enter at Intersection',None,'ON ROADWAY AT CROSSWALK',No,None,0.627813,0.882687,'Suspected Minor Injury'
MONTGOMERY,44433,14,County,Pedestrian,'Single Vehicle',Clear,Dry,Daylight,'NO CONTROLS','None Detected','None Detected','Cross/Enter at Intersection',None,'ON ROADWAY AT CROSSWALK',No,None,0.600965,0.930573,'No Apparent Injury'
GAITHERSBURG,44537,16.667,County,Pedestrian,'Single Vehicle',Clear,Dry,Dusk,'NO CONTROLS','None Detected','None Detected','Getting off/on Vehicle',None,'ON ROADWAY AT CROSSWALK',No,None,0.686279,0.882959,'Suspected Minor Injury'
MONTGOMERY,44116,17,'Maryland (State)',Pedestrian,'STRAIGHT MOVEMENT ANGLE',Clear,Dry,Daylight,'STOP SIGN','None Detected','None Detected','Cross/Enter at Intersection',None,'ON ROADWAY AT CROSSWALK',No,None,0.503733,0.946481,'Suspected Minor Injury'
MONTGOMERY,42070,1.333,County,Pedestrian,'Single Vehicle',Clear,Dry,'Dark - Lighted','NO CONTROLS','ALCOHOL CONTRIBUTED','ALCOHOL PRESENT','Cross/Enter at Intersection',None,'ON ROADWAY NOT AT CROSSWALK',No,None,0.728838,0.879101,'Fatal Injury'
MONTGOMERY,44849,16.5,County,Pedestrian,'Single Vehicle',Clear,Dry,Daylight,'NO CONTROLS','None Detected','None Detected','Cross/Enter Not at Intersection',None,'ON ROADWAY NOT AT CROSSWALK',Yes,None,0.719723,0.843885,'Suspected Minor Injury'
ROCKVILLE,45589,13.567,County,Pedestrian,'Single Vehicle',Clear,Dry,Daylight,'NO CONTROLS','None Detected','None Detected','Cross/Enter at Intersection',None,'ON ROADWAY AT CROSSWALK',No,None,0.634618,0.889596,'Suspected Minor Injury'
MONTGOMERY,42226,18.817,County,Pedestrian,'Single Vehicle',Clear,Dry,Daylight,'TRAFFIC SIGNAL','None Detected','None Detected','Cross/Enter at Intersection',Inattentive,'ON ROADWAY AT CROSSWALK',No,None,0.558058,0.884731,'Possible Injury'
MONTGOMERY,42347,18.467,County,Bicyclist,'STRAIGHT MOVEMENT ANGLE',Clear,Dry,'Dark - Lighted','STOP SIGN','None Detected','None Detected','Cross/Enter at Intersection',None,SIDEWALK,No,Yes,0.468718,0.919154,'Suspected Minor Injury'
MONTGOMERY,43643,17.75,County,Pedestrian,'Single Vehicle',Clear,Dry,Daylight,'TRAFFIC SIGNAL','None Detected','None Detected','Cross/Enter at Intersection',None,'ON ROADWAY AT CROSSWALK',No,None,0.504853,0.948726,'Suspected Minor Injury'
MONTGOMERY,44846,20.75,'Maryland (State)',Pedestrian,'Single Vehicle',Clear,Dry,'Dark - Lighted','TRAFFIC SIGNAL','None Detected','None Detected','Cross/Enter at Intersection',None,'ON ROADWAY AT CROSSWALK',No,None,0.488401,0.920251,'Suspected Minor Injury'
TAKOMA,42769,18.35,'Maryland (State)',Pedestrian,'Single Vehicle',Clear,Dry,'Dark - Lighted','NO CONTROLS','None Detected','None Detected','Cross/Enter Not at Intersection',Dart/Dash,'ON ROADWAY AT CROSSWALK',Yes,None,0.487703,0.95857,'Possible Injury'
MONTGOMERY,43280,21.15,County,Pedestrian,'Single Vehicle',Clear,Dry,'Dark - Lighted','NO CONTROLS','None Detected','ALCOHOL PRESENT','Cross/Enter at Intersection',Inattentive,'ON ROADWAY NOT AT CROSSWALK',Yes,None,0.686545,0.872951,'Suspected Serious Injury'
MONTGOMERY,43857,16.833,'Maryland (State)',Pedestrian,'SAME DIR REAR END',Clear,Dry,Daylight,'NO CONTROLS','None Detected','None Detected',Playing,Dart/Dash,SIDEWALK,Yes,None,0.641922,0.875702,'No Apparent Injury'
MONTGOMERY,45431,14.683,County,Pedestrian,'Single Vehicle',Clear,Dry,Daylight,'NO CONTROLS','None Detected','None Detected','Cross/Enter Not at Intersection','FAILURE TO YIELD RIGHT OF WAY','ON ROADWAY NOT AT CROSSWALK',Yes,None,0.557881,0.883742,'Suspected Minor Injury'
MONTGOMERY,44617,16.1,Municipality,Pedestrian,'Single Vehicle',Clear,Dry,Daylight,'TRAFFIC SIGNAL','None Detected','None Detected','Cross/Enter at Intersection',None,'ON ROADWAY AT CROSSWALK',No,None,0.643131,0.88207,'Possible Injury'
MONTGOMERY,43334,5.65,'Maryland (State)',Pedestrian,'Single Vehicle',Clear,Dry,Dawn,'TRAFFIC SIGNAL','None Detected','None Detected','Cross/Enter at Intersection',Dart/Dash,'ON ROADWAY AT CROSSWALK',Yes,None,0.503827,0.956629,'Suspected Serious Injury'
MONTGOMERY,42236,15.333,County,Bicyclist,'STRAIGHT MOVEMENT ANGLE',Clear,Dry,Daylight,'TRAFFIC SIGNAL','None Detected','None Detected','Cross/Enter at Intersection',None,'AT AT INTERSECTION MARKED CROSSWALK',No,Yes,0.471488,0.913522,'No Apparent Injury'
MONTGOMERY,45551,10.85,'Maryland (State)',Pedestrian,'SAME DIRECTION SIDESWIPE',Clear,Dry,Daylight,'TRAFFIC SIGNAL','None Detected','None Detected','Getting off/on Vehicle','IN ROADWAY IMPROPERLY','ON ROADWAY NOT AT CROSSWALK',No,None,0.530967,0.907766,'No Apparent Injury'
MONTGOMERY,44015,10.8,' Public Roadway',Pedestrian,'OPPOSITE DIRECTION SIDESWIPE',Clear,Dry,Daylight,'NO CONTROLS','None Detected','None Detected','Walking/Cycling on Sidewalk',None,SIDEWALK,No,None,0.575038,0.939409,'Suspected Minor Injury'
MONTGOMERY,42425,10.183,County,Pedestrian,'Single Vehicle',Cloudy,Dry,Daylight,'STOP SIGN','None Detected','None Detected','Cross/Enter at Intersection',None,'ON ROADWAY AT CROSSWALK',No,None,0.493484,0.918472,'Suspected Serious Injury'
MONTGOMERY,42965,14.917,County,Bicyclist,'Single Vehicle',Clear,Dry,Daylight,'NO CONTROLS','None Detected','None Detected',Playing,Inattentive,'ON ROADWAY AT CROSSWALK',Yes,None,0.715172,0.84484,'Suspected Minor Injury'
MONTGOMERY,43874,6.1,County,Pedestrian,'Single Vehicle',Rain,Wet,'Dark - Lighted','TRAFFIC SIGNAL','None Detected','None Detected','Cross/Enter at Intersection',None,'ON ROADWAY AT CROSSWALK',No,None,0.539846,0.941008,'Suspected Minor Injury'
MONTGOMERY,45628,10.35,County,Pedestrian,'Single Vehicle',Foggy,Dry,Daylight,'NO CONTROLS','None Detected','None Detected',Standing,None,'ON ROADWAY AT CROSSWALK',No,None,0.648989,0.929953,'Possible Injury'
MONTGOMERY,43218,14.117,County,Pedestrian,'STRAIGHT MOVEMENT ANGLE',Clear,Dry,Daylight,'TRAFFIC SIGNAL','None Detected','None Detected','Cross/Enter Not at Intersection',Dart/Dash,'ON ROADWAY NOT AT CROSSWALK',Yes,None,0.500549,0.918118,'Suspected Minor Injury'
MONTGOMERY,42285,11.983,'Maryland (State)',Bicyclist,'Single Vehicle',Clear,Dry,Daylight,'TRAFFIC SIGNAL','None Detected','None Detected','Cross/Enter at Intersection',None,'ON ROADWAY AT CROSSWALK',No,Yes,0.506309,0.958056,'Possible Injury'
ROCKVILLE,43392,10.75,'Maryland (State)',Pedestrian,'ANGLE MEETS LEFT TURN',Clear,Dry,Daylight,'TRAFFIC SIGNAL','None Detected','None Detected','Cross/Enter at Intersection',None,'ON ROADWAY AT CROSSWALK',No,None,0.647523,0.884989,'No Apparent Injury'
ROCKVILLE,42226,19.833,County,Pedestrian,'Single Vehicle',Clear,Dry,Dawn,'NO CONTROLS','None Detected','None Detected','Cross/Enter at Intersection',None,'ON ROADWAY AT CROSSWALK',No,None,0.615192,0.877396,'Suspected Minor Injury'
MONTGOMERY,43582,15.55,County,Pedestrian,'Single Vehicle',Clear,Dry,Daylight,'TRAFFIC SIGNAL','None Detected','None Detected','Cross/Enter at Intersection',None,'ON ROADWAY AT CROSSWALK',No,None,0.5725,0.914152,'Suspected Minor Injury'
MONTGOMERY,44105,23.617,'US (State)',Pedestrian,'Single Vehicle',Rain,Wet,'Dark - Lighted','NO CONTROLS','None Detected','ALCOHOL PRESENT','Cross/Enter at Intersection','FAILURE TO YIELD RIGHT OF WAY','AT INTERSECTION BUT NO CROSSWALK',Yes,None,0.549734,0.960107,'Suspected Minor Injury'
MONTGOMERY,44872,13.233,County,' PEDALCYCLIST','ANGLE MEETS RIGHT TURN',Clear,Dry,Daylight,'NO CONTROLS','None Detected','None Detected','Cross/Enter at Intersection','IN ROADWAY IMPROPERLY','ON ROADWAY NOT AT CROSSWALK',Yes,None,0.720147,0.873039,'Possible Injury'
MONTGOMERY,43099,11.7,County,Pedestrian,'Single Vehicle',Clear,Snow,Daylight,'TRAFFIC SIGNAL','None Detected','None Detected','Cross/Enter at Intersection',None,'ON ROADWAY AT CROSSWALK',No,None,0.695103,0.837843,'Suspected Minor Injury'
MONTGOMERY,44329,18.933,County,Bicyclist,'STRAIGHT MOVEMENT ANGLE',Clear,Dry,Daylight,'TRAFFIC SIGNAL','None Detected','None Detected','Cross/Enter at Intersection',None,'AT AT INTERSECTION MARKED CROSSWALK',No,Yes,0.627855,0.968578,'Suspected Minor Injury'
MONTGOMERY,43717,15.933,'Maryland (State)',Pedestrian,'Single Vehicle',Cloudy,Dry,Daylight,'TRAFFIC SIGNAL','ALCOHOL CONTRIBUTED','None Detected','Cross/Enter at Intersection',None,'INSIDE BUILDING',No,None,0.56691,0.930182,'No Apparent Injury'
MONTGOMERY,45407,16.617,County,Pedestrian,'Single Vehicle',Clear,Dry,Daylight,'NO CONTROLS','None Detected','None Detected',Standing,None,'ON ROADWAY AT CROSSWALK',No,None,0.655665,0.880414,'Suspected Minor Injury'
MONTGOMERY,42216,21.267,County,Pedestrian,'Single Vehicle',Clear,Dry,'Dark - Lighted','NO CONTROLS','None Detected','ALCOHOL PRESENT','Cross/Enter Not at Intersection','IN ROADWAY IMPROPERLY','ON ROADWAY NOT AT CROSSWALK',Yes,None,0.558144,0.939383,'Possible Injury'
GAITHERSBURG,43754,22.333,County,Pedestrian,'Single Vehicle',Clear,Dry,'Dark - Lighted','TRAFFIC SIGNAL','None Detected','None Detected','Cross/Enter at Intersection',None,'ON ROADWAY AT CROSSWALK',No,None,0.685749,0.875994,'Possible Injury'
MONTGOMERY,42046,7.75,'Maryland (State)',Pedestrian,'Single Vehicle',Clear,Dry,Daylight,'NO CONTROLS','None Detected','None Detected','Cross/Enter Not at Intersection',Dart/Dash,'ON ROADWAY NOT AT CROSSWALK',No,None,0.705055,0.857336,'Suspected Serious Injury'
MONTGOMERY,44242,10.817,County,Pedestrian,'Single Vehicle',Clear,Dry,Daylight,'NO CONTROLS','None Detected','None Detected',Standing,None,'ON ROADWAY NOT AT CROSSWALK',No,Yes,0.535877,0.909671,'Suspected Minor Injury'
GAITHERSBURG,44712,8,County,Bicyclist,'SAME DIRECTION SIDESWIPE',Clear,Dry,Daylight,'NO CONTROLS','None Detected','None Detected','Walking/Riding w/Traffic',None,'ON ROADWAY NOT AT CROSSWALK',No,Yes,0.708285,0.87104,'Suspected Serious Injury'
MONTGOMERY,43669,14.517,County,Pedestrian,'Single Vehicle',Cloudy,Dry,Daylight,'NO CONTROLS','None Detected','None Detected','Walking/Riding w/Traffic',None,'ON ROADWAY NOT AT CROSSWALK',No,None,0.525455,0.903168,'Suspected Minor Injury'
MONTGOMERY,45300,8.517,County,Pedestrian,'Single Vehicle',Clear,Dry,Daylight,'NO CONTROLS','None Detected','None Detected','Walking/Cycling on Sidewalk',Inattentive,'ON ROADWAY AT CROSSWALK',No,None,0.588445,0.934154,'Suspected Minor Injury'
MONTGOMERY,43429,17.017,County,Pedestrian,'STRAIGHT MOVEMENT ANGLE',Clear,Dry,'Dark - Lighted','NO CONTROLS','None Detected','None Detected','Cross/Enter Not at Intersection',Inattentive,'ON ROADWAY NOT AT CROSSWALK',Yes,None,0.503594,0.94917,'Possible Injury'
MONTGOMERY,44539,15.367,County,Pedestrian,'Single Vehicle',Clear,Dry,Daylight,'STOP SIGN','None Detected','None Detected','Cross/Enter at Intersection',None,'ON ROADWAY AT CROSSWALK',No,None,0.625014,0.939605,'Possible Injury'
MONTGOMERY,43251,16.5,County,Pedestrian,'Single Vehicle',Clear,Dry,Daylight,'NO CONTROLS','None Detected','None Detected',' Working',None,CURB,No,None,0.543495,0.92755,'Suspected Minor Injury'
GAITHERSBURG,45617,16.683,Municipality,Pedestrian,'Single Vehicle',Rain,Wet,'Dark - Lighted','NO CONTROLS','None Detected','None Detected','Cross/Enter at Intersection',None,'ON ROADWAY AT CROSSWALK',No,None,0.660617,0.872129,'Possible Injury'
MONTGOMERY,43856,11.25,County,Pedestrian,'Single Vehicle',Cloudy,Dry,Daylight,'NO CONTROLS','None Detected','None Detected','Cross/Enter at Intersection',None,'ON ROADWAY AT CROSSWALK',No,None,0.610165,0.927918,'No Apparent Injury'
MONTGOMERY,44117,10.867,County,Pedestrian,'Single Vehicle',Clear,Dry,Daylight,'TRAFFIC SIGNAL','None Detected','None Detected','Cross/Enter at Intersection',None,'ON ROADWAY AT CROSSWALK',No,None,0.574614,0.923802,'Suspected Serious Injury'
MONTGOMERY,42622,14.9,County,Pedestrian,'Single Vehicle',Clear,Dry,Daylight,'NO CONTROLS','None Detected','None Detected','Cross/Enter at Intersection',None,'ON ROADWAY AT CROSSWALK',No,None,0.711889,0.85459,'Possible Injury'
MONTGOMERY,42241,7.95,County,Pedestrian,'HEAD ON LEFT TURN',Clear,Dry,Daylight,'TRAFFIC SIGNAL','None Detected','None Detected','Cross/Enter at Intersection',None,'AT AT INTERSECTION MARKED CROSSWALK',No,None,0.603249,0.926062,'Suspected Serious Injury'
MONTGOMERY,43559,18,'Maryland (State)',Bicyclist,'Single Vehicle',Clear,Dry,Daylight,'NO CONTROLS','None Detected','None Detected','Walking/Riding w/Traffic',None,'ON ROADWAY NOT AT CROSSWALK',No,Yes,0.516907,0.883101,'No Apparent Injury'
MONTGOMERY,43135,8.583,County,Pedestrian,'Single Vehicle',Cloudy,Dry,Daylight,'NO CONTROLS','None Detected','None Detected',' Working',None,'ON ROADWAY AT CROSSWALK',No,None,0.495152,0.917121,'Suspected Minor Injury'
MONTGOMERY,44895,17.633,'Maryland (State)',Pedestrian,'Single Vehicle',Clear,Dry,'Dark - Lighted','TRAFFIC SIGNAL','None Detected','None Detected','Cross/Enter at Intersection','FAILURE TO YIELD RIGHT OF WAY','ON ROADWAY AT CROSSWALK',Yes,None,0.562027,0.911615,'Possible Injury'
GAITHERSBURG,42794,19.317,'Maryland (State)',Pedestrian,'STRAIGHT MOVEMENT ANGLE',Rain,Wet,'Dark - Lighted','TRAFFIC SIGNAL','None Detected','None Detected','Cross/Enter at Intersection','FAILURE TO OBEY TRAFFIC SIGNS SIGNALS OR OFFICER','ON ROADWAY AT CROSSWALK',Yes,None,0.671978,0.868476,'Suspected Minor Injury'
ROCKVILLE,43771,17.75,'Maryland (State)',Bicyclist,'Single Vehicle',Clear,Dry,Daylight,'TRAFFIC SIGNAL','None Detected','None Detected','Cross/Enter at Intersection',None,'ON ROADWAY AT CROSSWALK',No,None,0.578551,0.907277,'Suspected Minor Injury'
MONTGOMERY,45444,15.467,County,Bicyclist,'HEAD ON LEFT TURN',Clear,Dry,Daylight,'NO CONTROLS','None Detected','None Detected','Cross/Enter at Intersection',None,'ON ROADWAY AT CROSSWALK',No,Yes,0.679776,0.835682,'Suspected Serious Injury'
MONTGOMERY,44615,16.483,County,Pedestrian,'Single Vehicle',Clear,Dry,Daylight,'TRAFFIC SIGNAL','None Detected','None Detected','Cross/Enter at Intersection','FAILURE TO YIELD RIGHT OF WAY','ON ROADWAY AT CROSSWALK',No,None,0.620671,0.987931,'Suspected Minor Injury'
MONTGOMERY,42535,18.417,'Maryland (State)',Pedestrian,'Single Vehicle',Clear,Dry,Daylight,'NO CONTROLS','None Detected','None Detected','Cross/Enter at Intersection','IN ROADWAY IMPROPERLY','ON ROADWAY NOT AT CROSSWALK',Yes,None,0.509142,0.947208,'Suspected Minor Injury'
MONTGOMERY,43598,15.233,County,Pedestrian,'Single Vehicle',Rain,Wet,Daylight,'NO CONTROLS','None Detected','None Detected','Cross/Enter at Intersection',Dart/Dash,'ON ROADWAY NOT AT CROSSWALK',No,None,0.597151,0.919566,'Suspected Minor Injury'
MONTGOMERY,43241,8.45,County,Pedestrian,'Single Vehicle',Clear,Dry,Daylight,'NO CONTROLS','None Detected','None Detected',Standing,None,CURB,No,None,0.556097,0.933925,'Suspected Serious Injury'
MONTGOMERY,43597,21,County,Pedestrian,'Single Vehicle',Rain,Wet,'Dark - Lighted','NO CONTROLS','None Detected','ALCOHOL CONTRIBUTED','Cross/Enter Not at Intersection',Dart/Dash,'ON ROADWAY NOT AT CROSSWALK',Yes,None,0.700762,0.868018,'Suspected Minor Injury'
MONTGOMERY,43662,13.15,County,Pedestrian,'Single Vehicle',Clear,Dry,Daylight,'NO CONTROLS','None Detected','None Detected','Cross/Enter at Intersection',None,'ON ROADWAY AT CROSSWALK',No,None,0.60502,0.926662,'Suspected Minor Injury'
MONTGOMERY,42393,12.8,Municipality,Pedestrian,'Single Vehicle',Clear,Snow,Daylight,'NO CONTROLS','None Detected','None Detected','Cross/Enter at Intersection',Dart/Dash,'ON ROADWAY NOT AT CROSSWALK',Yes,None,0.677609,0.863134,'Suspected Minor Injury'
MONTGOMERY,42009,17.917,'Maryland (State)',Pedestrian,'Single Vehicle',Clear,Dry,'Dark - Lighted','TRAFFIC SIGNAL','None Detected','None Detected','Cross/Enter at Intersection','FAILURE TO OBEY TRAFFIC SIGNS SIGNALS OR OFFICER','ON ROADWAY AT CROSSWALK',No,None,0.581573,0.920227,'Fatal Injury'
ROCKVILLE,42914,7.8,Municipality,Pedestrian,'Single Vehicle',Clear,Dry,Daylight,'NO CONTROLS','None Detected','None Detected','Cross/Enter at Intersection',None,'ON ROADWAY AT CROSSWALK',No,None,0.60887,0.894759,'Suspected Minor Injury'
MONTGOMERY,42586,12.667,County,Bicyclist,'SAME DIR REAR END',Cloudy,Dry,Daylight,'NO CONTROLS','None Detected','None Detected','Walking/Riding w/Traffic',None,'ON ROADWAY AT CROSSWALK',No,None,0.575333,0.924092,'Possible Injury'
MONTGOMERY,43871,14.617,County,Bicyclist,'STRAIGHT MOVEMENT ANGLE',Rain,Wet,Daylight,'TRAFFIC SIGNAL','None Detected','None Detected','Cross/Enter at Intersection','FAILURE TO OBEY TRAFFIC SIGNS SIGNALS OR OFFICER','ON ROADWAY AT CROSSWALK',Yes,Yes,0.51722,0.914691,'Suspected Minor Injury'
MONTGOMERY,43896,9.167,'Maryland (State)',Pedestrian,'Single Vehicle',Clear,Dry,Daylight,'TRAFFIC SIGNAL','None Detected','None Detected','Cross/Enter at Intersection',None,'ON ROADWAY AT CROSSWALK',No,None,0.564641,0.910922,'Possible Injury'
MONTGOMERY,43004,19.933,County,Pedestrian,'Single Vehicle',Clear,Dry,Dusk,'NO CONTROLS','None Detected','None Detected','Cross/Enter at Intersection',Dart/Dash,'ON ROADWAY AT CROSSWALK',No,None,0.66768,0.870075,'Fatal Injury'