'Agency Name','Days after Jan 1','Hours past Midnight','Route Type','Related Non-Motorist','Collision Type',Weather,'Surface Condition',Light,'Traffic Control','Driver Substance Abuse','Non-Motorist Substance Abuse','Pedestrian Movement','Pedestrian Actions','Pedestrian Location','At Fault','Safety Equipment','Lat- Normalized','Long- Normalized','Injury Severity'
MONTGOMERY,42522,10.5,County,Pedestrian,'Single Vehicle',Clear,Dry,Daylight,'NO CONTROLS','None Detected','None Detected','Cross/Enter at Intersection',Dart/Dash,'ON ROADWAY AT CROSSWALK',Yes,None,0.688914,0.872956,'Suspected Minor Injury'
MONTGOMERY,43372,13.017,County,Pedestrian,'Single Vehicle',Clear,Dry,Daylight,'NO CONTROLS','None Detected','None Detected',Standing,'ENTERING EXITING PARKED STANDING VEHICLE','ON ROADWAY AT CROSSWALK',No,None,0.540296,0.90575,'Possible Injury'
ROCKVILLE,44042,11.617,Municipality,Pedestrian,'Single Vehicle',Clear,Dry,Daylight,'TRAFFIC SIGNAL','None Detected','None Detected',Standing,None,'AT AT INTERSECTION MARKED CROSSWALK',No,Yes,0.587008,0.892839,'Possible Injury'
ROCKVILLE,45429,22.55,Municipality,Pedestrian,'Single Vehicle',Clear,Dry,'Dark - Lighted','NO CONTROLS','None Detected','None Detected','Walking/Riding w/Traffic','IN ROADWAY IMPROPERLY','ON ROADWAY NOT AT CROSSWALK',Yes,None,0.626267,0.881073,'Suspected Serious Injury'
MONTGOMERY,43418,19.467,County,Pedestrian,'Single Vehicle',Clear,Dry,'Dark - Lighted','NO CONTROLS','None Detected','None Detected','Cross/Enter Not at Intersection',None,'ON ROADWAY AT CROSSWALK',No,None,0.546878,0.889572,'Suspected Minor Injury'
MONTGOMERY,44926,21.333,County,Pedestrian,'Single Vehicle',Rain,Dry,'Dark - Lighted','NO CONTROLS','None Detected','None Detected','Walking/Riding against Traffic',None,'ON ROADWAY AT CROSSWALK',Yes,None,0.61367,0.931303,'Suspected Minor Injury'
MONTGOMERY,43836,17.433,'Maryland (State)',Pedestrian,'Single Vehicle',Clear,Dry,'Dark - Lighted','NO CONTROLS','None Detected','None Detected','Cross/Enter at Intersection',None,'ON ROADWAY AT CROSSWALK',No,None,0.512363,0.966207,'Possible Injury'
MONTGOMERY,43123,6.6,County,Pedestrian,'Single Vehicle',Rain,Wet,'Dark - Lighted','TRAFFIC SIGNAL','None Detected','None Detected','Cross/Enter at Intersection',Inattentive,'ON ROADWAY AT CROSSWALK',Yes,None,0.583038,0.909443,'Suspected Minor Injury'
MONTGOMERY,43078,11.8,'Maryland (State)',Pedestrian,'Single Vehicle',Snow,Wet,Daylight,'TRAFFIC SIGNAL','None Detected','None Detected','Cross/Enter at Intersection','FAILURE TO OBEY TRAFFIC SIGNS SIGNALS OR OFFICER','ON ROADWAY AT CROSSWALK',Yes,None,0.536639,0.970641,'Possible Injury'
MONTGOMERY,42595,17.617,County,Pedestrian,'Single Vehicle',Clear,Dry,Daylight,'TRAFFIC SIGNAL','None Detected','None Detected','Cross/Enter at Intersection',None,'AT AT INTERSECTION MARKED CROSSWALK',No,None,0.508249,0.948714,'Suspected Minor Injury'
GAITHERSBURG,44565,15.5,County,Bicyclist,'STRAIGHT MOVEMENT ANGLE',Clear,Dry,Daylight,'TRAFFIC SIGNAL','None Detected','None Detected','Walking/Riding w/Traffic',None,'ON ROADWAY AT CROSSWALK',No,None,0.690542,0.861806,'Suspected Minor Injury'
MONTGOMERY,42310,22.333,'US (State)',Pedestrian,'Single Vehicle',Clear,Dry,'Dark - Lighted','TRAFFIC SIGNAL','None Detected','None Detected','Cross/Enter at Intersection',None,'ON ROADWAY AT CROSSWALK',No,None,0.577349,0.9746,'Suspected Serious Injury'
MONTGOMERY,45555,12.3,County,Pedestrian,'Single Vehicle',Clear,Dry,Daylight,'NO CONTROLS','ALCOHOL PRESENT','None Detected',Standing,None,CURB,No,None,0.71597,0.85547,'Suspected Serious Injury'
MONTGOMERY,44473,19,County,Pedestrian,'Single Vehicle',Rain,Dry,'Dark - Lighted','NO CONTROLS','None Detected','None Detected','Walking/Cycling on Sidewalk',None,SIDEWALK,No,None,0.558976,0.937815,'Possible Injury'
MONTGOMERY,45531,12.083,County,Pedestrian,'STRAIGHT MOVEMENT ANGLE',Clear,Dry,Daylight,'TRAFFIC SIGNAL','None Detected','None Detected','Cross/Enter at Intersection',None,'ON ROADWAY AT CROSSWALK',No,None,0.57261,0.914823,'Suspected Minor Injury'
ROCKVILLE,42721,18.617,Municipality,Pedestrian,'Single Vehicle',Clear,Wet,'Dark - Lighted','NO CONTROLS','None Detected','None Detected','Cross/Enter at Intersection',None,'ON ROADWAY AT CROSSWALK',No,None,0.642285,0.887101,'Suspected Minor Injury'
MONTGOMERY,43550,15.85,County,Pedestrian,'Single Vehicle',Clear,Dry,Daylight,'NO CONTROLS','None Detected','None Detected','Cross/Enter at Intersection',None,'ON ROADWAY AT CROSSWALK',Yes,None,0.603093,0.896809,'Fatal Injury'
MONTGOMERY,45448,8.167,County,Bicyclist,'Single Vehicle',Clear,Dry,Daylight,'NO CONTROLS','None Detected','None Detected','Cross/Enter Not at Intersection','IN ROADWAY IMPROPERLY','ON ROADWAY NOT AT CROSSWALK',Yes,None,0.493751,0.904954,'No Apparent Injury'
MONTGOMERY,44653,10.05,County,Pedestrian,'Single Vehicle',Clear,Dry,Daylight,'TRAFFIC SIGNAL','None Detected','ALCOHOL PRESENT','Cross/Enter at Intersection','FAILURE TO YIELD RIGHT OF WAY','ON ROADWAY AT CROSSWALK',Yes,None,0.50471,0.949043,'Possible Injury'
MONTGOMERY,42174,7.617,County,Bicyclist,'SAME DIRECTION RIGHT TURN',Clear,Dry,Daylight,'NO CONTROLS','None Detected','None Detected','Walking/Riding w/Traffic',None,'IN BIKEWAY',No,Yes,0.676026,0.889267,'Suspected Minor Injury'
MONTGOMERY,45366,12.167,County,Pedestrian,'Single Vehicle',Clear,Dry,Daylight,'TRAFFIC SIGNAL','None Detected','None Detected','Cross/Enter Not at Intersection','IN ROADWAY IMPROPERLY','ON ROADWAY NOT AT CROSSWALK',Yes,None,0.587484,0.95206,'Possible Injury'
MONTGOMERY,42568,12.25,County,Pedestrian,'SAME DIR REAR END',Clear,Dry,Daylight,'NO CONTROLS','None Detected','None Detected','Cross/Enter at Intersection',None,'INSIDE BUILDING',No,None,0.639063,0.962944,'Possible Injury'
MONTGOMERY,43611,18,County,Bicyclist,'STRAIGHT MOVEMENT ANGLE',Clear,Dry,Daylight,'STOP SIGN','None Detected','None Detected','Cross/Enter at Intersection','FAILURE TO OBEY TRAFFIC SIGNS SIGNALS OR OFFICER','ON ROADWAY NOT AT CROSSWALK',Yes,None,0.513898,0.964667,'Possible Injury'
MONTGOMERY,44862,9.45,County,Pedestrian,'Single Vehicle',Cloudy,Dry,Daylight,PERSON,'None Detected','None Detected','Cross/Enter at Intersection','IN ROADWAY IMPROPERLY','ON ROADWAY AT CROSSWALK',No,Yes,0.471288,0.913292,'No Apparent Injury'
ROCKVILLE,42509,11.267,'Maryland (State)',Pedestrian,'SAME DIRECTION SIDESWIPE',Cloudy,Dry,Daylight,'TRAFFIC SIGNAL','None Detected','None Detected','Cross/Enter at Intersection',None,'AT AT INTERSECTION MARKED CROSSWALK',No,None,0.604155,0.895654,'Suspected Minor Injury'
MONTGOMERY,43590,22.567,'US (State)',Pedestrian,'Single Vehicle',Clear,Dry,'Dark - Lighted','TRAFFIC SIGNAL','None Detected','None Detected','Cross/Enter at Intersection',Dart/Dash,'AT AT INTERSECTION MARKED CROSSWALK',Yes,None,0.534575,0.955114,'Suspected Minor Injury'
MONTGOMERY,42352,10.533,County,Pedestrian,'Single Vehicle',Clear,Dry,Daylight,'NO CONTROLS','None Detected','None Detected','Cross/Enter Not at Intersection','FAILURE TO YIELD RIGHT OF WAY','ON ROADWAY NOT AT CROSSWALK',Yes,None,0.624401,0.992295,'Possible Injury'
ROCKVILLE,44160,18.85,County,Pedestrian,'Single Vehicle',Clear,Dry,'Dark - Lighted','NO CONTROLS','None Detected','None Detected','Cross/Enter at Intersection',None,'AT AT INTERSECTION MARKED CROSSWALK',No,None,0.640407,0.885023,'Possible Injury'
MONTGOMERY,42400,13.5,County,Pedestrian,'Single Vehicle',Clear,Wet,Daylight,'TRAFFIC SIGNAL','None Detected','None Detected','Cross/Enter at Intersection',None,'ON ROADWAY AT CROSSWALK',No,None,0.715766,0.855208,'Possible Injury'
MONTGOMERY,42219,11.4,County,Pedestrian,'Single Vehicle',Clear,Dry,Daylight,'NO CONTROLS','None Detected','None Detected',Standing,None,'ON ROADWAY AT CROSSWALK',No,Yes,0.597512,0.950978,'Suspected Minor Injury'
MONTGOMERY,42685,17.767,'Maryland (State)',Pedestrian,'HEAD ON',Clear,Dry,'Dark - Lighted','NO CONTROLS','None Detected','None Detected','Cross/Enter at Intersection',None,'ON ROADWAY AT CROSSWALK',No,None,0.496299,0.912411,'Suspected Minor Injury'
MONTGOMERY,43909,12.433,'Maryland (State)',Pedestrian,'Single Vehicle',Clear,Dry,Daylight,'NO CONTROLS','None Detected','None Detected','Walking/Cycling on Sidewalk',None,SIDEWALK,No,None,0.552327,0.965546,'Fatal Injury'
MONTGOMERY,44501,7,County,Pedestrian,'Single Vehicle',Clear,Dry,Dawn,'NO CONTROLS','None Detected','None Detected','Cross/Enter at Intersection',None,'ON ROADWAY AT CROSSWALK',No,None,0.726593,0.881149,'Suspected Minor Injury'
ROCKVILLE,42157,17.583,'Maryland (State)',Bicyclist,'Single Vehicle',Cloudy,Dry,Daylight,'STOP SIGN','None Detected','None Detected','Walking/Cycling on Sidewalk',None,'ON ROADWAY AT CROSSWALK',No,None,0.58312,0.905583,'Suspected Serious Injury'
MONTGOMERY,45378,11.667,County,Pedestrian,'Single Vehicle',Cloudy,Dry,Daylight,'NO CONTROLS','None Detected','None Detected',Standing,None,'ON ROADWAY AT CROSSWALK',No,None,0.540127,0.904399,'Suspected Minor Injury'
MONTGOMERY,44258,6.983,County,Bicyclist,'Single Vehicle',Clear,Dry,Daylight,'NO CONTROLS','None Detected','None Detected','Walking/Riding w/Traffic',None,'ON ROADWAY NOT AT CROSSWALK',No,Yes,0.4866,0.869088,'Suspected Serious Injury'
TAKOMA,44059,18.017,'Maryland (State)',Pedestrian,'Single Vehicle',Cloudy,Dry,Daylight,'TRAFFIC SIGNAL','None Detected','None Detected','Cross/Enter at Intersection',None,'ON ROADWAY AT CROSSWALK',No,None,0.497268,0.966663,'Suspected Minor Injury'
MONTGOMERY,44321,12.233,'Maryland (State)',Pedestrian,'Single Vehicle',Clear,Dry,Daylight,'TRAFFIC SIGNAL','None Detected','None Detected','Cross/Enter at Intersection',None,'ON ROADWAY AT CROSSWALK',No,None,0.506037,0.948327,'Suspected Serious Injury'
MONTGOMERY,43146,16.533,County,Pedestrian,'Single Vehicle',Clear,Dry,Daylight,'NO CONTROLS','None Detected','None Detected','Cross/Enter Not at Intersection',None,'ON ROADWAY NOT AT CROSSWALK',No,None,0.620087,0.911746,'Suspected Minor Injury'
MONTGOMERY,42393,18.567,County,Pedestrian,'Single Vehicle',Snow,Dry,'Dark - Lighted','NO CONTROLS','None Detected','None Detected',Standing,'IN ROADWAY IMPROPERLY','ON ROADWAY NOT AT CROSSWALK',Yes,None,0.51555,0.944617,'Possible Injury'
MONTGOMERY,42337,19.9,'Maryland (State)',Pedestrian,'Single Vehicle',Clear,Dry,'Dark - Not Lighted','NO CONTROLS','None Detected','None Detected','Cross/Enter Not at Intersection','IN ROADWAY IMPROPERLY','ON ROADWAY NOT AT CROSSWALK',Yes,None,0.716081,0.855667,'Suspected Serious Injury'
MONTGOMERY,43609,9.833,County,Pedestrian,'Single Vehicle',Clear,Dry,Daylight,'NO CONTROLS','None Detected','None Detected','Cross/Enter at Intersection',None,'ON ROADWAY AT CROSSWALK',No,None,0.728904,0.839883,'Suspected Minor Injury'
MONTGOMERY,42602,12.667,'Maryland (State)',Pedestrian,'Single Vehicle',Clear,Dry,Daylight,'TRAFFIC SIGNAL','None Detected','None Detected','Cross/Enter at Intersection',None,'ON ROADWAY AT CROSSWALK',No,None,0.524104,0.969885,'Possible Injury'
MONTGOMERY,43578,7.5,'Maryland (State)',Pedestrian,'Single Vehicle',Clear,Dry,Daylight,'TRAFFIC SIGNAL','None Detected','None Detected','Cross/Enter at Intersection','FAILURE TO OBEY TRAFFIC SIGNS SIGNALS OR OFFICER','ON ROADWAY AT CROSSWALK',Yes,None,0.711419,0.845949,'Possible Injury'
ROCKVILLE,44860,13.75,County,Pedestrian,'Single Vehicle',Clear,Dry,Daylight,'NO CONTROLS','None Detected','None Detected','Cross/Enter at Intersection',None,'ON ROADWAY AT CROSSWALK',No,None,0.578441,0.905765,'No Apparent Injury'
MONTGOMERY,43695,12,County,Bicyclist,'STRAIGHT MOVEMENT ANGLE',Clear,Dry,Daylight,'NO CONTROLS','None Detected','None Detected','Walking/Riding w/Traffic',None,'ON ROADWAY AT CROSSWALK',No,Yes,0.608322,0.927215,'No Apparent Injury'
MONTGOMERY,44895,17.833,County,Pedestrian,'Single Vehicle',Clear,Dry,'Dark - Lighted','NO CONTROLS','None Detected','None Detected','Cross/Enter Not at Intersection',None,'ON ROADWAY AT CROSSWALK',No,None,0.52827,0.945271,'Suspected Minor Injury'
MONTGOMERY,42659,23,County,Bicyclist,'SAME DIR REND RIGHT TURN',Clear,Dry,'Dark - Not Lighted','NO CONTROLS','ALCOHOL PRESENT','None Detected','Walking/Riding w/Traffic','NOT VISIBLE','ON ROADWAY AT CROSSWALK',No,None,0.555997,0.964088,'Possible Injury'
MONTGOMERY,43151,21.95,'Maryland (State)',Pedestrian,'Single Vehicle',Clear,Dry,'Dark - Lighted','TRAFFIC SIGNAL','None Detected','None Detected','Cross/Enter at Intersection','FAILURE TO OBEY TRAFFIC SIGNS SIGNALS OR OFFICER','ON ROADWAY AT CROSSWALK',Yes,None,0.556293,0.937592,'Possible Injury'
MONTGOMERY,43995,9.167,County,Bicyclist,'Single Vehicle',Clear,Dry,Daylight,'STOP SIGN','None Detected','None Detected','Cross/Enter at Intersection',None,SIDEWALK,No,Yes,0.711155,0.870452,'Possible Injury'
MONTGOMERY,43575,21.867,'Maryland (State)',Pedestrian,'Single Vehicle',Clear,Dry,'Dark - Lighted','NO CONTROLS','None Detected','None Detected','Cross/Enter Not at Intersection','IN ROADWAY IMPROPERLY','ON ROADWAY NOT AT CROSSWALK',Yes,None,0.562741,0.907663,'Suspected Serious Injury'
MONTGOMERY,44491,7.5,County,Bicyclist,'Single Vehicle',Clear,Dry,Daylight,'STOP SIGN','None Detected','None Detected','Walking/Cycling on Sidewalk',Inattentive,SIDEWALK,Yes,None,0.686617,0.834975,'Suspected Minor Injury'
MONTGOMERY,45432,18.75,'Maryland (State)',Pedestrian,'Single Vehicle',Rain,Wet,Daylight,'TRAFFIC SIGNAL','None Detected','None Detected','Cross/Enter at Intersection',None,'AT AT INTERSECTION MARKED CROSSWALK',No,None,0.694846,0.837399,'Suspected Serious Injury'
MONTGOMERY,45457,19.417,County,Pedestrian,'Single Vehicle',Clear,Dry,Daylight,'NO CONTROLS','None Detected','None Detected',Standing,None,'ON ROADWAY AT CROSSWALK',No,None,0.552427,0.938354,'Possible Injury'
GAITHERSBURG,44592,18.5,Municipality,Bicyclist,'STRAIGHT MOVEMENT ANGLE',Clear,Dry,'Dark - Lighted','NO CONTROLS','None Detected','None Detected','Cross/Enter Not at Intersection','IMPROPER TURN MERGE','ON ROADWAY NOT AT CROSSWALK',Yes,None,0.673819,0.877514,'Possible Injury'
MONTGOMERY,44908,18.967,County,Pedestrian,'OPPOSITE DIRECTION SIDESWIPE',Clear,Dry,'Dark - Not Lighted','NO CONTROLS','None Detected','None Detected',Standing,None,'OUTSIDE RIGHT OF WAY',No,None,0.592691,0.941436,'No Apparent Injury'
MONTGOMERY,43780,19.183,County,Pedestrian,'STRAIGHT MOVEMENT ANGLE',Clear,Dry,'Dark - Lighted','NO CONTROLS','None Detected','ALCOHOL PRESENT','Cross/Enter at Intersection',Inattentive,'ON ROADWAY AT CROSSWALK',Yes,None,0.675931,0.884419,'Possible Injury'
ROCKVILLE,42831,10.317,County,Pedestrian,'Single Vehicle',Cloudy,Dry,'Dark - Lighted','TRAFFIC SIGNAL','None Detected','None Detected','Cross/Enter at Intersection','FAILURE TO OBEY TRAFFIC SIGNS SIGNALS OR OFFICER','ON ROADWAY AT CROSSWALK',Yes,None,0.645659,0.879906,'Possible Injury'
MONTGOMERY,44537,16.067,County,Pedestrian,'Single Vehicle',Clear,Dry,Daylight,'NO CONTROLS','None Detected','None Detected','Walking to/from school','NOT VISIBLE','ON ROADWAY NOT AT CROSSWALK',Yes,None,0.631327,0.990753,'Suspected Minor Injury'
MONTGOMERY,44376,9.5,Municipality,'MACHINE OPERATOR/RIDER','Single Vehicle',Clear,Dry,Daylight,'NO CONTROLS','None Detected','None Detected','Walking/Riding against Traffic',None,'ON ROADWAY NOT AT CROSSWALK',Yes,None,0.69257,0.867123,'Suspected Minor Injury'
MONTGOMERY,45471,10.783,'Maryland (State)',Pedestrian,'Single Vehicle',Cloudy,Dry,Daylight,'TRAFFIC SIGNAL','None Detected','None Detected','Cross/Enter at Intersection',None,'ON ROADWAY AT CROSSWALK',No,None,0.503953,0.946457,'Possible Injury'
'Maryland-National Capital',44742,15.833,Government,Pedestrian,'STRAIGHT MOVEMENT ANGLE',Clear,Dry,Daylight,'STOP SIGN','None Detected','None Detected','Cross/Enter at Intersection',None,'ON ROADWAY AT CROSSWALK',No,None,0.479999,0.91643,'No Apparent Injury'
MONTGOMERY,43336,4.083,'Maryland (State)',Pedestrian,'Single Vehicle',Clear,Dry,'Dark - Lighted','NO CONTROLS','None Detected','None Detected','Cross/Enter Not at Intersection',Dart/Dash,'ON ROADWAY NOT AT CROSSWALK',No,None,0.555917,0.938166,'Fatal Injury'
ROCKVILLE,45486,15.483,County,Pedestrian,'Single Vehicle',Clear,Dry,Daylight,'NO CONTROLS','None Detected','None Detected','Cross/Enter at Intersection',None,'DRIVEWAY ACCESS MARKED CROSSWALK',No,None,0.640601,0.884614,'Possible Injury'
MONTGOMERY,42305,19.35,County,Pedestrian,'Single Vehicle',Rain,Dry,'Dark - Lighted','NO CONTROLS','None Detected','None Detected','Cross/Enter at Intersection',None,'ON ROADWAY AT CROSSWALK',No,None,0.742149,0.850702,'Suspected Minor Injury'
MONTGOMERY,43780,13.383,'Maryland (State)',Pedestrian,'Single Vehicle',Clear,Dry,Daylight,'TRAFFIC SIGNAL','None Detected','None Detected','Cross/Enter at Intersection',None,'AT AT INTERSECTION MARKED CROSSWALK',No,None,0.531648,0.957641,'Suspected Minor Injury'
MONTGOMERY,42304,15.8,County,Pedestrian,'Single Vehicle',Cloudy,Dry,Daylight,'NO CONTROLS','None Detected','None Detected',Playing,Dart/Dash,'ON ROADWAY NOT AT CROSSWALK',Yes,None,0.580236,0.936699,'Suspected Minor Injury'
MONTGOMERY,42042,17,County,Pedestrian,'Single Vehicle',Clear,Dry,Daylight,'NO CONTROLS','None Detected','None Detected',Playing,'NOT VISIBLE','ON ROADWAY AT CROSSWALK',No,None,0.742677,0.816879,'Suspected Minor Injury'
GAITHERSBURG,45598,6.967,Municipality,Bicyclist,'STRAIGHT MOVEMENT ANGLE',Clear,Dry,'Dark - Lighted','TRAFFIC SIGNAL','None Detected','None Detected','Cross/Enter at Intersection',None,'ON ROADWAY AT CROSSWALK',No,None,0.678564,0.860207,'Possible Injury'
MONTGOMERY,44211,16.05,County,Pedestrian,'Single Vehicle',Clear,Dry,Daylight,'NO CONTROLS','None Detected','None Detected','Walking/Cycling on Sidewalk',None,SIDEWALK,No,None,0.567095,0.934582,'No Apparent Injury'
MONTGOMERY,44685,21.617,'Maryland (State)',Pedestrian,'Single Vehicle',Clear,Dry,'Dark - Lighted','STOP SIGN','None Detected','None Detected','Cross/Enter at Intersection',None,'DRIVEWAY ACCESS MARKED CROSSWALK',No,None,0.585702,0.939425,'Suspected Minor Injury'
MONTGOMERY,45493,18.017,County,Pedestrian,'Single Vehicle',Clear,Dry,Daylight,'NO CONTROLS','None Detected','None Detected','Cross/Enter Not at Intersection','IN ROADWAY IMPROPERLY','ON ROADWAY NOT AT CROSSWALK',Yes,None,0.503153,0.950416,'Possible Injury'
MONTGOMERY,42403,9.967,County,Pedestrian,'Single Vehicle',Rain,Dry,Daylight,'NO CONTROLS','None Detected','None Detected','Cross/Enter at Intersection',None,'SHARED USE PATH OR TRAILS',No,None,0.694024,0.926659,'Suspected Minor Injury'
MONTGOMERY,44881,15.45,County,Pedestrian,'Single Vehicle',Clear,Dry,Daylight,'NO CONTROLS','None Detected','None Detected','Cross/Enter at Intersection',None,'ON ROADWAY AT CROSSWALK',No,None,0.740198,0.850305,'No Apparent Injury'
MONTGOMERY,44481,9.783,County,Bicyclist,'HEAD ON LEFT TURN',Rain,Dry,Daylight,'NO CONTROLS','None Detected','None Detected','Cross/Enter Not at Intersection',None,SIDEWALK,No,None,0.640491,0.989881,'No Apparent Injury'
MONTGOMERY,42218,18.283,County,Pedestrian,'Single Vehicle',Clear,Dry,Daylight,'NO CONTROLS','None Detected','None Detected','Cross/Enter at Intersection',None,'ON ROADWAY AT CROSSWALK',No,None,0.570881,0.938579,'No Apparent Injury'
MONTGOMERY,42047,15.483,County,Pedestrian,'Single Vehicle',Clear,Dry,Daylight,'NO CONTROLS','None Detected','None Detected','Walking/Cycling on Sidewalk',None,SIDEWALK,No,None,0.608924,0.926274,'Suspected Minor Injury'
MONTGOMERY,42557,4.45,County,Pedestrian,'Single Vehicle',Clear,Dry,'Dark - Lighted','NO CONTROLS','None Detected','None Detected','Cross/Enter Not at Intersection','FAILURE TO YIELD RIGHT OF WAY','ON ROADWAY NOT AT CROSSWALK',Yes,None,0.71284,0.866756,'Suspected Minor Injury'
ROCKVILLE,42604,9.85,'Maryland (State)',Pedestrian,'Single Vehicle',Clear,Dry,'Dark - Lighted','TRAFFIC SIGNAL','None Detected','None Detected','Cross/Enter at Intersection','FAILURE TO YIELD RIGHT OF WAY','AT AT INTERSECTION MARKED CROSSWALK',Yes,None,0.613651,0.893893,'Suspected Serious Injury'
MONTGOMERY,45448,15.933,County,Pedestrian,'Single Vehicle',Clear,Dry,Daylight,'STOP SIGN','None Detected','None Detected','Cross/Enter at Intersection','FAILURE TO YIELD RIGHT OF WAY',CURB,Yes,None,0.707045,0.870816,'Possible Injury'
MONTGOMERY,45391,13.117,County,Pedestrian,'Single Vehicle',Clear,Dry,Daylight,'NO CONTROLS','None Detected','None Detected','Cross/Enter at Intersection',None,'ON ROADWAY AT CROSSWALK',No,None,0.501636,0.946669,'No Apparent Injury'
MONTGOMERY,43685,17.667,'Maryland (State)',Pedestrian,'Single Vehicle',Clear,Dry,Daylight,'NO CONTROLS','None Detected','None Detected','Getting off/on Vehicle',None,'ON ROADWAY AT CROSSWALK',No,None,0.817155,0.870356,'Suspected Minor Injury'
ROCKVILLE,45611,16.733,' Public Roadway',Pedestrian,'Single Vehicle',Clear,Dry,Dusk,'STOP SIGN','None Detected','None Detected','Walking/Riding w/Traffic',Inattentive,'ON ROADWAY NOT AT CROSSWALK',Yes,None,0.641655,0.887435,'Suspected Minor Injury'
MONTGOMERY,44368,10.433,County,' CONVEYANCE','HEAD ON LEFT TURN',Clear,Dry,Daylight,'STOP SIGN','None Detected','None Detected','Cross/Enter at Intersection',None,'AT INTERSECTION BUT NO CROSSWALK',No,None,0.707651,0.844537,'Suspected Minor Injury'
'Maryland-National Capital',44008,9.917,Government,Bicyclist,'SAME DIRECTION LEFT TURN',Clear,Dry,Daylight,'NO CONTROLS','None Detected','None Detected','Walking/Riding w/Traffic',Inattentive,'ON ROADWAY NOT AT CROSSWALK',Yes,Yes,0.540026,0.947803,'Suspected Minor Injury'
ROCKVILLE,43048,9.95,'Maryland (State)',Pedestrian,'Single Vehicle',Rain,Wet,Daylight,'TRAFFIC SIGNAL','None Detected','None Detected','Cross/Enter at Intersection','IN ROADWAY IMPROPERLY','ON ROADWAY NOT AT CROSSWALK',Yes,None,0.595305,0.911444,'Suspected Serious Injury'
MONTGOMERY,42009,12.383,'Maryland (State)',Pedestrian,'HEAD ON LEFT TURN',Clear,Dry,Daylight,'TRAFFIC SIGNAL','None Detected','None Detected','Cross/Enter at Intersection',None,'ON ROADWAY AT CROSSWALK',No,None,0.645045,0.886495,'Possible Injury'
MONTGOMERY,43901,10.5,'Maryland (State)',Pedestrian,'Single Vehicle',Clear,Dry,Daylight,'NO CONTROLS','None Detected','None Detected','Cross/Enter Not at Intersection',Dart/Dash,'ON ROADWAY NOT AT CROSSWALK',Yes,None,0.535351,0.970843,'Suspected Minor Injury'
MONTGOMERY,42291,15.633,County,Bicyclist,'STRAIGHT MOVEMENT ANGLE',Clear,Dry,Daylight,'STOP SIGN','None Detected','None Detected','Cross/Enter at Intersection','FAILURE TO YIELD RIGHT OF WAY','ON ROADWAY NOT AT CROSSWALK',Yes,Yes,0.561593,0.947588,'Suspected Minor Injury'
MONTGOMERY,44844,17.25,'Maryland (State)',Pedestrian,'Single Vehicle',Clear,Dry,Daylight,'TRAFFIC SIGNAL','None Detected','None Detected','Cross/Enter at Intersection',None,'AT AT INTERSECTION MARKED CROSSWALK',No,None,0.589923,0.940379,'Suspected Minor Injury'
MONTGOMERY,45529,14.95,County,Pedestrian,'Single Vehicle',Clear,Dry,Daylight,'NO CONTROLS','None Detected','None Detected','Cross/Enter at Intersection',None,'ON ROADWAY AT CROSSWALK',No,None,0.567898,0.929465,'Suspected Minor Injury'
MONTGOMERY,42445,20.267,County,Pedestrian,'STRAIGHT MOVEMENT ANGLE',Clear,Dry,'Dark - Lighted','STOP SIGN','None Detected','None Detected','Cross/Enter at Intersection','NOT VISIBLE','AT AT INTERSECTION MARKED CROSSWALK',No,None,0.686409,0.926671,'Suspected Minor Injury'
MONTGOMERY,43630,9.3,'Maryland (State)',Bicyclist,'SAME DIR REAR END',Clear,Dry,Daylight,'NO CONTROLS','None Detected','None Detected','Walking/Riding w/Traffic',None,'ON ROADWAY NOT AT CROSSWALK',Yes,None,0.536081,0.940851,'Suspected Minor Injury'
MONTGOMERY,43238,7.683,County,Pedestrian,'Single Vehicle',Rain,Dry,Daylight,'NO CONTROLS','None Detected','None Detected',Standing,None,'ON ROADWAY AT CROSSWALK',Yes,None,0.504183,0.946437,'No Apparent Injury'
MONTGOMERY,42490,23.033,County,' CONVEYANCE','Single Vehicle',Rain,Wet,'Dark - Not Lighted','FLASHING TRAFFIC SIGNAL','None Detected','ALCOHOL PRESENT','Cross/Enter at Intersection',None,'ON ROADWAY AT CROSSWALK',No,None,0.632199,0.896918,'Fatal Injury'
TAKOMA,42374,9.05,'Maryland (State)',Pedestrian,'SAME DIRECTION RIGHT TURN',Clear,Dry,Daylight,'NO CONTROLS','None Detected','None Detected','Cross/Enter at Intersection',None,'ON ROADWAY AT CROSSWALK',No,None,0.482825,0.962691,'Suspected Minor Injury'
MONTGOMERY,43306,16.6,County,Bicyclist,'Single Vehicle',Clear,Dry,Daylight,'NO CONTROLS','None Detected','None Detected','Cross/Enter at Intersection',None,'ON ROADWAY AT CROSSWALK',No,None,0.561486,0.910753,'Possible Injury'
GAITHERSBURG,43342,20.5,Municipality,Bicyclist,'Single Vehicle',Clear,Dry,'Dark - Lighted','NO CONTROLS','None Detected','None Detected','Cross/Enter Not at Intersection',None,'ON ROADWAY AT CROSSWALK',No,None,0.680282,0.876655,'No Apparent Injury'