'Agency Name','Days after Jan 1','Hours past Midnight','Route Type','Related Non-Motorist','Collision Type',Weather,'Surface Condition',Light,'Traffic Control','Driver Substance Abuse','Non-Motorist Substance Abuse','Pedestrian Movement','Pedestrian Actions','Pedestrian Location','At Fault','Safety Equipment','Lat- Normalized','Long- Normalized','Injury Severity'
MONTGOMERY,43050,7.717,County,Pedestrian,'Single Vehicle',Clear,Dry,Daylight,'NO CONTROLS','None Detected','None Detected','Cross/Enter at Intersection',None,'ON ROADWAY AT CROSSWALK',No,None,0.732914,0.876071,'Possible Injury'
'Maryland-National Capital',44336,14.55,Government,Bicyclist,'SAME DIR REAR END',Clear,Dry,Daylight,'NO CONTROLS','None Detected','None Detected','Walking/Riding w/Traffic',None,'ON ROADWAY NOT AT CROSSWALK',No,None,0.499258,0.957891,'Suspected Minor Injury'
MONTGOMERY,44801,9.283,County,Bicyclist,'HEAD ON LEFT TURN',Clear,Dry,Daylight,'NO CONTROLS','None Detected','None Detected','Walking/Riding w/Traffic',None,'ON ROADWAY NOT AT CROSSWALK',No,Yes,0.51225,0.867854,'Suspected Serious Injury'
MONTGOMERY,43465,12.967,County,Pedestrian,'Single Vehicle',Rain,Dry,Daylight,'NO CONTROLS','None Detected','None Detected','Walking/Cycling on Sidewalk',None,SIDEWALK,No,None,0.644397,0.870448,'Suspected Minor Injury'
MONTGOMERY,43140,7.083,County,Pedestrian,'Single Vehicle',Clear,Dry,Daylight,'NO CONTROLS','None Detected','None Detected','Cross/Enter at Intersection',None,'ON ROADWAY NOT AT CROSSWALK',No,None,0.509332,0.965631,'Suspected Minor Injury'
MONTGOMERY,44831,16,'Maryland (State)',Pedestrian,'Single Vehicle',Clear,Dry,Daylight,'TRAFFIC SIGNAL','None Detected','None Detected','Cross/Enter at Intersection',Dart/Dash,'ON ROADWAY AT CROSSWALK',Yes,None,0.575425,0.924218,'Suspected Minor Injury'
MONTGOMERY,44363,16.5,County,Bicyclist,'STRAIGHT MOVEMENT ANGLE',Clear,Dry,Daylight,'NO CONTROLS','None Detected','None Detected','Walking/Cycling on Sidewalk',None,SIDEWALK,No,None,0.548748,0.927934,'Suspected Minor Injury'
MONTGOMERY,42412,6.75,County,Pedestrian,'Single Vehicle',Clear,Dry,'Dark - Lighted','STOP SIGN','None Detected','None Detected','Cross/Enter at Intersection',None,'ON ROADWAY NOT AT CROSSWALK',No,None,0.699379,0.841593,'Suspected Minor Injury'
MONTGOMERY,42170,21.567,County,Bicyclist,'Single Vehicle',Clear,Dry,'Dark - Lighted','TRAFFIC SIGNAL','None Detected','None Detected','Cross/Enter at Intersection',None,'ON ROADWAY AT CROSSWALK',No,None,0.491263,0.918394,'Possible Injury'
MONTGOMERY,43583,19.867,County,Pedestrian,'Single Vehicle',Clear,Dry,Daylight,'NO CONTROLS','None Detected','None Detected',Playing,Dart/Dash,'ON ROADWAY AT CROSSWALK',Yes,None,0.775716,0.853445,'Suspected Minor Injury'
MONTGOMERY,42914,22.4,County,Pedestrian,'SAME DIRECTION LEFT TURN',Clear,Dry,'Dark - Lighted','NO CONTROLS','None Detected','ALCOHOL PRESENT','Cross/Enter at Intersection',None,'AT INTERSECTION BUT NO CROSSWALK',No,None,0.675972,0.921493,'Possible Injury'
MONTGOMERY,42658,20.433,County,Pedestrian,'Single Vehicle',Clear,Dry,'Dark - Lighted','NO CONTROLS','None Detected','None Detected',Playing,Dart/Dash,'ON ROADWAY NOT AT CROSSWALK',Yes,None,0.713586,0.846862,'Possible Injury'
MONTGOMERY,44670,7.667,'Maryland (State)',Pedestrian,'Single Vehicle',Clear,Dry,Daylight,'NO CONTROLS','None Detected','None Detected','Cross/Enter Not at Intersection','IN ROADWAY IMPROPERLY','ON ROADWAY AT CROSSWALK',Yes,None,0.557686,0.936656,'Suspected Serious Injury'
ROCKVILLE,43613,15.55,Municipality,Bicyclist,'Single Vehicle',Clear,Dry,Daylight,'STOP SIGN','None Detected','None Detected','Cross/Enter at Intersection',None,'ON ROADWAY AT CROSSWALK',No,None,0.600333,0.897608,'Suspected Minor Injury'
MONTGOMERY,44561,13.95,County,Pedestrian,'Single Vehicle',Clear,Dry,Daylight,'STOP SIGN','None Detected','None Detected','Cross/Enter at Intersection',None,'AT INTERSECTION BUT NO CROSSWALK',No,None,0.715579,0.841681,'Possible Injury'
MONTGOMERY,42870,20.85,'Maryland (State)',Bicyclist,'Single Vehicle',Clear,Dry,'Dark - Lighted','NO CONTROLS','None Detected','None Detected','Cross/Enter Not at Intersection','IN ROADWAY IMPROPERLY','ON ROADWAY NOT AT CROSSWALK',Yes,None,0.677449,0.871259,'Suspected Serious Injury'
MONTGOMERY,42648,20.817,County,Pedestrian,'Single Vehicle',Clear,Dry,'Dark - Lighted','NO CONTROLS','None Detected','None Detected','Cross/Enter at Intersection',None,'AT AT INTERSECTION MARKED CROSSWALK',No,None,0.602254,0.984884,'No Apparent Injury'
MONTGOMERY,44208,13.517,' Public Roadway',Pedestrian,'Single Vehicle',Clear,Dry,Daylight,'STOP SIGN','None Detected','None Detected','Cross/Enter at Intersection',None,'AT INTERSECTION BUT NO CROSSWALK',No,None,0.713523,0.855744,'Suspected Minor Injury'
MONTGOMERY,44671,8.667,'Maryland (State)',Pedestrian,'Single Vehicle',Cloudy,Dry,Daylight,'TRAFFIC SIGNAL','None Detected','None Detected','Walking to/from school','FAILURE TO OBEY TRAFFIC SIGNS SIGNALS OR OFFICER',MEDIAN,Yes,None,0.545126,0.968012,'Suspected Minor Injury'
MONTGOMERY,44292,17.5,County,Bicyclist,'STRAIGHT MOVEMENT ANGLE',Clear,Dry,Daylight,'STOP SIGN','None Detected','None Detected','Cross/Enter at Intersection',None,'ON ROADWAY NOT AT CROSSWALK',No,Yes,0.566805,0.921683,'Suspected Minor Injury'
MONTGOMERY,42123,12.567,'Maryland (State)',Pedestrian,'Single Vehicle',Clear,Dry,Daylight,'TRAFFIC SIGNAL','None Detected','None Detected','Cross/Enter at Intersection',Dart/Dash,'ON ROADWAY NOT AT CROSSWALK',No,None,0.677637,0.863871,'Possible Injury'
MONTGOMERY,44606,7.317,'Maryland (State)',Pedestrian,'Single Vehicle',Cloudy,Dry,Daylight,PERSON,'None Detected','None Detected','Cross/Enter at Intersection',None,'ON ROADWAY AT CROSSWALK',No,None,0.522535,0.910075,'Suspected Minor Injury'
MONTGOMERY,42471,17,County,Pedestrian,'Single Vehicle',Clear,Dry,Daylight,'NO CONTROLS','None Detected','None Detected',' Working','ENTERING EXITING PARKED STANDING VEHICLE','ON ROADWAY NOT AT CROSSWALK',No,None,0.4725,0.912623,'Possible Injury'
MONTGOMERY,43794,10.867,County,Pedestrian,'Single Vehicle',Clear,Dry,Daylight,'NO CONTROLS','None Detected','None Detected','Walking/Riding w/Traffic',None,'ON ROADWAY AT CROSSWALK',No,None,0.627916,0.927453,'No Apparent Injury'
'Maryland-National Capital',42476,11,Government,Bicyclist,'STRAIGHT MOVEMENT ANGLE',Clear,Dry,Daylight,'NO CONTROLS','None Detected','None Detected','Cross/Enter at Intersection',None,'ON ROADWAY AT CROSSWALK',No,None,0.480588,0.91607,'Possible Injury'
ROCKVILLE,42814,21.75,County,Pedestrian,'Single Vehicle',Clear,Dry,'Dark - Not Lighted','NO CONTROLS','None Detected','None Detected','Cross/Enter at Intersection','NOT VISIBLE','ON ROADWAY AT CROSSWALK',No,None,0.581019,0.906681,'Suspected Minor Injury'
MONTGOMERY,44189,13.917,County,Pedestrian,'Single Vehicle',Rain,Dry,Daylight,'NO CONTROLS','None Detected','None Detected','Cross/Enter at Intersection',None,'ON ROADWAY AT CROSSWALK',No,None,0.743514,0.851399,'Possible Injury'
MONTGOMERY,42811,9.417,'Maryland (State)',Pedestrian,'Single Vehicle',Clear,Dry,Daylight,'TRAFFIC SIGNAL','None Detected','None Detected','Cross/Enter at Intersection',None,'AT AT INTERSECTION MARKED CROSSWALK',No,None,0.489348,0.919858,'Suspected Minor Injury'
ROCKVILLE,42755,20.75,Municipality,Pedestrian,'STRAIGHT MOVEMENT ANGLE',Rain,Wet,'Dark - Lighted','NO CONTROLS','None Detected','ALCOHOL PRESENT','Walking/Riding against Traffic','IN ROADWAY IMPROPERLY','ON ROADWAY NOT AT CROSSWALK',Yes,None,0.59739,0.898989,'Possible Injury'
MONTGOMERY,42751,18.233,County,Pedestrian,'Single Vehicle',Clear,Dry,'Dark - Lighted','TRAFFIC SIGNAL','None Detected','None Detected','Cross/Enter at Intersection',None,'AT AT INTERSECTION MARKED CROSSWALK',No,None,0.577409,0.938826,'Suspected Minor Injury'
MONTGOMERY,42127,23.683,'Maryland (State)',Pedestrian,'STRAIGHT MOVEMENT ANGLE',Clear,Dry,'Dark - Lighted','NO CONTROLS','None Detected','None Detected','Cross/Enter Not at Intersection','FAILURE TO YIELD RIGHT OF WAY','ON ROADWAY NOT AT CROSSWALK',No,None,0.555889,0.938266,'Suspected Serious Injury'
MONTGOMERY,43761,17.667,'Maryland (State)',Bicyclist,'ANGLE MEETS LEFT TURN',Clear,Dry,Daylight,'TRAFFIC SIGNAL','None Detected','None Detected',Standing,None,SIDEWALK,No,Yes,0.528864,0.926067,'Suspected Serious Injury'
MONTGOMERY,43637,12.983,'Maryland (State)',Pedestrian,'Single Vehicle',Clear,Dry,Daylight,'TRAFFIC SIGNAL','None Detected','None Detected','Walking/Riding against Traffic',None,SIDEWALK,No,None,0.562006,0.911401,'Suspected Minor Injury'
MONTGOMERY,42271,9.917,County,Pedestrian,'STRAIGHT MOVEMENT ANGLE',Clear,Dry,Daylight,'NO CONTROLS','None Detected','None Detected','Cross/Enter at Intersection',None,'ON ROADWAY AT CROSSWALK',No,None,0.601255,0.925229,'Possible Injury'
MONTGOMERY,43373,10.333,County,Bicyclist,'Single Vehicle',Clear,Dry,Daylight,'TRAFFIC SIGNAL','None Detected','None Detected','Cross/Enter at Intersection',None,'ON ROADWAY AT CROSSWALK',No,Yes,0.688609,0.918927,'Suspected Minor Injury'
MONTGOMERY,42161,22.983,County,Bicyclist,'STRAIGHT MOVEMENT ANGLE',Clear,Dry,'Dark - Lighted','NO CONTROLS','None Detected','None Detected','Cross/Enter at Intersection','FAILURE TO YIELD RIGHT OF WAY','DRIVEWAY ACCESS MARKED CROSSWALK',No,None,0.506673,0.948478,'Suspected Minor Injury'
MONTGOMERY,42326,22,County,Pedestrian,'Single Vehicle',Clear,Dry,'Dark - Lighted','STOP SIGN','None Detected','None Detected','Cross/Enter at Intersection','FAILURE TO YIELD RIGHT OF WAY','ON ROADWAY NOT AT CROSSWALK',Yes,None,0.616224,0.864137,'Suspected Minor Injury'
MONTGOMERY,42108,14.05,County,Pedestrian,'Single Vehicle',Rain,Dry,Daylight,'NO CONTROLS','None Detected','None Detected','Cross/Enter at Intersection',None,'ON ROADWAY AT CROSSWALK',No,None,0.541066,0.904671,'Possible Injury'
ROCKVILLE,44138,8.25,County,Pedestrian,'Single Vehicle',Clear,Dry,Daylight,'NO CONTROLS','None Detected','None Detected','Cross/Enter at Intersection',None,'ON ROADWAY AT CROSSWALK',No,None,0.587707,0.933659,'Suspected Minor Injury'
ROCKVILLE,44307,12.033,County,Bicyclist,'STRAIGHT MOVEMENT ANGLE',Cloudy,Dry,Daylight,'NO CONTROLS','None Detected','None Detected','Walking/Cycling on Sidewalk',None,SIDEWALK,No,None,0.618244,0.893211,'Suspected Minor Injury'
MONTGOMERY,42571,7.65,County,Pedestrian,'Single Vehicle',Clear,Dry,Daylight,'TRAFFIC SIGNAL','None Detected','None Detected','Cross/Enter at Intersection',None,'AT INTERSECTION BUT NO CROSSWALK',No,None,0.574076,0.905179,'Suspected Minor Injury'
MONTGOMERY,43763,21.35,'Maryland (State)',Pedestrian,'Single Vehicle',Cloudy,Dry,'Dark - Lighted','NO CONTROLS','None Detected','None Detected','Cross/Enter at Intersection',None,SIDEWALK,Yes,None,0.719918,0.855765,'Suspected Serious Injury'
MONTGOMERY,43017,13.867,County,Pedestrian,'Single Vehicle',Clear,Dry,Daylight,'NO CONTROLS','None Detected','None Detected','Cross/Enter at Intersection',None,'AT AT INTERSECTION MARKED CROSSWALK',No,None,0.739058,0.851614,'Possible Injury'
MONTGOMERY,43396,18.917,County,Pedestrian,'Single Vehicle',Clear,Dry,'Dark - Lighted','NO CONTROLS','None Detected','None Detected','Cross/Enter at Intersection','NOT VISIBLE','ON ROADWAY NOT AT CROSSWALK',Yes,None,0.722429,0.844751,'Possible Injury'
MONTGOMERY,45350,8.067,County,Pedestrian,'Single Vehicle',Clear,Dry,Daylight,'YIELD SIGN','None Detected','None Detected','Cross/Enter at Intersection',None,'ON ROADWAY AT CROSSWALK',No,None,0.620771,0.984409,'Suspected Minor Injury'
MONTGOMERY,44541,13.867,County,Pedestrian,'Single Vehicle',Cloudy,Dry,Daylight,'NO CONTROLS','None Detected','None Detected','Cross/Enter at Intersection',None,'ON ROADWAY AT CROSSWALK',No,None,0.680558,0.868909,'Suspected Minor Injury'
TAKOMA,42523,18.417,'Maryland (State)',Bicyclist,'HEAD ON LEFT TURN',Clear,Dry,Daylight,'NO CONTROLS','None Detected','None Detected','Walking/Riding w/Traffic',None,'ON ROADWAY NOT AT CROSSWALK',No,None,0.483533,0.962003,'Suspected Minor Injury'
MONTGOMERY,42693,11.4,'Maryland (State)',Pedestrian,'STRAIGHT MOVEMENT ANGLE',Clear,Dry,Daylight,'NO CONTROLS','None Detected','None Detected','Cross/Enter at Intersection',None,SIDEWALK,No,None,0.507212,0.959367,'No Apparent Injury'
MONTGOMERY,42807,13.417,County,Pedestrian,'Single Vehicle',Clear,Dry,Daylight,PERSON,'None Detected','None Detected','Cross/Enter at Intersection',None,'AT AT INTERSECTION MARKED CROSSWALK',No,None,0.490532,0.917306,'Possible Injury'
TAKOMA,44702,10.2,County,Pedestrian,'Single Vehicle',Clear,Dry,Daylight,'NO CONTROLS','None Detected','None Detected','Cross/Enter at Intersection',None,'ON ROADWAY AT CROSSWALK',No,None,0.495781,0.966024,'Possible Injury'
MONTGOMERY,43035,11.9,'Maryland (State)',Pedestrian,'Single Vehicle',Clear,Dry,Daylight,'NO CONTROLS','None Detected','None Detected','Cross/Enter at Intersection',None,'ON ROADWAY AT CROSSWALK',No,None,0.602881,0.924836,'Possible Injury'
MONTGOMERY,43584,13.5,'Maryland (State)',Pedestrian,'Single Vehicle',Clear,Dry,Daylight,'NO CONTROLS','None Detected','None Detected',Standing,'IN ROADWAY IMPROPERLY','ON ROADWAY NOT AT CROSSWALK',Yes,None,0.650278,0.882,'Suspected Minor Injury'
MONTGOMERY,43799,21.083,'Maryland (State)',Pedestrian,'Single Vehicle',Clear,Dry,'Dark - Lighted','TRAFFIC SIGNAL','None Detected','None Detected','Cross/Enter at Intersection',None,'ON ROADWAY AT CROSSWALK',No,None,0.556651,0.964688,'Suspected Minor Injury'
MONTGOMERY,44512,7.783,County,Pedestrian,'OPPOSITE DIRECTION SIDESWIPE',Rain,Wet,Daylight,'NO CONTROLS','None Detected','None Detected','Cross/Enter at Intersection',Inattentive,'ON ROADWAY AT CROSSWALK',Yes,Yes,0.795207,0.846246,'Suspected Minor Injury'
MONTGOMERY,43979,18,County,Bicyclist,'STRAIGHT MOVEMENT ANGLE',Clear,Dry,Daylight,'STOP SIGN','None Detected','None Detected','Walking/Cycling on Sidewalk',None,SIDEWALK,No,None,0.773497,0.849978,'No Apparent Injury'
MONTGOMERY,45414,10,'Maryland (State)',Pedestrian,'Single Vehicle',Clear,Dry,Daylight,'TRAFFIC SIGNAL','None Detected','None Detected','Cross/Enter at Intersection',None,'ON ROADWAY AT CROSSWALK',No,None,0.497319,0.966041,'Suspected Minor Injury'
MONTGOMERY,43131,14.45,County,Pedestrian,'Single Vehicle',Clear,Dry,Daylight,'NO CONTROLS','None Detected','None Detected','Cross/Enter Not at Intersection',Dart/Dash,'ON ROADWAY NOT AT CROSSWALK',No,None,0.601806,0.929195,'Possible Injury'
MONTGOMERY,42636,13.333,County,Pedestrian,'Single Vehicle',Clear,Dry,Daylight,'TRAFFIC SIGNAL','None Detected','None Detected','Cross/Enter at Intersection','FAILURE TO YIELD RIGHT OF WAY','ON ROADWAY AT CROSSWALK',Yes,None,0.498994,0.918081,'Suspected Minor Injury'
MONTGOMERY,45445,17.083,County,Pedestrian,'Single Vehicle',Clear,Dry,Daylight,'NO CONTROLS','None Detected','None Detected','Cross/Enter at Intersection',None,'ON ROADWAY AT CROSSWALK',No,None,0.601212,0.925646,'Suspected Minor Injury'
MONTGOMERY,42890,2.85,County,Pedestrian,'Single Vehicle',Clear,Dry,'Dark - Lighted','NO CONTROLS','ALCOHOL PRESENT','None Detected','Cross/Enter at Intersection',None,'ON ROADWAY AT CROSSWALK',No,None,0.501508,0.949247,'Possible Injury'
MONTGOMERY,42763,19.15,County,Pedestrian,'Single Vehicle',Clear,Dry,'Dark - Lighted','NO CONTROLS','None Detected','None Detected','Cross/Enter at Intersection','IN ROADWAY IMPROPERLY','ON ROADWAY NOT AT CROSSWALK',Yes,None,0.535274,0.97153,'Suspected Minor Injury'
MONTGOMERY,44916,14.05,County,Pedestrian,'Single Vehicle',Clear,Dry,Daylight,'NO CONTROLS','None Detected','None Detected','Cross/Enter at Intersection','FAILURE TO OBEY TRAFFIC SIGNS SIGNALS OR OFFICER','AT AT INTERSECTION MARKED CROSSWALK',Yes,None,0.667589,0.870079,'Fatal Injury'
'Maryland-National Capital',44840,9.267,Government,Pedestrian,'Single Vehicle',Clear,Dry,Daylight,'STOP SIGN','None Detected','None Detected','Cross/Enter at Intersection',None,'ON ROADWAY AT CROSSWALK',No,None,0.536535,0.915879,'Suspected Minor Injury'
TAKOMA,45505,12,County,'MACHINE OPERATOR/RIDER','Single Vehicle',Clear,Dry,Daylight,'NO CONTROLS','None Detected','None Detected','Cross/Enter Not at Intersection',None,SIDEWALK,No,None,0.48331,0.954424,'No Apparent Injury'
MONTGOMERY,42543,18.217,County,Bicyclist,'Single Vehicle',Clear,Dry,Daylight,'STOP SIGN','None Detected','None Detected','Walking/Cycling on Sidewalk',None,SIDEWALK,No,None,0.543751,0.8957,'Suspected Minor Injury'
MONTGOMERY,44003,19.033,County,Pedestrian,'Single Vehicle',Clear,Dry,Daylight,'NO CONTROLS','None Detected','None Detected',Playing,None,CURB,Yes,None,0.685334,0.843168,'Suspected Minor Injury'
MONTGOMERY,42589,9.75,County,Pedestrian,'Single Vehicle',Clear,Dry,Daylight,'TRAFFIC SIGNAL','None Detected','None Detected','Cross/Enter at Intersection',None,'ON ROADWAY AT CROSSWALK',No,None,0.578224,0.939667,'Suspected Minor Injury'
MONTGOMERY,42857,7.6,County,Bicyclist,'Single Vehicle',Clear,Dry,Daylight,'TRAFFIC SIGNAL','None Detected','None Detected','Cross/Enter at Intersection',None,'ON ROADWAY AT CROSSWALK',No,None,0.705557,0.870636,'Suspected Minor Injury'
MONTGOMERY,42910,6.767,'Maryland (State)',Bicyclist,'HEAD ON LEFT TURN',Clear,Wet,Daylight,'NO CONTROLS','None Detected','None Detected','Cross/Enter at Intersection',None,'SHARED USE PATH OR TRAILS',No,Yes,0.504661,0.906415,'Suspected Serious Injury'
MONTGOMERY,42424,14.983,County,Pedestrian,'Single Vehicle',Rain,Dry,Daylight,'NO CONTROLS','None Detected','None Detected','Cross/Enter at Intersection',None,'ON ROADWAY AT CROSSWALK',No,None,0.585075,0.905466,'Possible Injury'
MONTGOMERY,43112,7,County,Pedestrian,'Single Vehicle',Rain,Wet,'Dark - Lighted','TRAFFIC SIGNAL','None Detected','None Detected','Cross/Enter at Intersection',None,'ON ROADWAY AT CROSSWALK',No,None,0.492389,0.919714,'Suspected Minor Injury'
MONTGOMERY,45375,23.283,'Maryland (State)',Pedestrian,'Single Vehicle',Rain,Wet,Daylight,'NO CONTROLS','None Detected','ALCOHOL PRESENT','Cross/Enter at Intersection',None,'ON ROADWAY AT CROSSWALK',No,None,0.504442,0.963943,'Suspected Minor Injury'
MONTGOMERY,44856,20.7,County,Pedestrian,'Single Vehicle',Clear,Dry,'Dark - Lighted','NO CONTROLS','None Detected','ALCOHOL CONTRIBUTED','Cross/Enter at Intersection',None,'ON ROADWAY NOT AT CROSSWALK',Yes,None,0.675321,0.890246,'Fatal Injury'
MONTGOMERY,43804,18.283,County,Pedestrian,'Single Vehicle',Clear,Dry,'Dark - Lighted','NO CONTROLS','None Detected','None Detected','Cross/Enter Not at Intersection','IN ROADWAY IMPROPERLY','ON ROADWAY NOT AT CROSSWALK',Yes,None,0.616894,0.86803,'Suspected Serious Injury'
MONTGOMERY,43535,19.917,County,Pedestrian,'Single Vehicle',Clear,Dry,Daylight,'NO CONTROLS','None Detected','None Detected','Cross/Enter at Intersection',None,'AT AT INTERSECTION MARKED CROSSWALK',Yes,None,0.695544,0.87735,'Suspected Minor Injury'
MONTGOMERY,42101,15.883,County,Pedestrian,'Single Vehicle',Cloudy,Dry,Daylight,'NO CONTROLS','None Detected','None Detected',Standing,None,CURB,No,None,0.687868,0.87253,'Suspected Minor Injury'
MONTGOMERY,44578,17.617,'Maryland (State)',Pedestrian,'Single Vehicle',Clear,Dry,'Dark - Lighted','TRAFFIC SIGNAL','None Detected','None Detected','Cross/Enter at Intersection',Dart/Dash,'ON ROADWAY AT CROSSWALK',Yes,None,0.533682,0.970902,'Fatal Injury'
MONTGOMERY,42750,11.817,'Maryland (State)',Pedestrian,'Single Vehicle',Clear,Dry,Daylight,'TRAFFIC SIGNAL','None Detected','None Detected','Cross/Enter at Intersection',None,'ON ROADWAY AT CROSSWALK',No,None,0.555413,0.938312,'Fatal Injury'
MONTGOMERY,42929,8.333,County,Bicyclist,'STRAIGHT MOVEMENT ANGLE',Clear,Dry,Daylight,'STOP SIGN','None Detected','None Detected','Cross/Enter at Intersection',Dart/Dash,SIDEWALK,Yes,None,0.53614,0.954049,'Suspected Minor Injury'
TAKOMA,42178,15.9,County,Bicyclist,'HEAD ON',Clear,Dry,Daylight,'NO CONTROLS','None Detected','None Detected','Walking/Cycling on Sidewalk','FAILURE TO YIELD RIGHT OF WAY',SIDEWALK,No,None,0.48961,0.955864,'Suspected Minor Injury'
MONTGOMERY,42903,12.333,'Maryland (State)',Bicyclist,'SAME DIRECTION SIDESWIPE',Clear,Dry,Daylight,'NO CONTROLS','None Detected','None Detected','Walking/Riding w/Traffic',None,SHOULDER,No,Yes,0.492194,0.910279,'Suspected Minor Injury'
MONTGOMERY,42847,14.217,County,Pedestrian,'Single Vehicle',Cloudy,Dry,Daylight,'NO CONTROLS','None Detected','None Detected','Cross/Enter at Intersection',Inattentive,'ON ROADWAY AT CROSSWALK',Yes,None,0.534367,0.95537,'Possible Injury'
MONTGOMERY,44739,19.417,County,Pedestrian,'Single Vehicle',Clear,Dry,Daylight,'NO CONTROLS','None Detected','None Detected','Cross/Enter at Intersection',None,'INSIDE BUILDING',No,None,0.576828,0.907175,'Possible Injury'
MONTGOMERY,45653,6.633,'Maryland (State)',Pedestrian,'Single Vehicle',Clear,Wet,'Dark - Lighted',PERSON,'None Detected','None Detected','Cross/Enter at Intersection',None,'ON ROADWAY AT CROSSWALK',No,None,0.510318,0.917966,'Possible Injury'
MONTGOMERY,42025,14.933,County,Pedestrian,'Single Vehicle',Cloudy,Snow,Daylight,'NO CONTROLS','None Detected','None Detected','Walking/Riding w/Traffic',None,'ON ROADWAY NOT AT CROSSWALK',No,None,0.733466,0.887477,'Possible Injury'
MONTGOMERY,44389,19.867,'Maryland (State)',Bicyclist,'STRAIGHT MOVEMENT ANGLE',Clear,Dry,Daylight,'NO CONTROLS','None Detected','None Detected','Cross/Enter at Intersection',None,SIDEWALK,No,None,0.681761,0.952496,'Possible Injury'
MONTGOMERY,43132,21.683,'Maryland (State)',Bicyclist,'Single Vehicle',Rain,Wet,'Dark - Lighted','TRAFFIC SIGNAL','None Detected','None Detected','Cross/Enter at Intersection',None,'ON ROADWAY AT CROSSWALK',No,None,0.523942,0.970317,'Suspected Minor Injury'
MONTGOMERY,42113,11.9,County,Pedestrian,'Single Vehicle',Clear,Dry,Daylight,'NO CONTROLS','None Detected','None Detected','Walking/Riding against Traffic','NOT VISIBLE','ON ROADWAY NOT AT CROSSWALK',No,None,0.539406,0.965421,'Possible Injury'
ROCKVILLE,44094,19.25,Municipality,Pedestrian,'Single Vehicle',Clear,Dry,'Dark - Lighted','TRAFFIC SIGNAL','None Detected','None Detected','Cross/Enter Not at Intersection',None,'ON ROADWAY AT CROSSWALK',No,None,0.601707,0.89428,'Suspected Minor Injury'
MONTGOMERY,42600,0.75,'Maryland (State)',Pedestrian,'Single Vehicle',Rain,Wet,'Dark - Lighted','TRAFFIC SIGNAL','None Detected','None Detected','Cross/Enter at Intersection',None,'ON ROADWAY AT CROSSWALK',No,None,0.506453,0.948282,'No Apparent Injury'
MONTGOMERY,44056,16.55,County,Pedestrian,'Single Vehicle',Clear,Dry,Daylight,'NO CONTROLS','None Detected','None Detected','Cross/Enter at Intersection',None,'ON ROADWAY AT CROSSWALK',No,None,0.668694,0.969167,'No Apparent Injury'
ROCKVILLE,43066,7.5,'Maryland (State)',Pedestrian,'Single Vehicle',Clear,Dry,Daylight,'TRAFFIC SIGNAL','None Detected','None Detected','Cross/Enter at Intersection',None,'ON ROADWAY AT CROSSWALK',No,None,0.58162,0.906129,'Suspected Minor Injury'
MONTGOMERY,42964,9.583,County,Pedestrian,'Single Vehicle',Cloudy,Dry,Daylight,'NO CONTROLS','None Detected','None Detected',Standing,None,'ON ROADWAY AT CROSSWALK',No,None,0.539966,0.896892,'Suspected Minor Injury'
MONTGOMERY,43481,6.333,'Maryland (State)',Pedestrian,'Single Vehicle',Clear,Dry,'Dark - Lighted','TRAFFIC SIGNAL','None Detected','None Detected','Cross/Enter at Intersection','FAILURE TO OBEY TRAFFIC SIGNS SIGNALS OR OFFICER','ON ROADWAY AT CROSSWALK',Yes,None,0.58155,0.961234,'Suspected Minor Injury'
MONTGOMERY,42558,18.533,County,Pedestrian,'Single Vehicle',Clear,Dry,Daylight,'NO CONTROLS','None Detected','None Detected',' Working',Inattentive,'ON ROADWAY AT CROSSWALK',Yes,None,0.599581,0.959409,'Suspected Minor Injury'
MONTGOMERY,43734,11.567,'Maryland (State)',Pedestrian,'Single Vehicle',Clear,Dry,Daylight,'TRAFFIC SIGNAL','None Detected','None Detected','Cross/Enter at Intersection',None,'AT AT INTERSECTION MARKED CROSSWALK',No,None,0.504838,0.947165,'Suspected Minor Injury'
MONTGOMERY,43813,17.133,'Maryland (State)',Pedestrian,'Single Vehicle',Rain,Wet,'Dark - Lighted','TRAFFIC SIGNAL','None Detected','None Detected','Cross/Enter at Intersection',None,'ON ROADWAY AT CROSSWALK',No,None,0.713774,0.841898,'Suspected Minor Injury'
MONTGOMERY,44397,21.6,County,Bicyclist,'STRAIGHT MOVEMENT ANGLE',Clear,Dry,'Dark - Lighted','NO CONTROLS','None Detected','None Detected','Cross/Enter Not at Intersection',None,'ON ROADWAY AT CROSSWALK',No,Yes,0.553007,0.94881,'No Apparent Injury'
MONTGOMERY,42332,14.867,County,Bicyclist,'Single Vehicle',Clear,Dry,Daylight,'TRAFFIC SIGNAL','None Detected','None Detected','Cross/Enter at Intersection',None,'ON ROADWAY AT CROSSWALK',No,Yes,0.507802,0.951123,'Suspected Minor Injury'