'Agency Name','Days after Jan 1','Hours past Midnight','Route Type','Related Non-Motorist','Collision Type',Weather,'Surface Condition',Light,'Traffic Control','Driver Substance Abuse','Non-Motorist Substance Abuse','Pedestrian Movement','Pedestrian Actions','Pedestrian Location','At Fault','Safety Equipment','Lat- Normalized','Long- Normalized','Injury Severity'
MONTGOMERY,42919,22.217,'Maryland (State)',Pedestrian,'Single Vehicle',Clear,Dry,'Dark - Lighted','TRAFFIC SIGNAL','None Detected','None Detected','Cross/Enter at Intersection',None,'AT AT INTERSECTION MARKED CROSSWALK',No,None,0.693918,0.839557,'Suspected Serious Injury'
MONTGOMERY,44673,15.55,County,Pedestrian,'Single Vehicle',Clear,Dry,Daylight,'NO CONTROLS','None Detected','None Detected','Cross/Enter at Intersection',Dart/Dash,'ON ROADWAY NOT AT CROSSWALK',Yes,None,0.699182,0.849945,'Suspected Minor Injury'
MONTGOMERY,44715,21.417,County,Pedestrian,'Single Vehicle',Clear,Dry,'Dark - Not Lighted','TRAFFIC SIGNAL','None Detected','None Detected','Cross/Enter at Intersection','FAILURE TO OBEY TRAFFIC SIGNS SIGNALS OR OFFICER','ON ROADWAY NOT AT CROSSWALK',Yes,None,0.696104,0.871709,'Suspected Serious Injury'
MONTGOMERY,42446,15.75,County,Pedestrian,'Single Vehicle',Clear,Dry,Daylight,'NO CONTROLS','None Detected','None Detected','Getting off/on Vehicle',None,'ON ROADWAY AT CROSSWALK',No,None,0.577869,0.9395,'Suspected Minor Injury'
MONTGOMERY,42229,19.883,County,Pedestrian,'Single Vehicle',Clear,Dry,Dawn,'NO CONTROLS','None Detected','None Detected','Cross/Enter at Intersection','NOT VISIBLE','ON ROADWAY NOT AT CROSSWALK',No,None,0.720802,0.843442,'Suspected Minor Injury'
MONTGOMERY,43252,16.717,County,Pedestrian,'Single Vehicle',Clear,Dry,Daylight,'NO CONTROLS','None Detected','None Detected','Cross/Enter at Intersection',None,'ON ROADWAY NOT AT CROSSWALK',No,None,0.720514,0.845859,'Suspected Minor Injury'
MONTGOMERY,42897,23.983,'Maryland (State)',Pedestrian,'Single Vehicle',Clear,Dry,'Dark - Lighted','NO CONTROLS','None Detected','ALCOHOL CONTRIBUTED','Cross/Enter Not at Intersection',None,'ON ROADWAY NOT AT CROSSWALK',Yes,None,0.602655,0.925319,'Suspected Serious Injury'
MONTGOMERY,42794,5.217,County,Pedestrian,'Single Vehicle',Clear,Dry,'Dark - Lighted','NO CONTROLS','ALCOHOL PRESENT','None Detected','Cross/Enter at Intersection',None,'ON ROADWAY AT CROSSWALK',No,Yes,0.533759,0.943537,'Suspected Minor Injury'
MONTGOMERY,42620,12.1,County,Pedestrian,'Single Vehicle',Clear,Dry,Daylight,'NO CONTROLS','None Detected','None Detected','Cross/Enter Not at Intersection',None,'ON ROADWAY AT CROSSWALK',No,None,0.686421,0.930404,'Possible Injury'
GAITHERSBURG,45436,15.733,County,Pedestrian,'Single Vehicle',Clear,Dry,Daylight,'NO CONTROLS','None Detected','None Detected','Cross/Enter at Intersection',None,'AT AT INTERSECTION MARKED CROSSWALK',No,None,0.642684,0.8653,'Suspected Minor Injury'
MONTGOMERY,42531,15.833,County,Pedestrian,'Single Vehicle',Clear,Dry,Daylight,'NO CONTROLS','None Detected','None Detected','Walking to/from school',None,'ON ROADWAY AT CROSSWALK',No,None,0.512799,0.962397,'Suspected Minor Injury'
MONTGOMERY,44714,16.117,County,Pedestrian,'Single Vehicle',Rain,Dry,Daylight,'NO CONTROLS','None Detected','None Detected','Cross/Enter at Intersection',None,'ON ROADWAY AT CROSSWALK',No,None,0.690696,0.871631,'Suspected Minor Injury'
MONTGOMERY,45357,10.8,County,Pedestrian,'Single Vehicle',Clear,Dry,Daylight,'NO CONTROLS','None Detected','None Detected',Standing,None,'ON ROADWAY AT CROSSWALK',No,None,0.57361,0.98008,'Possible Injury'
MONTGOMERY,44490,21.15,County,Pedestrian,'Single Vehicle',Clear,Dry,'Dark - Lighted','NO CONTROLS','None Detected','None Detected','Cross/Enter at Intersection',None,'ON ROADWAY AT CROSSWALK',No,None,0.579543,0.940562,'Possible Injury'
MONTGOMERY,43322,12.467,'Maryland (State)',Bicyclist,'SAME DIRECTION SIDESWIPE',Clear,Dry,Daylight,'NO CONTROLS','None Detected','None Detected','Walking/Riding w/Traffic',None,'IN BIKEWAY',No,Yes,0.484836,0.922954,'Suspected Serious Injury'
MONTGOMERY,42439,18.767,County,Pedestrian,'Single Vehicle',Clear,Dry,'Dark - Lighted','NO CONTROLS','None Detected','None Detected','Cross/Enter at Intersection',None,'ON ROADWAY AT CROSSWALK',No,None,0.453276,0.908607,'Suspected Minor Injury'
MONTGOMERY,45480,16.75,County,Pedestrian,'STRAIGHT MOVEMENT ANGLE',Clear,Dry,Daylight,'STOP SIGN','None Detected','None Detected','Cross/Enter at Intersection',None,'AT INTERSECTION BUT NO CROSSWALK',No,None,0.600845,0.943006,'Suspected Minor Injury'
MONTGOMERY,43120,19.417,'Maryland (State)',Pedestrian,'Single Vehicle',Clear,Dry,'Dark - Lighted','TRAFFIC SIGNAL','None Detected','None Detected','Cross/Enter at Intersection',Dart/Dash,'AT AT INTERSECTION MARKED CROSSWALK',Yes,None,0.677744,0.897234,'Possible Injury'
MONTGOMERY,42195,20.717,County,Pedestrian,'Single Vehicle',Clear,Dry,'Dark - Lighted','TRAFFIC SIGNAL','None Detected','None Detected','Cross/Enter at Intersection',None,'AT AT INTERSECTION MARKED CROSSWALK',No,None,0.499797,0.950125,'No Apparent Injury'
MONTGOMERY,42398,14.317,'US (State)',Bicyclist,'Single Vehicle',Clear,Dry,Daylight,'TRAFFIC SIGNAL','None Detected','None Detected','Cross/Enter at Intersection','FAILURE TO OBEY TRAFFIC SIGNS SIGNALS OR OFFICER','AT AT INTERSECTION MARKED CROSSWALK',Yes,None,0.506702,0.947857,'Suspected Minor Injury'
MONTGOMERY,44118,16.533,County,Bicyclist,'STRAIGHT MOVEMENT ANGLE',Clear,Dry,Daylight,'STOP SIGN','None Detected','None Detected','Walking/Riding w/Traffic',None,'ON ROADWAY NOT AT CROSSWALK',No,Yes,0.610005,0.864486,'Suspected Serious Injury'
MONTGOMERY,44512,17.25,County,Pedestrian,'Single Vehicle',Clear,Dry,'Dark - Lighted','STOP SIGN','None Detected','None Detected','Cross/Enter at Intersection',None,'ON ROADWAY AT CROSSWALK',No,None,0.568463,0.909019,'Possible Injury'
MONTGOMERY,44289,19,Municipality,Pedestrian,'STRAIGHT MOVEMENT ANGLE',Clear,Dry,Dusk,'NO CONTROLS','None Detected','None Detected','Cross/Enter Not at Intersection',Dart/Dash,'ON ROADWAY NOT AT CROSSWALK',Yes,None,0.609902,0.894191,'Possible Injury'
ROCKVILLE,42132,2.8,Municipality,Pedestrian,'Single Vehicle',Clear,Dry,'Dark - Not Lighted','NO CONTROLS','None Detected','ALCOHOL PRESENT',Standing,'IN ROADWAY IMPROPERLY','ON ROADWAY NOT AT CROSSWALK',No,None,0.619586,0.894643,'Suspected Minor Injury'
MONTGOMERY,44507,22.667,County,Pedestrian,'Single Vehicle',Clear,Dry,'Dark - Lighted','TRAFFIC SIGNAL','None Detected','None Detected','Cross/Enter at Intersection',None,'ON ROADWAY AT CROSSWALK',No,None,0.577837,0.939548,'Possible Injury'
'Maryland-National Capital',43854,14.5,Municipality,Bicyclist,'SAME DIR REND LEFT TURN',Clear,Dry,Daylight,'TRAFFIC SIGNAL','None Detected','None Detected','Walking/Riding w/Traffic',None,'AT INTERSECTION BUT NO CROSSWALK',No,Yes,0.475308,0.916381,'Suspected Minor Injury'
MONTGOMERY,45523,21.9,'Maryland (State)',Pedestrian,'STRAIGHT MOVEMENT ANGLE',Clear,Dry,'Dark - Lighted','NO CONTROLS','None Detected','None Detected','Cross/Enter at Intersection',None,SIDEWALK,No,None,0.511113,0.962529,'No Apparent Injury'
GAITHERSBURG,42778,3.567,County,Pedestrian,'Single Vehicle',Clear,Dry,'Dark - Lighted','NO CONTROLS','ALCOHOL CONTRIBUTED','ALCOHOL PRESENT','Cross/Enter at Intersection',None,'ON ROADWAY AT CROSSWALK',No,None,0.673656,0.874934,'Suspected Minor Injury'
MONTGOMERY,42018,16.267,County,Pedestrian,'Single Vehicle',Clear,Dry,'Dark - Lighted','NO CONTROLS','None Detected','None Detected','Cross/Enter at Intersection',None,'ON ROADWAY AT CROSSWALK',No,None,0.574643,0.917884,'Possible Injury'
MONTGOMERY,44710,15.567,County,Pedestrian,'Single Vehicle',Cloudy,Dry,Daylight,'NO CONTROLS','None Detected','None Detected','Cross/Enter at Intersection',None,'ON ROADWAY AT CROSSWALK',No,None,0.571437,0.938615,'Suspected Minor Injury'
MONTGOMERY,42258,15.517,'Maryland (State)',Pedestrian,'Single Vehicle',Clear,Dry,Daylight,'NO CONTROLS','None Detected','None Detected','Cross/Enter at Intersection',None,'DRIVEWAY ACCESS MARKED CROSSWALK',No,None,0.468609,0.922578,'Possible Injury'
TAKOMA,44443,18.5,Municipality,'MACHINE OPERATOR/RIDER','SAME DIRECTION RIGHT TURN',Clear,Dry,Daylight,'TRAFFIC SIGNAL','None Detected','None Detected','Cross/Enter at Intersection',None,'ON ROADWAY AT CROSSWALK',No,None,0.489906,0.956243,'Suspected Minor Injury'
ROCKVILLE,44696,10.467,Municipality,Pedestrian,'Single Vehicle',Clear,Dry,Daylight,'STOP SIGN','None Detected','None Detected','Cross/Enter at Intersection',None,'AT AT INTERSECTION MARKED CROSSWALK',No,None,0.595566,0.900366,'Suspected Minor Injury'
MONTGOMERY,43889,18.167,County,Pedestrian,'Single Vehicle',Clear,Dry,'Dark - Lighted','TRAFFIC SIGNAL','None Detected','None Detected','Cross/Enter at Intersection',None,'AT AT INTERSECTION MARKED CROSSWALK',No,None,0.535254,0.971022,'Suspected Minor Injury'
MONTGOMERY,45336,17.55,'Maryland (State)',' CONVEYANCE','STRAIGHT MOVEMENT ANGLE',Clear,Dry,Daylight,'TRAFFIC SIGNAL','None Detected','None Detected','Cross/Enter at Intersection',None,'AT AT INTERSECTION MARKED CROSSWALK',No,None,0.590896,0.903236,'Suspected Minor Injury'
MONTGOMERY,42717,18.417,County,Pedestrian,'Single Vehicle',Clear,Dry,'Dark - Lighted','TRAFFIC SIGNAL','None Detected','None Detected','Cross/Enter at Intersection',None,'ON ROADWAY AT CROSSWALK',No,None,0.557685,0.890646,'Possible Injury'
MONTGOMERY,43775,7.45,Municipality,Pedestrian,'Single Vehicle',Clear,Dry,Daylight,'NO CONTROLS','None Detected','None Detected','Cross/Enter Not at Intersection',None,'OUTSIDE RIGHT OF WAY',Yes,None,0.598822,0.909382,'Fatal Injury'
GAITHERSBURG,42679,22.667,Municipality,Bicyclist,'Single Vehicle',Clear,Dry,'Dark - Lighted','STOP SIGN','None Detected','None Detected','Cross/Enter at Intersection',None,'ON ROADWAY AT CROSSWALK',No,None,0.664684,0.870794,'No Apparent Injury'
MONTGOMERY,44533,8.3,'Maryland (State)',Pedestrian,'Single Vehicle',Clear,Dry,Daylight,'TRAFFIC SIGNAL','None Detected','None Detected','Cross/Enter at Intersection',None,'AT AT INTERSECTION MARKED CROSSWALK',No,None,0.607323,0.926489,'Suspected Minor Injury'
MONTGOMERY,43013,14.633,County,Pedestrian,'Single Vehicle',Clear,Dry,Daylight,'TRAFFIC SIGNAL','None Detected','None Detected','Cross/Enter at Intersection',None,'AT AT INTERSECTION MARKED CROSSWALK',No,None,0.584386,0.908989,'Possible Injury'
ROCKVILLE,43502,18.067,Municipality,Pedestrian,'Single Vehicle',Rain,Wet,'Dark - Lighted','NO CONTROLS','None Detected','None Detected','Cross/Enter at Intersection',Dart/Dash,'ON ROADWAY AT CROSSWALK',No,None,0.616632,0.884207,'Suspected Minor Injury'
MONTGOMERY,44853,16.867,County,Pedestrian,'STRAIGHT MOVEMENT ANGLE',Clear,Dry,Daylight,'STOP SIGN','None Detected','None Detected','Walking/Cycling on Sidewalk',None,SIDEWALK,No,None,0.468336,0.907262,'Suspected Minor Injury'
MONTGOMERY,42786,7.783,County,Pedestrian,'Single Vehicle',Clear,Dry,Daylight,'TRAFFIC SIGNAL','None Detected','None Detected','Cross/Enter at Intersection',None,'AT AT INTERSECTION MARKED CROSSWALK',No,Yes,0.581533,0.909505,'Suspected Minor Injury'
MONTGOMERY,43333,21.667,County,Pedestrian,'Single Vehicle',Clear,Wet,'Dark - Lighted','NO CONTROLS','None Detected','None Detected','Cross/Enter Not at Intersection','IN ROADWAY IMPROPERLY','ON ROADWAY NOT AT CROSSWALK',No,None,0.517194,0.96856,'Suspected Minor Injury'
TAKOMA,44751,10.117,'Maryland (State)',Pedestrian,'Single Vehicle',Clear,Dry,Daylight,'NO CONTROLS','None Detected','None Detected','Cross/Enter Not at Intersection','IN ROADWAY IMPROPERLY','ON ROADWAY AT CROSSWALK',Yes,None,0.501826,0.964263,'Suspected Serious Injury'
MONTGOMERY,44369,20.317,'Maryland (State)',' CONVEYANCE','Single Vehicle',Clear,Dry,Daylight,'NO CONTROLS','None Detected','None Detected','Walking/Riding w/Traffic','IN ROADWAY IMPROPERLY','ON ROADWAY NOT AT CROSSWALK',Yes,Yes,0.506807,0.948101,'Suspected Serious Injury'
MONTGOMERY,43271,14.817,County,Pedestrian,'Single Vehicle',Cloudy,Dry,Daylight,'NO CONTROLS','None Detected','None Detected','Cross/Enter at Intersection',None,'ON ROADWAY AT CROSSWALK',No,None,0.674968,0.875553,'Suspected Serious Injury'
MONTGOMERY,42152,15.367,'Maryland (State)',Pedestrian,'STRAIGHT MOVEMENT ANGLE',Clear,Dry,Daylight,'NO CONTROLS','None Detected','None Detected','Cross/Enter at Intersection',Dart/Dash,'ON ROADWAY NOT AT CROSSWALK',No,None,0.64105,0.85377,'Suspected Minor Injury'
MONTGOMERY,44341,20.717,' Public Roadway',Bicyclist,'ANGLE MEETS RIGHT TURN',Clear,Dry,Dusk,'TRAFFIC SIGNAL','None Detected','None Detected','Cross/Enter at Intersection','FAILURE TO YIELD RIGHT OF WAY','ON ROADWAY AT CROSSWALK',Yes,Yes,0.705032,0.836102,'Possible Injury'
TAKOMA,42150,10.167,Municipality,Bicyclist,'HEAD ON LEFT TURN',Clear,Dry,Daylight,'STOP SIGN','None Detected','None Detected','Cross/Enter at Intersection',None,'AT INTERSECTION BUT NO CROSSWALK',No,None,0.483864,0.955375,'Suspected Minor Injury'
MONTGOMERY,42759,6.6,'Maryland (State)',Pedestrian,'STRAIGHT MOVEMENT ANGLE',Rain,Wet,'Dark - Not Lighted','TRAFFIC SIGNAL','None Detected','None Detected','Cross/Enter at Intersection',Dart/Dash,'MIDBLOCK MARKED CROSSWALK',Yes,None,0.694485,0.871735,'Suspected Minor Injury'
MONTGOMERY,44342,17.367,County,Pedestrian,'Single Vehicle',Clear,Dry,Daylight,'NO CONTROLS','None Detected','None Detected','Cross/Enter at Intersection',None,'ON ROADWAY AT CROSSWALK',No,None,0.657944,0.869874,'Possible Injury'
GAITHERSBURG,45495,12.167,'Maryland (State)',Pedestrian,'Single Vehicle',Clear,Dry,Daylight,'STOP SIGN','None Detected','None Detected','Cross/Enter at Intersection',None,'ON ROADWAY AT CROSSWALK',Yes,None,0.67573,0.872127,'Suspected Minor Injury'
MONTGOMERY,43623,12.7,County,Pedestrian,'Single Vehicle',Clear,Dry,Daylight,'NO CONTROLS','None Detected','None Detected','Walking/Riding against Traffic',None,SIDEWALK,No,None,0.634105,0.92835,'Possible Injury'
MONTGOMERY,43731,13.683,County,Pedestrian,'Single Vehicle',Clear,Dry,Daylight,'NO CONTROLS','None Detected','None Detected','Cross/Enter at Intersection',None,'ON ROADWAY AT CROSSWALK',No,None,0.645994,0.850034,'Possible Injury'
MONTGOMERY,43476,12.883,'Maryland (State)',Bicyclist,'Single Vehicle',Clear,Dry,Daylight,'NO CONTROLS','None Detected','None Detected','Cross/Enter at Intersection',None,'ON ROADWAY AT CROSSWALK',Yes,None,0.503585,0.956637,'Suspected Minor Injury'
MONTGOMERY,42559,22.133,County,Bicyclist,'STRAIGHT MOVEMENT ANGLE',Clear,Dry,'Dark - Lighted','NO CONTROLS','None Detected','None Detected','Cross/Enter at Intersection',None,'AT INTERSECTION BUT NO CROSSWALK',No,None,0.713835,0.868363,'Possible Injury'
MONTGOMERY,44824,18.583,County,Bicyclist,'SAME DIR REAR END',Clear,Dry,Daylight,'NO CONTROLS','None Detected','None Detected','Walking/Riding w/Traffic',None,'ON ROADWAY NOT AT CROSSWALK',No,Yes,0.829239,0.898587,'Suspected Minor Injury'
MONTGOMERY,45331,8.717,'Maryland (State)',Pedestrian,'Single Vehicle',Cloudy,Dry,Daylight,'TRAFFIC SIGNAL','None Detected','None Detected','Cross/Enter at Intersection',Dart/Dash,'AT AT INTERSECTION MARKED CROSSWALK',Yes,None,0.580177,0.938239,'Suspected Minor Injury'
MONTGOMERY,42921,9.467,County,Bicyclist,'Single Vehicle',Cloudy,Dry,Daylight,'TRAFFIC SIGNAL','None Detected','None Detected','Cross/Enter at Intersection',None,'ON ROADWAY AT CROSSWALK',No,None,0.639923,0.877869,'Suspected Minor Injury'
MONTGOMERY,44484,17.333,'Maryland (State)',Pedestrian,'Single Vehicle',Clear,Dry,Daylight,'STOP SIGN','None Detected','None Detected','Cross/Enter at Intersection',None,'ON ROADWAY AT CROSSWALK',No,None,0.579413,0.906789,'Suspected Minor Injury'
ROCKVILLE,43365,12.767,'Maryland (State)',Pedestrian,'Single Vehicle',Clear,Dry,Daylight,'NO CONTROLS','None Detected','None Detected','Cross/Enter Not at Intersection','IN ROADWAY IMPROPERLY','ON ROADWAY NOT AT CROSSWALK',Yes,None,0.599283,0.899541,'Suspected Minor Injury'
MONTGOMERY,43665,15.883,County,Pedestrian,'Single Vehicle',Clear,Dry,Daylight,'NO CONTROLS','None Detected','None Detected','Approach/Leaving Schoolbus',None,'IN SCHOOL BUS ZONE',No,None,0.694805,0.872269,'Suspected Minor Injury'
MONTGOMERY,45367,13.467,'US (State)',Pedestrian,'Single Vehicle',Clear,Dry,Daylight,'TRAFFIC SIGNAL','None Detected','None Detected','Cross/Enter at Intersection','FAILURE TO OBEY TRAFFIC SIGNS SIGNALS OR OFFICER','ON ROADWAY AT CROSSWALK',Yes,None,0.564407,0.966514,'Fatal Injury'
MONTGOMERY,42368,19.433,County,'MACHINE OPERATOR/RIDER','SAME DIR REAR END',Rain,Dry,'Dark - Lighted','NO CONTROLS','ALCOHOL PRESENT','None Detected',Standing,None,'ON ROADWAY AT CROSSWALK',No,None,0.709396,0.870498,'No Apparent Injury'
MONTGOMERY,43431,18.333,'Maryland (State)',Pedestrian,'Single Vehicle',Clear,Dry,'Dark - Lighted','NO CONTROLS','None Detected','ALCOHOL PRESENT','Cross/Enter Not at Intersection',Dart/Dash,MEDIAN,Yes,None,0.687139,0.930925,'No Apparent Injury'
MONTGOMERY,43153,16.5,'Maryland (State)',Pedestrian,'Single Vehicle',Clear,Dry,Daylight,'NO CONTROLS','None Detected','None Detected','Cross/Enter at Intersection',None,'AT AT INTERSECTION MARKED CROSSWALK',No,None,0.514685,0.943061,'Suspected Minor Injury'
MONTGOMERY,45548,10.383,County,Pedestrian,'Single Vehicle',Clear,Dry,Daylight,'NO CONTROLS','None Detected','None Detected','Getting off/on Vehicle',None,'ON ROADWAY AT CROSSWALK',No,None,0.683978,0.931793,'Possible Injury'
MONTGOMERY,43732,18.5,County,Pedestrian,'SAME DIRECTION SIDESWIPE',Clear,Dry,Daylight,'NO CONTROLS','None Detected','None Detected','Getting off/on Vehicle',None,'ON ROADWAY NOT AT CROSSWALK',No,None,0.537137,0.911272,'Possible Injury'
MONTGOMERY,42135,15.167,'Maryland (State)',Pedestrian,'Single Vehicle',Clear,Dry,Daylight,'TRAFFIC SIGNAL','None Detected','None Detected','Walking to/from school',Dart/Dash,'ON ROADWAY AT CROSSWALK',No,None,0.55573,0.926762,'Suspected Minor Injury'
MONTGOMERY,42524,11.9,'Maryland (State)',Pedestrian,'Single Vehicle',Cloudy,Dry,Daylight,'TRAFFIC SIGNAL','None Detected','None Detected','Cross/Enter at Intersection',None,'ON ROADWAY AT CROSSWALK',No,None,0.524234,0.969849,'Suspected Serious Injury'
MONTGOMERY,42208,7.9,Municipality,Bicyclist,'Single Vehicle',Clear,Dry,Daylight,'TRAFFIC SIGNAL','None Detected','None Detected','Walking/Cycling on Sidewalk',Dart/Dash,'AT AT INTERSECTION MARKED CROSSWALK',Yes,None,0.645412,0.886405,'Suspected Serious Injury'
MONTGOMERY,45462,16.283,County,Pedestrian,'Single Vehicle',Cloudy,Dry,Daylight,'NO CONTROLS','None Detected','None Detected','Cross/Enter Not at Intersection','IN ROADWAY IMPROPERLY','ON ROADWAY NOT AT CROSSWALK',Yes,None,0.726109,0.874019,'Suspected Serious Injury'
MONTGOMERY,43691,19.417,County,Bicyclist,'Single Vehicle',Clear,Dry,Daylight,'STOP SIGN','None Detected','None Detected','Cross/Enter at Intersection',None,'ON ROADWAY AT CROSSWALK',No,None,0.571706,0.928545,'Suspected Minor Injury'
MONTGOMERY,42348,18.583,'Maryland (State)',Pedestrian,'Single Vehicle',Clear,Dry,'Dark - Lighted','NO CONTROLS','None Detected','None Detected','Cross/Enter at Intersection',None,'AT AT INTERSECTION MARKED CROSSWALK',No,None,0.550531,0.913779,'Possible Injury'
MONTGOMERY,42132,16.917,'Maryland (State)',Bicyclist,'Single Vehicle',Clear,Dry,Daylight,'NO CONTROLS','None Detected','None Detected','Walking/Riding w/Traffic',None,SHOULDER,No,None,0.629764,0.834136,'Suspected Serious Injury'
MONTGOMERY,43781,6.967,County,Pedestrian,'HEAD ON LEFT TURN',Rain,Wet,Daylight,'STOP SIGN','None Detected','None Detected','Cross/Enter at Intersection',None,'AT AT INTERSECTION MARKED CROSSWALK',No,None,0.528402,0.970962,'Suspected Minor Injury'
MONTGOMERY,42971,23.467,'Maryland (State)',Pedestrian,'Single Vehicle',Rain,Wet,'Dark - Lighted','TRAFFIC SIGNAL','None Detected','None Detected','Cross/Enter at Intersection','IN ROADWAY IMPROPERLY','ON ROADWAY AT CROSSWALK',Yes,None,0.693525,0.890206,'Suspected Minor Injury'
MONTGOMERY,42565,9.567,County,Bicyclist,'HEAD ON LEFT TURN',Clear,Dry,Daylight,'STOP SIGN','None Detected','None Detected','Cross/Enter at Intersection',None,'ON ROADWAY AT CROSSWALK',No,None,0.632642,0.869113,'Suspected Serious Injury'
ROCKVILLE,42778,18.35,'Maryland (State)',Pedestrian,'Single Vehicle',Clear,Dry,'Dark - Lighted','TRAFFIC SIGNAL','None Detected','None Detected','Cross/Enter at Intersection','FAILURE TO OBEY TRAFFIC SIGNS SIGNALS OR OFFICER','AT AT INTERSECTION MARKED CROSSWALK',Yes,None,0.605001,0.895016,'Suspected Minor Injury'
MONTGOMERY,42391,11.667,County,Pedestrian,'Single Vehicle',Cloudy,Dry,Daylight,'NO CONTROLS','None Detected','None Detected','Cross/Enter at Intersection',None,'ON ROADWAY AT CROSSWALK',No,None,0.706232,0.874966,'Suspected Minor Injury'
MONTGOMERY,43543,18.417,County,Pedestrian,'Single Vehicle',Clear,Dry,Daylight,'NO CONTROLS','None Detected','None Detected','Cross/Enter at Intersection',Dart/Dash,SIDEWALK,No,None,0.576637,0.906953,'Possible Injury'
MONTGOMERY,42711,12.967,'Maryland (State)',Pedestrian,'Single Vehicle',Clear,Dry,Daylight,'TRAFFIC SIGNAL','None Detected','None Detected','Cross/Enter at Intersection','FAILURE TO OBEY TRAFFIC SIGNS SIGNALS OR OFFICER','ON ROADWAY AT CROSSWALK',Yes,None,0.649726,0.861379,'Possible Injury'
GAITHERSBURG,44505,17.2,'Maryland (State)',Pedestrian,'Single Vehicle',Clear,Dry,Daylight,'TRAFFIC SIGNAL','None Detected','None Detected','Cross/Enter at Intersection',None,'ON ROADWAY AT CROSSWALK',No,None,0.674383,0.86334,'Possible Injury'
MONTGOMERY,44737,22.95,'Maryland (State)',Pedestrian,'Single Vehicle',Clear,Dry,'Dark - Lighted','NO CONTROLS','None Detected','None Detected','Cross/Enter Not at Intersection',None,'ON ROADWAY NOT AT CROSSWALK',Yes,None,0.537407,0.970297,'Suspected Serious Injury'
MONTGOMERY,44641,11.083,County,Pedestrian,'Single Vehicle',Clear,Dry,Daylight,'NO CONTROLS','None Detected','None Detected','Cross/Enter at Intersection',None,'ON ROADWAY NOT AT CROSSWALK',No,Yes,0.515848,0.891058,'Suspected Serious Injury'
MONTGOMERY,43244,14.333,County,Pedestrian,'Single Vehicle',Clear,Dry,Daylight,'NO CONTROLS','None Detected','None Detected','Cross/Enter at Intersection',None,SHOULDER,No,None,0.558494,0.967389,'Suspected Serious Injury'
MONTGOMERY,42988,14.767,County,Pedestrian,'Single Vehicle',Clear,Dry,Daylight,'NO CONTROLS','None Detected','None Detected','Cross/Enter at Intersection',None,'ON ROADWAY AT CROSSWALK',No,None,0.579724,0.939692,'Suspected Minor Injury'
MONTGOMERY,44492,12,County,Pedestrian,'Single Vehicle',Clear,Dry,Daylight,'NO CONTROLS','None Detected','None Detected','Cross/Enter at Intersection',None,'AT INTERSECTION BUT NO CROSSWALK',No,None,0.514258,0.955186,'Suspected Minor Injury'
ROCKVILLE,42922,17.417,' Public Roadway',Bicyclist,'Single Vehicle',Cloudy,Dry,Daylight,'STOP SIGN','None Detected','None Detected','Cross/Enter at Intersection',None,'ON ROADWAY AT CROSSWALK',No,None,0.619876,0.893122,'Suspected Minor Injury'
MONTGOMERY,45316,21,'Maryland (State)',Pedestrian,'Single Vehicle',Rain,Wet,'Dark - Lighted','TRAFFIC SIGNAL','None Detected','None Detected','Cross/Enter at Intersection',None,'ON ROADWAY AT CROSSWALK',No,None,0.692206,0.870799,'Suspected Minor Injury'
MONTGOMERY,42461,15.467,County,Pedestrian,'Single Vehicle',Clear,Dry,Daylight,'NO CONTROLS','None Detected','None Detected','Cross/Enter at Intersection',None,'ON ROADWAY AT CROSSWALK',No,None,0.540254,0.895036,'Suspected Minor Injury'
MONTGOMERY,42627,13.983,County,Pedestrian,'SAME DIR REAR END',Clear,Dry,Daylight,'NO CONTROLS','None Detected','None Detected',Standing,None,'ON ROADWAY AT CROSSWALK',No,None,0.579806,0.977877,'Suspected Serious Injury'
MONTGOMERY,42264,11.483,County,Bicyclist,'Single Vehicle',Clear,Dry,Daylight,'TRAFFIC SIGNAL','None Detected','None Detected','Cross/Enter at Intersection',None,'AT INTERSECTION BUT NO CROSSWALK',No,None,0.506087,0.927702,'Possible Injury'
MONTGOMERY,45579,21.15,County,Pedestrian,'Single Vehicle',Rain,Wet,'Dark - Lighted','TRAFFIC SIGNAL','None Detected','None Detected','Cross/Enter at Intersection',None,'ON ROADWAY AT CROSSWALK',No,None,0.500938,0.918397,'Possible Injury'
MONTGOMERY,43013,14.633,County,Pedestrian,'Single Vehicle',Clear,Dry,Daylight,'TRAFFIC SIGNAL','None Detected','None Detected','Cross/Enter at Intersection',None,'AT AT INTERSECTION MARKED CROSSWALK',No,None,0.584386,0.908989,'Possible Injury'
MONTGOMERY,44769,20.383,' Public Roadway',Pedestrian,'Single Vehicle',Clear,Dry,Dusk,'NO CONTROLS','ALCOHOL PRESENT','None Detected','Cross/Enter at Intersection',None,'ON ROADWAY AT CROSSWALK',No,None,0.685303,0.857869,'No Apparent Injury'
MONTGOMERY,42601,10.667,County,Bicyclist,'STRAIGHT MOVEMENT ANGLE',Clear,Dry,Daylight,'STOP SIGN','None Detected','None Detected','Cross/Enter at Intersection',None,'ON ROADWAY AT CROSSWALK',No,None,0.634085,0.871346,'Suspected Minor Injury'