'Agency Name','Days after Jan 1','Hours past Midnight','Route Type','Related Non-Motorist','Collision Type',Weather,'Surface Condition',Light,'Traffic Control','Driver Substance Abuse','Non-Motorist Substance Abuse','Pedestrian Movement','Pedestrian Actions','Pedestrian Location','At Fault','Safety Equipment','Lat- Normalized','Long- Normalized','Injury Severity'
MONTGOMERY,43283,9.55,'Maryland (State)',Bicyclist,'Single Vehicle',Clear,Dry,Daylight,'TRAFFIC SIGNAL','None Detected','None Detected','Cross/Enter at Intersection',None,'ON ROADWAY AT CROSSWALK',No,None,0.484803,0.92078,'No Apparent Injury'
MONTGOMERY,42244,20.517,County,Bicyclist,'Single Vehicle',Clear,Dry,'Dark - Lighted','NO CONTROLS','None Detected','None Detected','Cross/Enter at Intersection',None,'ON ROADWAY AT CROSSWALK',No,Yes,0.526885,0.921481,'Suspected Minor Injury'
MONTGOMERY,42027,17.5,County,Pedestrian,'Single Vehicle',SLEET,Wet,'Dark - Lighted','YIELD SIGN','None Detected','None Detected','Cross/Enter at Intersection',Dart/Dash,'AT AT INTERSECTION MARKED CROSSWALK',No,None,0.560761,0.939616,'Suspected Serious Injury'
MONTGOMERY,44079,6.25,'Maryland (State)',Pedestrian,'Single Vehicle',Clear,Dry,'Dark - Lighted','NO CONTROLS','None Detected','None Detected','Cross/Enter Not at Intersection',None,'ON ROADWAY NOT AT CROSSWALK',No,None,0.687109,0.930953,'Suspected Minor Injury'
MONTGOMERY,43858,18,County,Pedestrian,'Single Vehicle',Clear,Dry,Dusk,'NO CONTROLS','None Detected','None Detected',Standing,Inattentive,CURB,No,None,0.696944,0.850214,'Possible Injury'
MONTGOMERY,43677,9.583,County,Pedestrian,'Single Vehicle',Clear,Dry,'Dark - Not Lighted','NO CONTROLS','None Detected','None Detected','Cross/Enter at Intersection','NOT VISIBLE','ON ROADWAY AT CROSSWALK',Yes,None,0.611251,0.931672,'Possible Injury'
MONTGOMERY,42411,7.867,County,Pedestrian,'Single Vehicle',Clear,Dry,Daylight,'STOP SIGN','None Detected','None Detected','Cross/Enter at Intersection',None,'ON ROADWAY AT CROSSWALK',No,None,0.67817,0.876037,'Suspected Minor Injury'
MONTGOMERY,44875,17.067,County,Bicyclist,'SAME DIRECTION LEFT TURN',Cloudy,Dry,'Dark - Not Lighted','NO CONTROLS','None Detected','None Detected','Cross/Enter at Intersection','IMPROPER PASSING','ON ROADWAY NOT AT CROSSWALK',Yes,Yes,0.517491,0.932842,'Suspected Minor Injury'
MONTGOMERY,43073,5.983,'Maryland (State)',Pedestrian,'Single Vehicle',Clear,Dry,'Dark - Not Lighted','STOP SIGN','None Detected','None Detected','Cross/Enter at Intersection','FAILURE TO YIELD RIGHT OF WAY','AT INTERSECTION BUT NO CROSSWALK',Yes,None,0.632194,0.873028,'Possible Injury'
MONTGOMERY,44343,15.383,County,Pedestrian,'Single Vehicle',Clear,Dry,Daylight,'TRAFFIC SIGNAL','None Detected','None Detected','Cross/Enter at Intersection',None,'ON ROADWAY AT CROSSWALK',No,None,0.505955,0.949914,'Suspected Minor Injury'
ROCKVILLE,43001,10.75,Municipality,Pedestrian,'Single Vehicle',Clear,Dry,Daylight,'TRAFFIC SIGNAL','None Detected','None Detected','Cross/Enter at Intersection',None,'ON ROADWAY AT CROSSWALK',No,Yes,0.591212,0.885846,'Suspected Minor Injury'
MONTGOMERY,45336,20.6,Municipality,Pedestrian,'STRAIGHT MOVEMENT ANGLE',Clear,Dry,'Dark - Lighted','TRAFFIC SIGNAL','None Detected','ALCOHOL PRESENT','Cross/Enter at Intersection','FAILURE TO OBEY TRAFFIC SIGNS SIGNALS OR OFFICER','AT INTERSECTION BUT NO CROSSWALK',Yes,None,0.673741,0.875528,'Possible Injury'
MONTGOMERY,43693,17.9,'Maryland (State)',Pedestrian,'Single Vehicle',Clear,Dry,Daylight,'NO CONTROLS','None Detected','None Detected','Cross/Enter at Intersection',None,'ON ROADWAY AT CROSSWALK',No,None,0.495998,0.91902,'Suspected Serious Injury'
MONTGOMERY,42307,19.717,Municipality,Bicyclist,'STRAIGHT MOVEMENT ANGLE',Clear,Dry,'Dark - Lighted','NO CONTROLS','None Detected','None Detected','Cross/Enter at Intersection','FAILURE TO YIELD RIGHT OF WAY','AT AT INTERSECTION MARKED CROSSWALK',Yes,None,0.67912,0.87926,'Possible Injury'
MONTGOMERY,43745,18.85,County,Pedestrian,'Single Vehicle',Cloudy,Dry,'Dark - Lighted','WARNING SIGN','None Detected','ALCOHOL PRESENT','Cross/Enter Not at Intersection',Dart/Dash,'Median/Crossing Island',Yes,None,0.695391,0.888859,'Suspected Serious Injury'
MONTGOMERY,42932,13.25,County,Bicyclist,'Single Vehicle',Clear,Dry,Daylight,'STOP SIGN','None Detected','None Detected','Cross/Enter at Intersection','FAILURE TO YIELD RIGHT OF WAY','ON ROADWAY AT CROSSWALK',Yes,None,0.578016,0.93953,'No Apparent Injury'
MONTGOMERY,42609,17.467,County,Bicyclist,'STRAIGHT MOVEMENT ANGLE',Clear,Dry,Daylight,'STOP SIGN','None Detected','None Detected','Cross/Enter at Intersection',Inattentive,'ON ROADWAY AT CROSSWALK',Yes,None,0.715756,0.855481,'Suspected Serious Injury'
MONTGOMERY,44872,14.6,'Maryland (State)',Pedestrian,'Single Vehicle',Clear,Dry,Daylight,'TRAFFIC SIGNAL','None Detected','None Detected','Cross/Enter at Intersection',None,'ON ROADWAY AT CROSSWALK',No,None,0.619189,0.893166,'Suspected Minor Injury'
ROCKVILLE,44896,12.217,'Maryland (State)',Pedestrian,'Single Vehicle',Clear,Dry,Daylight,'TRAFFIC SIGNAL','None Detected','None Detected','Cross/Enter at Intersection',None,'ON ROADWAY AT CROSSWALK',No,None,0.605889,0.894103,'Possible Injury'
MONTGOMERY,44057,11.183,County,Pedestrian,'Single Vehicle',Clear,Dry,Daylight,'NO CONTROLS','None Detected','None Detected','Getting off/on Vehicle','ENTERING EXITING PARKED STANDING VEHICLE','ON ROADWAY AT CROSSWALK',Yes,None,0.505458,0.940816,'Suspected Minor Injury'
MONTGOMERY,45517,12.117,County,Bicyclist,'STRAIGHT MOVEMENT ANGLE',Clear,Dry,Daylight,'NO CONTROLS','None Detected','None Detected','Cross/Enter at Intersection',None,'ON ROADWAY AT CROSSWALK',No,Yes,0.564703,0.91672,'No Apparent Injury'
MONTGOMERY,42339,11,County,Pedestrian,'Single Vehicle',Clear,Dry,Daylight,'NO CONTROLS','None Detected','None Detected',Standing,None,'ON ROADWAY AT CROSSWALK',No,None,0.689831,0.865601,'Possible Injury'
MONTGOMERY,43769,18,County,'MACHINE OPERATOR/RIDER','STRAIGHT MOVEMENT ANGLE',Clear,Dry,Daylight,'NO CONTROLS','None Detected','None Detected','Cross/Enter at Intersection',None,SIDEWALK,No,None,0.496401,0.948671,'Suspected Minor Injury'
MONTGOMERY,45536,15.383,County,Pedestrian,'Single Vehicle',Clear,Dry,Daylight,'NO CONTROLS','None Detected','None Detected','Cross/Enter at Intersection',Dart/Dash,'ON ROADWAY AT CROSSWALK',Yes,None,0.718481,0.841748,'Suspected Minor Injury'
MONTGOMERY,42834,12.317,'Maryland (State)',Bicyclist,'SAME DIRECTION RIGHT TURN',Clear,Dry,Daylight,'TRAFFIC SIGNAL','None Detected','None Detected','Cross/Enter at Intersection',None,'ON ROADWAY AT CROSSWALK',No,Yes,0.70471,0.892756,'Suspected Minor Injury'
MONTGOMERY,42077,0.567,'Maryland (State)',Pedestrian,'Single Vehicle',Rain,Wet,'Dark - Lighted','NO CONTROLS','None Detected','None Detected','Cross/Enter Not at Intersection',None,'ON ROADWAY NOT AT CROSSWALK',No,None,0.557848,0.937961,'Suspected Serious Injury'
TAKOMA,43153,15.3,County,Pedestrian,'Single Vehicle',Rain,Dry,Daylight,'NO CONTROLS','None Detected','None Detected',Standing,None,'ON ROADWAY AT CROSSWALK',No,None,0.472434,0.959539,'Suspected Serious Injury'
GAITHERSBURG,44653,18.667,Municipality,Pedestrian,'Single Vehicle',Clear,Dry,Dusk,'NO CONTROLS','None Detected','None Detected',Standing,None,'ON ROADWAY AT CROSSWALK',No,None,0.650683,0.857426,'Possible Injury'
MONTGOMERY,43226,17.5,County,Pedestrian,'HEAD ON',Clear,Dry,Daylight,'NO CONTROLS','None Detected','None Detected','Cross/Enter at Intersection',None,'ON ROADWAY AT CROSSWALK',No,None,0.704877,0.854235,'Suspected Serious Injury'
MONTGOMERY,45399,20.583,County,Pedestrian,'Single Vehicle',Clear,Dry,'Dark - Lighted','STOP SIGN','None Detected','None Detected','Cross/Enter at Intersection',None,'ON ROADWAY AT CROSSWALK',No,None,0.550625,0.955713,'Suspected Minor Injury'
MONTGOMERY,44098,7.283,County,Bicyclist,'SAME DIRECTION RIGHT TURN',Clear,Dry,Dawn,'NO CONTROLS','None Detected','None Detected','Walking/Riding w/Traffic',None,'AT INTERSECTION BUT NO CROSSWALK',No,None,0.500168,0.947181,'Suspected Minor Injury'
MONTGOMERY,43882,19.4,County,Pedestrian,'Single Vehicle',Clear,Dry,'Dark - Lighted','NO CONTROLS','None Detected','None Detected','Cross/Enter at Intersection',None,'AT AT INTERSECTION MARKED CROSSWALK',No,None,0.687778,0.874064,'Suspected Minor Injury'
MONTGOMERY,42671,2.583,'Maryland (State)',Pedestrian,'SAME DIR REAR END',Clear,Wet,'Dark - Lighted','NO CONTROLS','ALCOHOL PRESENT','None Detected',Standing,None,CURB,No,None,0.662488,0.929686,'Suspected Minor Injury'
MONTGOMERY,45433,20.833,County,Pedestrian,'Single Vehicle',Clear,Dry,'Dark - Lighted','NO CONTROLS','None Detected','None Detected','Cross/Enter Not at Intersection','IN ROADWAY IMPROPERLY','ON ROADWAY NOT AT CROSSWALK',Yes,None,0.624692,0.867679,'Suspected Minor Injury'
ROCKVILLE,43713,23.583,County,Pedestrian,'Single Vehicle',Clear,Dry,'Dark - Lighted','NO CONTROLS','None Detected','None Detected',Standing,None,'ON ROADWAY AT CROSSWALK',No,None,0.596956,0.900809,'Possible Injury'
MONTGOMERY,43087,13,County,Pedestrian,'Single Vehicle',Clear,Dry,Daylight,'TRAFFIC SIGNAL','None Detected','None Detected','Cross/Enter at Intersection',None,'ON ROADWAY AT CROSSWALK',No,None,0.5075,0.919436,'Suspected Minor Injury'
ROCKVILLE,43059,19.5,County,Bicyclist,'Single Vehicle',Clear,Dry,'Dark - Not Lighted','NO CONTROLS','None Detected','None Detected','Walking/Riding w/Traffic',None,'AT INTERSECTION BUT NO CROSSWALK',No,None,0.598041,0.909149,'No Apparent Injury'
MONTGOMERY,43391,13.467,'Maryland (State)',Bicyclist,'STRAIGHT MOVEMENT ANGLE',Clear,Dry,Daylight,'TRAFFIC SIGNAL','None Detected','None Detected','Cross/Enter at Intersection',None,'ON ROADWAY AT CROSSWALK',Yes,None,0.562365,0.90756,'Suspected Minor Injury'
MONTGOMERY,43123,11.2,'Maryland (State)',Pedestrian,'Single Vehicle',Clear,Dry,Daylight,'TRAFFIC SIGNAL','None Detected','None Detected','Cross/Enter at Intersection',None,'AT AT INTERSECTION MARKED CROSSWALK',No,None,0.577172,0.907814,'Suspected Minor Injury'
MONTGOMERY,44060,16.167,County,Bicyclist,'Single Vehicle',Clear,Dry,Daylight,'STOP SIGN','None Detected','None Detected','Cross/Enter at Intersection',Dart/Dash,'ON ROADWAY AT CROSSWALK',Yes,None,0.715854,0.855832,'Suspected Minor Injury'
MONTGOMERY,43455,12.033,'Maryland (State)',Pedestrian,'HEAD ON LEFT TURN',Cloudy,Dry,Daylight,'TRAFFIC SIGNAL','None Detected','None Detected',' Working',None,'ON ROADWAY AT CROSSWALK',No,None,0.683588,0.883945,'Suspected Serious Injury'
MONTGOMERY,42859,13.4,County,' CONVEYANCE','STRAIGHT MOVEMENT ANGLE',Clear,Dry,Daylight,'NO CONTROLS','None Detected','None Detected','Cross/Enter at Intersection',None,'ON ROADWAY AT CROSSWALK',No,None,0.577378,0.905094,'Possible Injury'
MONTGOMERY,42248,17.55,'Maryland (State)',Pedestrian,'STRAIGHT MOVEMENT ANGLE',Clear,Dry,Daylight,'TRAFFIC SIGNAL','None Detected','None Detected','Cross/Enter at Intersection',None,'ON ROADWAY AT CROSSWALK',No,None,0.535468,0.941046,'No Apparent Injury'
MONTGOMERY,43482,21.5,County,Pedestrian,'Single Vehicle',Snow,Dry,'Dark - Lighted','NO CONTROLS','None Detected','None Detected',Standing,None,'ON ROADWAY AT CROSSWALK',No,None,0.651792,0.860865,'Possible Injury'
MONTGOMERY,44739,8.783,County,Pedestrian,'Single Vehicle',Clear,Dry,Daylight,'NO CONTROLS','None Detected','None Detected',' Working',None,'ON ROADWAY AT CROSSWALK',No,Yes,0.583406,0.880535,'No Apparent Injury'
MONTGOMERY,43025,23.383,'Maryland (State)',Bicyclist,'SAME DIRECTION RIGHT TURN',Clear,Dry,'Dark - Lighted','NO CONTROLS','None Detected','None Detected','Walking/Riding w/Traffic',None,SHOULDER,No,None,0.559138,0.937683,'Suspected Minor Injury'
GAITHERSBURG,43638,22.433,Municipality,Bicyclist,'ANGLE MEETS LEFT TURN',Clear,Dry,'Dark - Lighted','TRAFFIC SIGNAL','None Detected','None Detected','Cross/Enter at Intersection',Inattentive,'ON ROADWAY NOT AT CROSSWALK',Yes,None,0.683672,0.870993,'Possible Injury'
MONTGOMERY,44470,18.617,County,' PEDALCYCLIST','Single Vehicle',Clear,Dry,Daylight,'NO CONTROLS','None Detected','None Detected','Cross/Enter at Intersection','FAILURE TO YIELD RIGHT OF WAY','AT INTERSECTION BUT NO CROSSWALK',Yes,None,0.521817,0.955083,'No Apparent Injury'
MONTGOMERY,43578,14.717,County,Bicyclist,'Single Vehicle',Clear,Dry,Daylight,'NO CONTROLS','None Detected','None Detected','Walking/Riding w/Traffic',None,'ON ROADWAY NOT AT CROSSWALK',No,Yes,0.612768,0.856853,'Suspected Minor Injury'
MONTGOMERY,42956,21.183,'Maryland (State)',Bicyclist,'Single Vehicle',Clear,Dry,'Dark - Lighted','TRAFFIC SIGNAL','None Detected','None Detected','Cross/Enter at Intersection','FAILURE TO YIELD RIGHT OF WAY','AT AT INTERSECTION MARKED CROSSWALK',Yes,None,0.626252,0.866706,'Suspected Minor Injury'
GAITHERSBURG,44172,12.133,Municipality,Pedestrian,'Single Vehicle',Clear,Dry,Daylight,'STOP SIGN','None Detected','None Detected','Cross/Enter at Intersection',None,'ON ROADWAY AT CROSSWALK',No,None,0.681271,0.872859,'Possible Injury'
TAKOMA,43040,23.2,'Maryland (State)',Pedestrian,'Single Vehicle',Clear,Dry,'Dark - Lighted','NO CONTROLS','ALCOHOL PRESENT','None Detected','Cross/Enter at Intersection',None,'INSIDE BUILDING',No,None,0.483546,0.956733,'No Apparent Injury'
MONTGOMERY,44802,10.5,County,Pedestrian,'HEAD ON',Clear,Dry,Daylight,'NO CONTROLS','None Detected','None Detected',' Working',None,'ON ROADWAY AT CROSSWALK',No,None,0.542594,0.966441,'Suspected Minor Injury'
MONTGOMERY,42574,14.017,County,Pedestrian,'Single Vehicle',Clear,Dry,Daylight,'TRAFFIC SIGNAL','None Detected','None Detected','Cross/Enter at Intersection',None,'ON ROADWAY AT CROSSWALK',No,None,0.53065,0.868114,'Suspected Minor Injury'
MONTGOMERY,42461,9.833,County,Pedestrian,'STRAIGHT MOVEMENT ANGLE',Rain,Wet,Daylight,PERSON,'None Detected','None Detected','Cross/Enter at Intersection',None,'AT AT INTERSECTION MARKED CROSSWALK',No,None,0.623148,0.900325,'Possible Injury'
MONTGOMERY,42626,17.15,County,Pedestrian,'Single Vehicle',Clear,Dry,Daylight,'TRAFFIC SIGNAL','None Detected','None Detected','Cross/Enter at Intersection',None,'ON ROADWAY AT CROSSWALK',No,None,0.50902,0.947977,'No Apparent Injury'
MONTGOMERY,45635,13,County,Pedestrian,'Single Vehicle',Clear,Dry,Daylight,'NO CONTROLS','None Detected','None Detected','Cross/Enter Not at Intersection','IN ROADWAY IMPROPERLY','ON ROADWAY NOT AT CROSSWALK',Yes,None,0.510204,0.95899,'Possible Injury'
MONTGOMERY,44316,13.417,County,Pedestrian,'Single Vehicle',Clear,Dry,Daylight,'NO CONTROLS','None Detected','None Detected','Cross/Enter at Intersection',None,'ON ROADWAY AT CROSSWALK',No,None,0.510785,0.95637,'Possible Injury'
MONTGOMERY,45591,16.567,County,Pedestrian,'Single Vehicle',Clear,Dry,Daylight,'NO CONTROLS','None Detected','None Detected','Cross/Enter at Intersection',None,'ON ROADWAY AT CROSSWALK',No,None,0.490247,0.917071,'Suspected Minor Injury'
MONTGOMERY,43768,6.917,County,Pedestrian,'Single Vehicle',Clear,Dry,Dusk,'NO CONTROLS','None Detected','None Detected','Walking to/from school',Inattentive,'AT INTERSECTION BUT NO CROSSWALK',Yes,None,0.585522,0.973313,'Suspected Minor Injury'
MONTGOMERY,43455,18.433,County,Pedestrian,'STRAIGHT MOVEMENT ANGLE',Clear,Wet,'Dark - Lighted','FLASHING TRAFFIC SIGNAL','None Detected','ALCOHOL PRESENT','Cross/Enter Not at Intersection',Dart/Dash,'ON ROADWAY NOT AT CROSSWALK',Yes,None,0.632213,0.896869,'Suspected Serious Injury'
MONTGOMERY,44875,15.75,County,Pedestrian,'Single Vehicle',Clear,Dry,Daylight,'NO CONTROLS','None Detected','None Detected','Cross/Enter at Intersection',None,SIDEWALK,No,None,0.53449,0.955043,'Possible Injury'
MONTGOMERY,42048,16,'Maryland (State)',Pedestrian,'Single Vehicle',Clear,Dry,Daylight,'TRAFFIC SIGNAL','None Detected','None Detected','Cross/Enter at Intersection',None,'ON ROADWAY AT CROSSWALK',No,None,0.572363,0.938301,'Suspected Minor Injury'
MONTGOMERY,42337,6.867,'US (State)',Pedestrian,'Single Vehicle',Rain,Wet,'Dark - Lighted','TRAFFIC SIGNAL','None Detected','ALCOHOL CONTRIBUTED','Cross/Enter at Intersection','FAILURE TO YIELD RIGHT OF WAY','ON ROADWAY NOT AT CROSSWALK',Yes,None,0.504968,0.948772,'Possible Injury'
GAITHERSBURG,43868,18.75,County,Pedestrian,'Single Vehicle',Clear,Dry,'Dark - Lighted','NO CONTROLS','None Detected','None Detected','Cross/Enter Not at Intersection','NOT VISIBLE','ON ROADWAY NOT AT CROSSWALK',No,None,0.64354,0.869669,'Possible Injury'
MONTGOMERY,42108,13.6,County,Pedestrian,'SAME DIR REAR END',Rain,Wet,Daylight,'TRAFFIC SIGNAL','None Detected','None Detected',Standing,'DISABLED VEHICLE RELATED','ON ROADWAY NOT AT CROSSWALK',No,None,0.639035,0.878267,'Suspected Serious Injury'
MONTGOMERY,42285,18.617,County,Pedestrian,'Single Vehicle',Clear,Dry,Dawn,'STOP SIGN','None Detected','None Detected','Cross/Enter at Intersection',None,'ON ROADWAY AT CROSSWALK',No,None,0.499176,0.960016,'Possible Injury'
MONTGOMERY,42372,14.3,County,Pedestrian,'Single Vehicle',Clear,Dry,Daylight,'NO CONTROLS','None Detected','None Detected','Cross/Enter at Intersection',None,SIDEWALK,No,None,0.598192,0.909155,'Possible Injury'
MONTGOMERY,45410,5.533,County,Pedestrian,'Single Vehicle',Rain,Wet,'Dark - Lighted','TRAFFIC SIGNAL','None Detected','None Detected','Cross/Enter at Intersection',Dart/Dash,'ON ROADWAY AT CROSSWALK',Yes,None,0.772542,0.771889,'Suspected Minor Injury'
MONTGOMERY,42389,14.683,County,Pedestrian,'Single Vehicle',Cloudy,Dry,Daylight,'NO CONTROLS','None Detected','None Detected',Standing,None,'ON ROADWAY AT CROSSWALK',No,None,0.475952,0.899523,'Possible Injury'
MONTGOMERY,42971,14.85,County,Pedestrian,'Single Vehicle',Clear,Dry,Daylight,'NO CONTROLS','None Detected','None Detected','Cross/Enter at Intersection',None,'ON ROADWAY AT CROSSWALK',No,None,0.49847,0.926768,'Suspected Minor Injury'
MONTGOMERY,43642,8.367,County,Pedestrian,'Single Vehicle',Clear,Dry,Daylight,'NO CONTROLS','None Detected','None Detected','Walking/Riding against Traffic',None,CURB,No,None,0.737793,0.880167,'Suspected Minor Injury'
MONTGOMERY,43071,6.017,'Maryland (State)',Bicyclist,'STRAIGHT MOVEMENT ANGLE',Clear,Dry,'Dark - Lighted','NO CONTROLS','None Detected','None Detected','Cross/Enter at Intersection',None,'AT AT INTERSECTION MARKED CROSSWALK',No,Yes,0.722043,0.844722,'Suspected Minor Injury'
MONTGOMERY,42020,18.283,County,Pedestrian,'Single Vehicle',Cloudy,Dry,'Dark - Lighted','NO CONTROLS','None Detected','None Detected','Cross/Enter Not at Intersection','IN ROADWAY IMPROPERLY','ON ROADWAY NOT AT CROSSWALK',No,None,0.560549,0.881862,'Suspected Serious Injury'
MONTGOMERY,43347,13,'Maryland (State)',Bicyclist,'SAME DIRECTION RIGHT TURN',Clear,Dry,Daylight,'TRAFFIC SIGNAL','None Detected','None Detected','Cross/Enter at Intersection',None,'IN BIKEWAY',No,Yes,0.541563,0.870756,'Possible Injury'
MONTGOMERY,43477,20.75,'Maryland (State)',Pedestrian,'Single Vehicle',Snow,Snow,'Dark - Lighted','TRAFFIC SIGNAL','None Detected','None Detected','Cross/Enter at Intersection',None,'ON ROADWAY AT CROSSWALK',No,None,0.509721,0.959061,'Possible Injury'
MONTGOMERY,43409,18.667,County,Pedestrian,'Single Vehicle',Rain,Wet,'Dark - Lighted','TRAFFIC SIGNAL','None Detected','None Detected','Cross/Enter at Intersection',None,'ON ROADWAY AT CROSSWALK',No,None,0.563022,0.914343,'Possible Injury'
MONTGOMERY,44721,16.367,County,Pedestrian,'SAME DIR REAR END',Clear,Dry,Daylight,'NO CONTROLS','None Detected','None Detected',Standing,Inattentive,'ON ROADWAY NOT AT CROSSWALK',Yes,None,0.680704,0.861334,'Possible Injury'
MONTGOMERY,43198,0.533,'Maryland (State)',Pedestrian,'Single Vehicle',Clear,Dry,'Dark - Lighted','TRAFFIC SIGNAL','None Detected','None Detected','Cross/Enter Not at Intersection',Dart/Dash,'ON ROADWAY NOT AT CROSSWALK',Yes,None,0.662566,0.87731,'Possible Injury'
MONTGOMERY,44604,16.183,'Maryland (State)',Bicyclist,'HEAD ON LEFT TURN',Clear,Dry,Daylight,'TRAFFIC SIGNAL','None Detected','None Detected',Standing,None,SIDEWALK,No,Yes,0.522564,0.910156,'Possible Injury'
ROCKVILLE,44386,3.75,'Maryland (State)',Pedestrian,'Single Vehicle',Clear,Dry,'Dark - Not Lighted','TRAFFIC SIGNAL','None Detected','None Detected','Cross/Enter at Intersection',None,'ON ROADWAY AT CROSSWALK',Yes,None,0.604376,0.896562,'Suspected Minor Injury'
MONTGOMERY,42193,17.433,'Maryland (State)',Bicyclist,'STRAIGHT MOVEMENT ANGLE',Clear,Dry,Daylight,'TRAFFIC SIGNAL','None Detected','None Detected','Cross/Enter at Intersection',None,'ON ROADWAY AT CROSSWALK',No,Yes,0.686932,0.867088,'Suspected Minor Injury'
MONTGOMERY,43444,17.333,Government,Pedestrian,'Single Vehicle',Clear,Dry,'Dark - Lighted','NO CONTROLS','None Detected','None Detected','Cross/Enter Not at Intersection','FAILURE TO YIELD RIGHT OF WAY','ON ROADWAY AT CROSSWALK',Yes,None,0.480724,0.916074,'No Apparent Injury'
MONTGOMERY,43413,18.5,County,Pedestrian,'Single Vehicle',Rain,Wet,'Dark - Lighted','NO CONTROLS','None Detected','None Detected','Cross/Enter at Intersection',None,'ON ROADWAY AT CROSSWALK',No,None,0.537171,0.894353,'Possible Injury'
MONTGOMERY,42496,18.017,County,Pedestrian,'HEAD ON LEFT TURN',Rain,Wet,Daylight,'NO CONTROLS','None Detected','None Detected','Cross/Enter Not at Intersection','IN ROADWAY IMPROPERLY','OUTSIDE RIGHT OF WAY',Yes,None,0.503925,0.948363,'Suspected Minor Injury'
MONTGOMERY,44890,12,'Maryland (State)',Pedestrian,'Single Vehicle',Clear,Dry,Daylight,'TRAFFIC SIGNAL','None Detected','None Detected','Cross/Enter at Intersection',None,'AT AT INTERSECTION MARKED CROSSWALK',No,None,0.608293,0.889149,'Possible Injury'
ROCKVILLE,42224,10.233,County,Pedestrian,'HEAD ON LEFT TURN',Clear,Dry,Daylight,'NO CONTROLS','None Detected','None Detected','Cross/Enter Not at Intersection','IN ROADWAY IMPROPERLY','ON ROADWAY NOT AT CROSSWALK',Yes,None,0.574745,0.905173,'Possible Injury'
MONTGOMERY,42927,6.267,County,Pedestrian,'Single Vehicle',Clear,Dry,Daylight,'NO CONTROLS','None Detected','None Detected','Cross/Enter at Intersection',None,'ON ROADWAY AT CROSSWALK',No,None,0.578181,0.907194,'Possible Injury'
MONTGOMERY,43259,21.433,'Maryland (State)',Bicyclist,'Single Vehicle',Clear,Dry,'Dark - Lighted','TRAFFIC SIGNAL','None Detected','None Detected','Cross/Enter at Intersection',None,'ON ROADWAY AT CROSSWALK',Yes,Yes,0.529509,0.958349,'Possible Injury'
MONTGOMERY,44517,14.25,County,Pedestrian,'Single Vehicle',Clear,Dry,Daylight,'NO CONTROLS','None Detected','None Detected','Cross/Enter at Intersection',None,'ON ROADWAY AT CROSSWALK',No,None,0.47199,0.913372,'Suspected Minor Injury'
MONTGOMERY,42228,10.267,County,Pedestrian,'Single Vehicle',Clear,Dry,Daylight,'NO CONTROLS','None Detected','None Detected',' Working',None,'ON ROADWAY NOT AT CROSSWALK',No,Yes,0.500686,0.928409,'Suspected Minor Injury'
MONTGOMERY,42961,1.35,County,Pedestrian,'Single Vehicle',Cloudy,Dry,Daylight,'NO CONTROLS','None Detected','None Detected','Cross/Enter at Intersection',None,'ON ROADWAY AT CROSSWALK',No,None,0.7386,0.8497,'No Apparent Injury'
MONTGOMERY,43081,17.3,'Maryland (State)',Pedestrian,'Single Vehicle',Clear,Dry,'Dark - Lighted','NO CONTROLS','None Detected','None Detected','Cross/Enter at Intersection',None,'AT INTERSECTION BUT NO CROSSWALK',No,None,0.484408,0.929159,'Possible Injury'
MONTGOMERY,42991,6.45,County,Pedestrian,'Single Vehicle',Rain,Wet,Dawn,'NO CONTROLS','None Detected','None Detected','Cross/Enter at Intersection',None,'ON ROADWAY AT CROSSWALK',No,None,0.564834,0.941955,'Suspected Serious Injury'
MONTGOMERY,43000,14.617,'Maryland (State)',Bicyclist,'Single Vehicle',Cloudy,Dry,Daylight,'NO CONTROLS','None Detected','None Detected','Cross/Enter at Intersection',None,'ON ROADWAY AT CROSSWALK',No,Yes,0.505875,0.957801,'Possible Injury'
MONTGOMERY,43097,11.417,County,Pedestrian,'Single Vehicle',Clear,Dry,Daylight,'NO CONTROLS','None Detected','None Detected','Cross/Enter Not at Intersection','IN ROADWAY IMPROPERLY','ON ROADWAY NOT AT CROSSWALK',Yes,None,0.501692,0.950101,'Possible Injury'
MONTGOMERY,42603,15.35,County,Bicyclist,'STRAIGHT MOVEMENT ANGLE',Clear,Dry,Daylight,'NO CONTROLS','None Detected','None Detected',Playing,'FAILURE TO YIELD RIGHT OF WAY','ON ROADWAY NOT AT CROSSWALK',Yes,None,0.715065,0.846258,'Suspected Minor Injury'
MONTGOMERY,43630,17.55,County,Bicyclist,'STRAIGHT MOVEMENT ANGLE',Clear,Dry,Daylight,'STOP SIGN','None Detected','None Detected','Cross/Enter at Intersection',None,'ON ROADWAY NOT AT CROSSWALK',No,Yes,0.730735,0.892528,'Suspected Minor Injury'
MONTGOMERY,42213,10.9,County,Pedestrian,'Single Vehicle',Clear,Dry,Daylight,'NO CONTROLS','None Detected','None Detected','Getting off/on Vehicle','ENTERING EXITING PARKED STANDING VEHICLE','ON ROADWAY NOT AT CROSSWALK',Yes,Yes,0.469849,0.908551,'Possible Injury'