'Agency Name','Days after Jan 1','Hours past Midnight','Route Type','Related Non-Motorist','Collision Type',Weather,'Surface Condition',Light,'Traffic Control','Driver Substance Abuse','Non-Motorist Substance Abuse','Pedestrian Movement','Pedestrian Actions','Pedestrian Location','At Fault','Safety Equipment','Lat- Normalized','Long- Normalized','Injury Severity'
MONTGOMERY,45512,12.717,'Maryland (State)',Pedestrian,'Single Vehicle',Clear,Dry,Daylight,'NO CONTROLS','None Detected','None Detected','Cross/Enter at Intersection',None,SIDEWALK,No,None,0.506202,0.948192,'No Apparent Injury'
MONTGOMERY,42481,14.1,County,Pedestrian,'Single Vehicle',Clear,Dry,Daylight,'NO CONTROLS','None Detected','None Detected','Cross/Enter at Intersection',None,'ON ROADWAY AT CROSSWALK',No,None,0.509006,0.960201,'Possible Injury'
MONTGOMERY,45426,21.433,'US (State)',Pedestrian,'Single Vehicle',Clear,Dry,'Dark - Lighted','TRAFFIC SIGNAL','None Detected','ALCOHOL PRESENT','Cross/Enter at Intersection','FAILURE TO OBEY TRAFFIC SIGNS SIGNALS OR OFFICER','AT AT INTERSECTION MARKED CROSSWALK',Yes,None,0.504219,0.948903,'Suspected Serious Injury'
MONTGOMERY,45315,7.967,'Maryland (State)',Pedestrian,'Single Vehicle',Clear,Dry,Daylight,PERSON,'None Detected','None Detected',Standing,None,'AT INTERSECTION BUT NO CROSSWALK',No,Yes,0.505273,0.906097,'Suspected Minor Injury'
MONTGOMERY,44841,18.283,'Maryland (State)',Pedestrian,'Single Vehicle',Clear,Dry,Dusk,'NO CONTROLS','None Detected','None Detected','Cross/Enter at Intersection','IN ROADWAY IMPROPERLY','ON ROADWAY NOT AT CROSSWALK',Yes,None,0.558631,0.938234,'Possible Injury'
MONTGOMERY,43325,14.75,County,Pedestrian,'Single Vehicle',Cloudy,Dry,Daylight,'NO CONTROLS','None Detected','None Detected','Cross/Enter at Intersection',Dart/Dash,'OUTSIDE RIGHT OF WAY',Yes,None,0.698137,0.85099,'Possible Injury'
MONTGOMERY,43997,11.5,'Maryland (State)',Pedestrian,'Single Vehicle',Clear,Dry,Daylight,'NO CONTROLS','None Detected','None Detected','Cross/Enter at Intersection',None,'INSIDE BUILDING',No,None,0.512563,0.967152,'No Apparent Injury'
MONTGOMERY,43673,14.167,County,Bicyclist,'STRAIGHT MOVEMENT ANGLE',Clear,Dry,Daylight,'NO CONTROLS','None Detected','None Detected','Cross/Enter at Intersection','FAILURE TO YIELD RIGHT OF WAY','ON ROADWAY NOT AT CROSSWALK',Yes,Yes,0.506774,0.858992,'Suspected Minor Injury'
MONTGOMERY,42277,21.383,'Maryland (State)',Pedestrian,'Single Vehicle',Clear,Dry,'Dark - Lighted','TRAFFIC SIGNAL','None Detected','None Detected','Cross/Enter at Intersection',None,'AT AT INTERSECTION MARKED CROSSWALK',No,None,0.693433,0.839489,'Suspected Minor Injury'
MONTGOMERY,43404,7.167,'Maryland (State)',Pedestrian,'Single Vehicle',Clear,Dry,'Dark - Lighted','TRAFFIC SIGNAL','None Detected','None Detected','Cross/Enter at Intersection',None,'ON ROADWAY AT CROSSWALK',No,None,0.571815,0.938226,'Suspected Minor Injury'
MONTGOMERY,44122,8,County,Pedestrian,'Single Vehicle',Clear,Dry,Daylight,'NO CONTROLS','None Detected','None Detected','Cross/Enter at Intersection',None,'INSIDE BUILDING',No,None,0.697555,0.928537,'No Apparent Injury'
MONTGOMERY,43924,18.183,County,Pedestrian,'Single Vehicle',Clear,Dry,Daylight,'STOP SIGN','None Detected','None Detected','Cross/Enter at Intersection',None,'AT AT INTERSECTION MARKED CROSSWALK',No,None,0.723332,0.875238,'Possible Injury'
MONTGOMERY,42613,7.5,County,Bicyclist,'Single Vehicle',Clear,Dry,Daylight,'NO CONTROLS','None Detected','None Detected','Cross/Enter at Intersection',None,'ON ROADWAY AT CROSSWALK',Yes,None,0.489584,0.904619,'Suspected Minor Injury'
MONTGOMERY,44718,8.45,'Maryland (State)',Pedestrian,'Single Vehicle',Clear,Dry,Daylight,'TRAFFIC SIGNAL','None Detected','None Detected','Cross/Enter at Intersection',None,'ON ROADWAY AT CROSSWALK',No,None,0.486436,0.920505,'Possible Injury'
MONTGOMERY,42673,19.333,County,Pedestrian,'Single Vehicle',Clear,Wet,'Dark - Lighted','NO CONTROLS','ALCOHOL CONTRIBUTED','None Detected',Standing,None,'ON ROADWAY NOT AT CROSSWALK',No,None,0.571693,0.876183,'Possible Injury'
MONTGOMERY,43387,21.667,County,Pedestrian,'Single Vehicle',Clear,Dry,'Dark - Lighted','NO CONTROLS','None Detected','None Detected',Standing,None,'ON ROADWAY AT CROSSWALK',No,None,0.555096,0.948027,'Suspected Minor Injury'
MONTGOMERY,45433,5.067,'Maryland (State)',Pedestrian,'Single Vehicle',Clear,Dry,'Dark - Lighted','NO CONTROLS','None Detected','ALCOHOL PRESENT','Cross/Enter at Intersection','IN ROADWAY IMPROPERLY','ON ROADWAY NOT AT CROSSWALK',Yes,None,0.562829,0.931917,'Fatal Injury'
MONTGOMERY,43770,16,County,Pedestrian,'Single Vehicle',Clear,Dry,Daylight,'NO CONTROLS','None Detected','None Detected','Cross/Enter at Intersection',None,'ON ROADWAY AT CROSSWALK',No,None,0.721856,0.844624,'Suspected Minor Injury'
MONTGOMERY,42913,10.717,County,Pedestrian,'Single Vehicle',Clear,Dry,Daylight,'NO CONTROLS','None Detected','None Detected','Cross/Enter Not at Intersection','IN ROADWAY IMPROPERLY','ON ROADWAY NOT AT CROSSWALK',Yes,None,0.505301,0.949572,'Suspected Serious Injury'
MONTGOMERY,45555,15.2,County,Pedestrian,'Single Vehicle',Clear,Dry,Daylight,'NO CONTROLS','None Detected','None Detected','Cross/Enter at Intersection',None,'ON ROADWAY AT CROSSWALK',No,None,0.575657,0.908954,'No Apparent Injury'
MONTGOMERY,44027,12.483,County,Pedestrian,'Single Vehicle',Clear,Dry,Daylight,'NO CONTROLS','None Detected','None Detected',' Working',None,CURB,No,None,0.508194,0.912406,'Suspected Minor Injury'
MONTGOMERY,43088,8.667,County,Pedestrian,'Single Vehicle',Clear,Dry,Daylight,'STOP SIGN','None Detected','None Detected','Cross/Enter at Intersection',None,'AT AT INTERSECTION MARKED CROSSWALK',No,None,0.601981,0.984961,'Suspected Serious Injury'
MONTGOMERY,43018,8.25,County,Pedestrian,'Single Vehicle',Clear,Dry,Daylight,'NO CONTROLS','None Detected','None Detected','Cross/Enter Not at Intersection',Dart/Dash,'ON ROADWAY NOT AT CROSSWALK',Yes,None,0.618194,0.926042,'Suspected Minor Injury'
MONTGOMERY,43505,14.117,County,Pedestrian,'SAME DIR REAR END',Clear,Dry,Daylight,'NO CONTROLS','None Detected','None Detected','Cross/Enter at Intersection',None,'ON ROADWAY AT CROSSWALK',No,None,0.562926,0.910924,'Possible Injury'
MONTGOMERY,42582,6.333,County,Pedestrian,'Single Vehicle',Clear,Dry,Daylight,'NO CONTROLS','None Detected','None Detected','Cross/Enter at Intersection',None,'ON ROADWAY AT CROSSWALK',No,None,0.720038,0.853944,'Possible Injury'
MONTGOMERY,43845,17.633,County,Pedestrian,'Single Vehicle',Clear,Dry,'Dark - Lighted','NO CONTROLS','None Detected','None Detected',Playing,Inattentive,'ON ROADWAY AT CROSSWALK',No,None,0.491209,0.922035,'Suspected Minor Injury'
MONTGOMERY,42888,20.367,County,Pedestrian,'Single Vehicle',Clear,Dry,Daylight,'NO CONTROLS','None Detected','None Detected','Cross/Enter at Intersection',None,'ON ROADWAY AT CROSSWALK',No,None,0.560741,0.939604,'Suspected Minor Injury'
MONTGOMERY,42318,17.433,County,Pedestrian,'Single Vehicle','SEVERE WINDS',Wet,Dusk,'TRAFFIC SIGNAL','None Detected','None Detected','Cross/Enter at Intersection','FAILURE TO OBEY TRAFFIC SIGNS SIGNALS OR OFFICER','AT AT INTERSECTION MARKED CROSSWALK',Yes,None,0.70496,0.836105,'Suspected Minor Injury'
MONTGOMERY,43148,5.983,County,Pedestrian,'STRAIGHT MOVEMENT ANGLE',Clear,Dry,'Dark - Lighted','NO CONTROLS','None Detected','None Detected','Walking/Cycling on Sidewalk',None,SIDEWALK,No,None,0.571848,0.938642,'Possible Injury'
MONTGOMERY,42318,15.5,County,Bicyclist,'HEAD ON LEFT TURN',Rain,Dry,Daylight,'NO CONTROLS','None Detected','None Detected','Walking/Riding w/Traffic',None,'ON ROADWAY AT CROSSWALK',No,None,0.706933,0.869224,'Suspected Minor Injury'
MONTGOMERY,45460,15.633,'Maryland (State)',Pedestrian,'Single Vehicle',Clear,Dry,Daylight,'NO CONTROLS','None Detected','None Detected','Cross/Enter at Intersection',Dart/Dash,'AT INTERSECTION BUT NO CROSSWALK',Yes,None,0.472941,0.905428,'Suspected Serious Injury'
MONTGOMERY,44703,15.25,'Maryland (State)',Pedestrian,'HEAD ON LEFT TURN',Clear,Dry,Daylight,PERSON,'None Detected','None Detected','Cross/Enter at Intersection',None,'ON ROADWAY AT CROSSWALK',No,None,0.560302,0.937723,'Possible Injury'
MONTGOMERY,44810,19.017,'Maryland (State)',Pedestrian,'Single Vehicle',Clear,Dry,Dusk,'NO CONTROLS','None Detected','None Detected','Cross/Enter Not at Intersection','IN ROADWAY IMPROPERLY','ON ROADWAY NOT AT CROSSWALK',Yes,None,0.53357,0.957142,'Suspected Serious Injury'
MONTGOMERY,44593,8.75,'Maryland (State)',Pedestrian,'STRAIGHT MOVEMENT ANGLE',Clear,Dry,Daylight,'NO CONTROLS','None Detected','None Detected','Cross/Enter at Intersection',None,'AT AT INTERSECTION MARKED CROSSWALK',No,None,0.619835,0.93024,'Suspected Serious Injury'
GAITHERSBURG,44408,21.05,'Maryland (State)',Pedestrian,'Single Vehicle',Clear,Dry,'Dark - Lighted','NO CONTROLS','None Detected','None Detected','Cross/Enter at Intersection','IN ROADWAY IMPROPERLY','ON ROADWAY AT CROSSWALK',Yes,None,0.650976,0.860051,'No Apparent Injury'
MONTGOMERY,42454,17.067,County,Pedestrian,'Single Vehicle',Clear,Dry,Daylight,'TRAFFIC SIGNAL','None Detected','None Detected','Cross/Enter at Intersection',None,'ON ROADWAY AT CROSSWALK',No,None,0.492515,0.91971,'Suspected Minor Injury'
MONTGOMERY,44159,20.6,County,Pedestrian,'Single Vehicle',Cloudy,Dry,'Dark - Not Lighted','NO CONTROLS','ALCOHOL CONTRIBUTED','None Detected','Cross/Enter at Intersection',None,'ON ROADWAY AT CROSSWALK',No,None,0.6872,0.766564,'No Apparent Injury'
MONTGOMERY,43666,16.333,County,Pedestrian,'Single Vehicle',Clear,Dry,Daylight,'NO CONTROLS','None Detected','None Detected',Standing,None,'ON ROADWAY AT CROSSWALK',No,None,0.602195,0.933526,'Suspected Minor Injury'
MONTGOMERY,44776,6.733,'Maryland (State)',Pedestrian,'Single Vehicle',Clear,Dry,Daylight,'TRAFFIC SIGNAL','None Detected','None Detected','Cross/Enter at Intersection',None,'ON ROADWAY AT CROSSWALK',No,None,0.633563,0.89101,'Suspected Minor Injury'
MONTGOMERY,43410,20.5,Municipality,Pedestrian,'Single Vehicle',Rain,Wet,'Dark - Lighted','NO CONTROLS','None Detected','None Detected','Cross/Enter Not at Intersection',Dart/Dash,'ON ROADWAY NOT AT CROSSWALK',Yes,None,0.671115,0.875343,'Suspected Minor Injury'
ROCKVILLE,43190,18,County,Pedestrian,'Single Vehicle',Clear,Dry,Daylight,'NO CONTROLS','None Detected','None Detected',Standing,None,'INSIDE BUILDING',No,None,0.582356,0.904695,'Suspected Minor Injury'
MONTGOMERY,43873,20.5,'Maryland (State)',Pedestrian,'Single Vehicle',Clear,Wet,'Dark - Lighted','TRAFFIC SIGNAL','None Detected','None Detected','Cross/Enter at Intersection',None,'AT AT INTERSECTION MARKED CROSSWALK',No,None,0.606806,0.895997,'Possible Injury'
GAITHERSBURG,42431,18.667,County,Pedestrian,'Single Vehicle',Clear,Dry,'Dark - Lighted','TRAFFIC SIGNAL','None Detected','None Detected','Cross/Enter at Intersection',None,'ON ROADWAY AT CROSSWALK',No,None,0.666537,0.876204,'Possible Injury'
MONTGOMERY,42131,10.333,County,Pedestrian,'Single Vehicle',Clear,Dry,Daylight,'NO CONTROLS','None Detected','None Detected','Cross/Enter at Intersection',None,'INSIDE BUILDING',No,None,0.827896,0.867065,'Possible Injury'
MONTGOMERY,43756,19.917,County,Pedestrian,'Single Vehicle',Clear,Dry,'Dark - Lighted','NO CONTROLS','None Detected','None Detected','Cross/Enter at Intersection',None,'ON ROADWAY AT CROSSWALK',No,None,0.585015,0.934824,'Suspected Minor Injury'
MONTGOMERY,42948,20.75,County,Pedestrian,'Single Vehicle',Clear,Dry,'Dark - Lighted','NO CONTROLS','None Detected','None Detected','Cross/Enter at Intersection',None,'ON ROADWAY AT CROSSWALK',No,None,0.634494,0.928562,'Possible Injury'
MONTGOMERY,42723,18.3,County,Pedestrian,'STRAIGHT MOVEMENT ANGLE',Clear,Dry,'Dark - Lighted','NO CONTROLS','None Detected','None Detected','Cross/Enter at Intersection',None,'ON ROADWAY AT CROSSWALK',No,None,0.576452,0.982236,'Possible Injury'
MONTGOMERY,42755,16.133,County,Pedestrian,'Single Vehicle',Cloudy,Dry,Daylight,'NO CONTROLS','None Detected','None Detected','Push/Work on Vehicle',None,'ON ROADWAY AT CROSSWALK',No,None,0.571861,0.906654,'No Apparent Injury'
MONTGOMERY,43524,9.017,County,Pedestrian,'Single Vehicle',Clear,Dry,Daylight,'NO CONTROLS','None Detected','None Detected','Cross/Enter at Intersection',None,'ON ROADWAY AT CROSSWALK',No,Yes,0.682771,0.857396,'Suspected Minor Injury'
MONTGOMERY,44053,21.967,County,Pedestrian,'STRAIGHT MOVEMENT ANGLE',Clear,Dry,'Dark - Lighted','NO CONTROLS','None Detected','ALCOHOL PRESENT','Cross/Enter Not at Intersection','IN ROADWAY IMPROPERLY','ON ROADWAY NOT AT CROSSWALK',Yes,None,0.692589,0.870978,'Suspected Minor Injury'
MONTGOMERY,42648,11,County,Pedestrian,'Single Vehicle',Clear,Dry,Daylight,'NO CONTROLS','None Detected','None Detected',Standing,None,'ON ROADWAY AT CROSSWALK',No,Yes,0.487676,0.931124,'Suspected Minor Injury'
MONTGOMERY,44502,8.65,County,Pedestrian,'Single Vehicle',Cloudy,Wet,Daylight,'NO CONTROLS','None Detected','None Detected','Cross/Enter at Intersection',None,'ON ROADWAY AT CROSSWALK',No,None,0.68965,0.873139,'No Apparent Injury'
MONTGOMERY,42428,12.633,County,Pedestrian,'HEAD ON',Clear,Dry,Daylight,'NO CONTROLS','None Detected','None Detected',Standing,None,'ON ROADWAY NOT AT CROSSWALK',No,None,0.518562,0.913902,'Suspected Serious Injury'
ROCKVILLE,42794,18.15,Municipality,Pedestrian,'Single Vehicle',Rain,Wet,'Dark - Lighted','NO CONTROLS','None Detected','None Detected','Cross/Enter at Intersection','IN ROADWAY IMPROPERLY','ON ROADWAY NOT AT CROSSWALK',Yes,None,0.608947,0.896947,'No Apparent Injury'
MONTGOMERY,43252,8.5,County,Pedestrian,'Single Vehicle',Clear,Dry,Daylight,'NO CONTROLS','None Detected','None Detected','Walking to/from school',Dart/Dash,'ON ROADWAY AT CROSSWALK',Yes,None,0.560808,0.967097,'Possible Injury'
MONTGOMERY,44916,15.9,County,Pedestrian,'Single Vehicle',Clear,Dry,Daylight,'NO CONTROLS','None Detected','None Detected','Cross/Enter at Intersection',None,'ON ROADWAY AT CROSSWALK',No,None,0.628742,0.92842,'Suspected Minor Injury'
MONTGOMERY,42627,7.5,County,Pedestrian,'Single Vehicle',Clear,Dry,Daylight,'STOP SIGN','None Detected','None Detected','Cross/Enter at Intersection',None,'ON ROADWAY AT CROSSWALK',No,None,0.574748,0.963284,'Possible Injury'
MONTGOMERY,43140,8.983,County,Pedestrian,'SAME DIRECTION SIDESWIPE',Clear,Dry,Daylight,'TRAFFIC SIGNAL','None Detected','None Detected',Standing,None,'ON ROADWAY NOT AT CROSSWALK',No,None,0.506767,0.94679,'Suspected Serious Injury'
MONTGOMERY,43876,15.933,County,Pedestrian,'Single Vehicle',Clear,Dry,Daylight,'NO CONTROLS','None Detected','None Detected','Getting off/on Vehicle',None,CURB,No,None,0.651031,0.930301,'Suspected Minor Injury'
MONTGOMERY,42773,23.217,'Maryland (State)',Bicyclist,'HEAD ON LEFT TURN',Clear,Dry,'Dark - Lighted','TRAFFIC SIGNAL','None Detected','None Detected','Cross/Enter at Intersection','NOT VISIBLE','ON ROADWAY NOT AT CROSSWALK',No,Yes,0.510657,0.91807,'Suspected Minor Injury'
MONTGOMERY,43756,23.5,'Maryland (State)',Pedestrian,'Single Vehicle',Clear,Dry,'Dark - Lighted','NO CONTROLS','None Detected','ALCOHOL CONTRIBUTED','Cross/Enter Not at Intersection','FAILURE TO YIELD RIGHT OF WAY','ON ROADWAY NOT AT CROSSWALK',Yes,None,0.536043,0.95412,'Suspected Minor Injury'
MONTGOMERY,44162,22.167,County,' CONVEYANCE','Single Vehicle',Clear,Dry,'Dark - Lighted','STOP SIGN','None Detected','None Detected','Cross/Enter at Intersection',Inattentive,'AT INTERSECTION BUT NO CROSSWALK',Yes,None,0.572283,0.902012,'Fatal Injury'
MONTGOMERY,42326,20.5,Municipality,Pedestrian,'Single Vehicle',Clear,Dry,'Dark - Lighted','TRAFFIC SIGNAL','None Detected','None Detected','Cross/Enter Not at Intersection','IN ROADWAY IMPROPERLY','ON ROADWAY NOT AT CROSSWALK',No,None,0.578118,0.905186,'Possible Injury'
MONTGOMERY,42298,9.083,County,Pedestrian,'Single Vehicle',Clear,Dry,Daylight,'NO CONTROLS','None Detected','None Detected','Cross/Enter Not at Intersection','FAILURE TO YIELD RIGHT OF WAY','ON ROADWAY NOT AT CROSSWALK',Yes,None,0.68923,0.87375,'Possible Injury'
MONTGOMERY,43344,17.583,'Maryland (State)',Pedestrian,'Single Vehicle',Clear,Dry,Daylight,'TRAFFIC SIGNAL','None Detected','None Detected','Cross/Enter at Intersection',None,'AT AT INTERSECTION MARKED CROSSWALK',No,None,0.506287,0.948296,'Possible Injury'
MONTGOMERY,43566,22.817,County,Pedestrian,'Single Vehicle',Clear,Dry,'Dark - Not Lighted','TRAFFIC SIGNAL','None Detected','None Detected','Cross/Enter at Intersection',None,'ON ROADWAY AT CROSSWALK',No,None,0.5807,0.940856,'Suspected Serious Injury'
MONTGOMERY,42755,7.117,'Maryland (State)',Pedestrian,'Single Vehicle',Clear,Dry,'Dark - Lighted','TRAFFIC SIGNAL','None Detected','None Detected','Cross/Enter at Intersection',None,'ON ROADWAY AT CROSSWALK',No,None,0.722708,0.844911,'No Apparent Injury'
MONTGOMERY,42741,18.25,'Maryland (State)',Pedestrian,'Single Vehicle',Clear,Dry,'Dark - Lighted','TRAFFIC SIGNAL','None Detected','None Detected','Cross/Enter at Intersection',None,'ON ROADWAY AT CROSSWALK',No,None,0.511534,0.912475,'Suspected Minor Injury'
ROCKVILLE,43300,11.583,Municipality,Pedestrian,'Single Vehicle',Clear,Dry,Daylight,'TRAFFIC SIGNAL','None Detected','None Detected','Cross/Enter at Intersection',None,'ON ROADWAY AT CROSSWALK',No,None,0.603596,0.894656,'Suspected Minor Injury'
MONTGOMERY,43193,8.25,County,Pedestrian,'Single Vehicle',Clear,Dry,Daylight,'NO CONTROLS','None Detected','None Detected','Cross/Enter at Intersection',None,'ON ROADWAY AT CROSSWALK',No,None,0.484813,0.917952,'Possible Injury'
ROCKVILLE,44750,15.317,'Maryland (State)',Pedestrian,'Single Vehicle',Clear,Dry,Daylight,'TRAFFIC SIGNAL','None Detected','None Detected','Cross/Enter at Intersection',None,'ON ROADWAY AT CROSSWALK',No,None,0.613275,0.893922,'Possible Injury'
MONTGOMERY,44532,8.317,'Maryland (State)',Bicyclist,'STRAIGHT MOVEMENT ANGLE',Clear,Dry,Daylight,'TRAFFIC SIGNAL','None Detected','None Detected','Cross/Enter at Intersection',None,'ON ROADWAY AT CROSSWALK',No,None,0.559124,0.912016,'Suspected Minor Injury'
MONTGOMERY,42384,20.667,County,Pedestrian,'Single Vehicle',Rain,Wet,'Dark - Not Lighted','NO CONTROLS','None Detected','None Detected','Cross/Enter at Intersection',None,'AT AT INTERSECTION MARKED CROSSWALK',No,None,0.721787,0.845008,'Suspected Minor Injury'
MONTGOMERY,42822,12.083,'Maryland (State)',' CONVEYANCE','STRAIGHT MOVEMENT ANGLE',Clear,Dry,Daylight,'TRAFFIC SIGNAL','None Detected','None Detected','Cross/Enter at Intersection','FAILURE TO OBEY TRAFFIC SIGNS SIGNALS OR OFFICER','ON ROADWAY AT CROSSWALK',Yes,None,0.520991,0.910737,'Possible Injury'
MONTGOMERY,44765,11.5,County,Bicyclist,'Single Vehicle',Clear,Dry,Daylight,'NO CONTROLS','None Detected','None Detected','Walking/Riding w/Traffic',None,SHOULDER,No,Yes,0.588736,0.846648,'Possible Injury'
MONTGOMERY,43295,10.5,County,Bicyclist,'Single Vehicle',Clear,Dry,Daylight,'TRAFFIC SIGNAL','None Detected','None Detected','Cross/Enter at Intersection',None,'ON ROADWAY AT CROSSWALK',No,None,0.639064,0.875771,'Suspected Minor Injury'
MONTGOMERY,45603,18.5,County,Pedestrian,'Single Vehicle',Clear,Dry,'Dark - Lighted','NO CONTROLS','None Detected','None Detected','Cross/Enter at Intersection',None,'ON ROADWAY AT CROSSWALK',No,None,0.555424,0.94231,'Suspected Serious Injury'
MONTGOMERY,45309,8.033,County,Bicyclist,'Single Vehicle',Clear,Dry,Daylight,'STOP SIGN','None Detected','None Detected','Cross/Enter at Intersection',None,'AT INTERSECTION BUT NO CROSSWALK',No,None,0.583818,0.928749,'Possible Injury'
MONTGOMERY,44528,19.183,'Maryland (State)',Pedestrian,'Single Vehicle',Clear,Dry,'Dark - Lighted','NO CONTROLS','None Detected','None Detected','Cross/Enter at Intersection',None,'AT INTERSECTION BUT NO CROSSWALK',No,None,0.684461,0.931163,'Possible Injury'
MONTGOMERY,43292,17.967,County,Bicyclist,'ANGLE MEETS RIGHT TURN',Clear,Dry,Daylight,'NO CONTROLS','None Detected','None Detected','Cross/Enter at Intersection','IMPROPER TURN MERGE','ON ROADWAY NOT AT CROSSWALK',Yes,None,0.570703,0.928479,'No Apparent Injury'
GAITHERSBURG,43315,11.833,Municipality,Pedestrian,'Single Vehicle',Cloudy,Dry,Daylight,'STOP SIGN','None Detected','None Detected','Cross/Enter Not at Intersection',None,'ON ROADWAY AT CROSSWALK',No,None,0.692556,0.867143,'Suspected Minor Injury'
MONTGOMERY,45455,11,County,Pedestrian,'Single Vehicle',Clear,Dry,Daylight,'NO CONTROLS','None Detected','None Detected',Standing,None,SIDEWALK,No,None,0.669828,0.876064,'Suspected Minor Injury'
GAITHERSBURG,44641,10.25,County,Bicyclist,'STRAIGHT MOVEMENT ANGLE',Clear,Dry,Daylight,'STOP SIGN','None Detected','None Detected','Walking/Cycling on Sidewalk',None,SIDEWALK,Yes,None,0.645622,0.870852,'Suspected Minor Injury'
MONTGOMERY,42131,10.333,County,Pedestrian,'Single Vehicle',Clear,Dry,Daylight,'NO CONTROLS','None Detected','None Detected','Cross/Enter at Intersection',None,'INSIDE BUILDING',No,None,0.827896,0.867065,'Suspected Serious Injury'
MONTGOMERY,42710,17.783,'US (State)',Pedestrian,'Single Vehicle',Rain,Wet,'Dark - Lighted','TRAFFIC SIGNAL','None Detected','None Detected','Cross/Enter at Intersection',None,'ON ROADWAY AT CROSSWALK',No,None,0.588758,0.978498,'Possible Injury'
ROCKVILLE,42839,8,'Maryland (State)',Pedestrian,'STRAIGHT MOVEMENT ANGLE',Cloudy,Dry,Daylight,'NO CONTROLS','None Detected','None Detected','Walking/Riding against Traffic',None,SIDEWALK,No,None,0.646138,0.88589,'No Apparent Injury'
MONTGOMERY,45607,14.5,County,Pedestrian,'Single Vehicle',Clear,Dry,Daylight,'NO CONTROLS','None Detected','None Detected','Cross/Enter at Intersection',None,'DRIVEWAY ACCESS MARKED CROSSWALK',No,None,0.550436,0.939275,'Suspected Minor Injury'
MONTGOMERY,42287,17.883,County,Pedestrian,'Single Vehicle',Clear,Dry,Daylight,'NO CONTROLS','None Detected','None Detected','Walking/Riding w/Traffic',None,'ON ROADWAY AT CROSSWALK',No,None,0.553856,0.936355,'Suspected Minor Injury'
MONTGOMERY,43899,11.383,'Maryland (State)',Pedestrian,'Single Vehicle',Clear,Dry,Daylight,'NO CONTROLS','None Detected','None Detected',Standing,None,SIDEWALK,No,None,0.511778,0.962672,'Suspected Serious Injury'
MONTGOMERY,44475,14.183,County,Pedestrian,'Single Vehicle',Cloudy,Wet,Daylight,'NO CONTROLS','None Detected','None Detected','Cross/Enter at Intersection',None,'AT INTERSECTION BUT NO CROSSWALK',No,None,0.701715,0.885447,'Possible Injury'
MONTGOMERY,45377,17.083,County,Bicyclist,'STRAIGHT MOVEMENT ANGLE',Clear,Dry,Daylight,'STOP SIGN','None Detected','None Detected','Cross/Enter at Intersection',None,'ON ROADWAY AT CROSSWALK',Yes,Yes,0.508453,0.877523,'Possible Injury'
GAITHERSBURG,45340,17.433,County,Pedestrian,'Single Vehicle',Clear,Dry,Dusk,'NO CONTROLS','None Detected','ALCOHOL PRESENT','Cross/Enter Not at Intersection',Inattentive,'ON ROADWAY NOT AT CROSSWALK',Yes,None,0.657868,0.870044,'Suspected Minor Injury'
MONTGOMERY,44118,14.417,'Maryland (State)',Bicyclist,'Single Vehicle',Clear,Dry,Daylight,'NO CONTROLS','None Detected','None Detected','Cross/Enter at Intersection',None,'ON ROADWAY AT CROSSWALK',No,Yes,0.677173,0.778997,'Suspected Minor Injury'
MONTGOMERY,42800,15.583,County,Pedestrian,'Single Vehicle',Clear,Dry,Daylight,'NO CONTROLS','None Detected','None Detected','Cross/Enter Not at Intersection',Dart/Dash,'ON ROADWAY NOT AT CROSSWALK',Yes,None,0.548349,0.952328,'Possible Injury'
'Maryland-National Capital',43764,9.8,County,Bicyclist,'Single Vehicle',Clear,Dry,Daylight,'WARNING SIGN','None Detected','None Detected','Cross/Enter at Intersection',None,'ON ROADWAY AT CROSSWALK',No,Yes,0.538846,0.947264,'Suspected Minor Injury'
GAITHERSBURG,43731,20.033,County,' CONVEYANCE','STRAIGHT MOVEMENT ANGLE',Clear,Dry,'Dark - Lighted','NO CONTROLS','None Detected','None Detected','Cross/Enter Not at Intersection','FAILURE TO YIELD RIGHT OF WAY','ON ROADWAY AT CROSSWALK',Yes,None,0.642043,0.870141,'Possible Injury'
MONTGOMERY,44415,13.533,County,Bicyclist,'STRAIGHT MOVEMENT ANGLE',Clear,Dry,Daylight,'STOP SIGN','None Detected','None Detected','Cross/Enter at Intersection','FAILURE TO YIELD RIGHT OF WAY','ON ROADWAY NOT AT CROSSWALK',Yes,None,0.679463,0.965614,'Suspected Serious Injury'
MONTGOMERY,42166,16.833,County,Pedestrian,'Single Vehicle',Clear,Dry,'Dark - Not Lighted','NO CONTROLS','None Detected','None Detected','Cross/Enter at Intersection',None,'ON ROADWAY NOT AT CROSSWALK',No,None,0.539139,0.896051,'Suspected Minor Injury'
MONTGOMERY,42412,8.917,County,Pedestrian,'Single Vehicle',Clear,Dry,Daylight,'NO CONTROLS','None Detected','None Detected','Walking to/from school',None,'ON ROADWAY AT CROSSWALK',No,None,0.724213,0.852777,'Possible Injury'