'Agency Name','Days after Jan 1','Hours past Midnight','Route Type','Related Non-Motorist','Collision Type',Weather,'Surface Condition',Light,'Traffic Control','Driver Substance Abuse','Non-Motorist Substance Abuse','Pedestrian Movement','Pedestrian Actions','Pedestrian Location','At Fault','Safety Equipment','Lat- Normalized','Long- Normalized','Injury Severity'
MONTGOMERY,42141,17.817,County,Pedestrian,'Single Vehicle',Clear,Dry,Daylight,'NO CONTROLS','None Detected','None Detected',Standing,None,CURB,No,None,0.469159,0.920622,'Possible Injury'
MONTGOMERY,42432,14.817,County,Pedestrian,'HEAD ON LEFT TURN',Clear,Dry,Daylight,'NO CONTROLS','None Detected','None Detected','Cross/Enter at Intersection',None,'ON ROADWAY AT CROSSWALK',No,None,0.554649,0.936489,'Possible Injury'
MONTGOMERY,42576,12.033,County,Bicyclist,'STRAIGHT MOVEMENT ANGLE',Clear,Dry,Daylight,'NO CONTROLS','None Detected','None Detected','Cross/Enter at Intersection',Inattentive,'ON ROADWAY AT CROSSWALK',Yes,None,0.575712,0.984538,'Suspected Minor Injury'
GAITHERSBURG,44496,14.5,County,Pedestrian,'Single Vehicle',Clear,Dry,Daylight,'NO CONTROLS','None Detected','None Detected','Push/Work on Vehicle',None,'ON ROADWAY AT CROSSWALK',No,Yes,0.676443,0.865955,'Possible Injury'
MONTGOMERY,45354,12.5,County,Pedestrian,'Single Vehicle',Clear,Dry,Daylight,'NO CONTROLS','None Detected','None Detected','Cross/Enter at Intersection',None,CURB,No,None,0.72379,0.873722,'Suspected Minor Injury'
MONTGOMERY,43464,1,'Maryland (State)',Pedestrian,'Single Vehicle',Clear,Dry,'Dark - Lighted','NO CONTROLS','None Detected','None Detected','Cross/Enter at Intersection',None,'ON ROADWAY AT CROSSWALK',No,None,0.556206,0.936881,'Suspected Minor Injury'
MONTGOMERY,44288,16.283,County,Pedestrian,'Single Vehicle',Clear,Dry,Daylight,'TRAFFIC SIGNAL','None Detected','None Detected','Cross/Enter at Intersection',None,'AT AT INTERSECTION MARKED CROSSWALK',No,None,0.563077,0.90835,'Suspected Minor Injury'
MONTGOMERY,42947,9.1,'Maryland (State)',Bicyclist,'Single Vehicle',Clear,Dry,Daylight,'NO CONTROLS','None Detected','None Detected','Cross/Enter at Intersection',None,SIDEWALK,No,None,0.643531,0.88773,'Possible Injury'
MONTGOMERY,42286,7.033,'Maryland (State)',Pedestrian,'Single Vehicle',Rain,Wet,'Dark - Not Lighted','TRAFFIC SIGNAL','None Detected','None Detected','Cross/Enter at Intersection',None,'AT AT INTERSECTION MARKED CROSSWALK',No,None,0.492057,0.919785,'Possible Injury'
ROCKVILLE,45395,18.433,County,' CONVEYANCE','Single Vehicle',Clear,Dry,Daylight,'NO CONTROLS','None Detected','None Detected','Walking/Riding against Traffic',None,'DRIVEWAY ACCESS MARKED CROSSWALK',No,None,0.598926,0.899468,'No Apparent Injury'
ROCKVILLE,44782,3.867,Municipality,Bicyclist,'Single Vehicle',Clear,Dry,'Dark - Lighted','NO CONTROLS','None Detected','None Detected','Walking/Riding w/Traffic',None,'ON ROADWAY NOT AT CROSSWALK',No,None,0.598175,0.90924,'Possible Injury'
MONTGOMERY,43897,17,County,Pedestrian,'Single Vehicle',Clear,Dry,Daylight,'NO CONTROLS','None Detected','None Detected','Cross/Enter at Intersection',None,'AT AT INTERSECTION MARKED CROSSWALK',No,None,0.68054,0.868616,'Possible Injury'
MONTGOMERY,44327,9,'Maryland (State)',Pedestrian,'Single Vehicle',Clear,Dry,Daylight,'NO CONTROLS','None Detected','None Detected',Standing,None,SHOULDER,No,None,0.526626,0.942167,'Possible Injury'
MONTGOMERY,42858,17.5,County,Pedestrian,'Single Vehicle',Clear,Dry,Daylight,'TRAFFIC SIGNAL','None Detected','None Detected','Cross/Enter at Intersection',None,'AT AT INTERSECTION MARKED CROSSWALK',No,None,0.490623,0.918376,'Suspected Minor Injury'
MONTGOMERY,43123,16,'Maryland (State)',Bicyclist,'SAME DIRECTION RIGHT TURN',Clear,Dry,Daylight,'NO CONTROLS','None Detected','None Detected','Walking/Riding w/Traffic',None,'IN BIKEWAY',No,Yes,0.632597,0.960045,'Suspected Minor Injury'
MONTGOMERY,43375,22.183,County,Pedestrian,'Single Vehicle',Clear,Dry,'Dark - Lighted','NO CONTROLS','None Detected','None Detected','Cross/Enter at Intersection',None,'ON ROADWAY AT CROSSWALK',No,None,0.699078,0.859651,'Suspected Serious Injury'
MONTGOMERY,42346,10.5,County,Pedestrian,'Single Vehicle',Clear,Dry,Daylight,'STOP SIGN','None Detected','None Detected','Cross/Enter at Intersection',None,'ON ROADWAY AT CROSSWALK',No,None,0.556295,0.939304,'Suspected Minor Injury'
MONTGOMERY,43750,1.05,'Maryland (State)',Pedestrian,'Single Vehicle',Clear,Dry,'Dark - Lighted','TRAFFIC SIGNAL','None Detected','None Detected','Cross/Enter at Intersection','FAILURE TO OBEY TRAFFIC SIGNS SIGNALS OR OFFICER','ON ROADWAY AT CROSSWALK',Yes,None,0.504899,0.944665,'Suspected Minor Injury'
MONTGOMERY,42817,6.533,County,Pedestrian,'Single Vehicle',Clear,Dry,'Dark - Lighted','NO CONTROLS','None Detected','None Detected','Cross/Enter at Intersection',None,'ON ROADWAY AT CROSSWALK',No,None,0.528554,0.970786,'Suspected Minor Injury'
MONTGOMERY,42049,20.083,'Maryland (State)',Pedestrian,'Single Vehicle',Snow,ICE,'Dark - Not Lighted','NO CONTROLS','None Detected','None Detected',Standing,'DISABLED VEHICLE RELATED','ON ROADWAY NOT AT CROSSWALK',No,None,0.679083,0.943349,'Suspected Minor Injury'
MONTGOMERY,42322,21.833,County,Pedestrian,'Single Vehicle',Clear,Dry,'Dark - Lighted','NO CONTROLS','None Detected','None Detected','Cross/Enter Not at Intersection',None,SIDEWALK,No,None,0.689511,0.888157,'Suspected Serious Injury'
MONTGOMERY,42506,14.717,'US (State)',Pedestrian,'Single Vehicle',Clear,Dry,Daylight,'NO CONTROLS','None Detected','None Detected',Standing,None,'DRIVEWAY ACCESS MARKED CROSSWALK',No,None,0.588615,0.979084,'Suspected Minor Injury'
MONTGOMERY,42594,12.333,County,Pedestrian,'Single Vehicle',Clear,Dry,Daylight,'TRAFFIC SIGNAL','None Detected','None Detected','Cross/Enter at Intersection',None,'AT AT INTERSECTION MARKED CROSSWALK',No,None,0.509186,0.948075,'Suspected Minor Injury'
GAITHERSBURG,44072,20.05,Municipality,Pedestrian,'Single Vehicle',Clear,Dry,'Dark - Lighted','STOP SIGN','None Detected','None Detected','Cross/Enter at Intersection',None,'AT AT INTERSECTION MARKED CROSSWALK',No,None,0.673365,0.870997,'No Apparent Injury'
ROCKVILLE,43453,8.55,Municipality,Pedestrian,'Single Vehicle',Clear,Dry,Daylight,'NO CONTROLS','None Detected','None Detected','Cross/Enter at Intersection',None,'ON ROADWAY AT CROSSWALK',No,None,0.624711,0.89055,'Suspected Minor Injury'
MONTGOMERY,43046,17.433,Municipality,Pedestrian,'Single Vehicle',Rain,Wet,'Dark - Lighted','TRAFFIC SIGNAL','None Detected','None Detected','Cross/Enter at Intersection',None,'ON ROADWAY AT CROSSWALK',No,None,0.612621,0.893008,'Suspected Serious Injury'
MONTGOMERY,44894,6.5,County,Pedestrian,'Single Vehicle',Clear,Dry,Dawn,'TRAFFIC SIGNAL','None Detected','None Detected','Cross/Enter at Intersection',None,'ON ROADWAY AT CROSSWALK',No,None,0.658183,0.886995,'Suspected Minor Injury'
MONTGOMERY,42470,12.167,'Maryland (State)',Bicyclist,'HEAD ON LEFT TURN',Clear,Dry,Daylight,'NO CONTROLS','None Detected','None Detected','Cross/Enter Not at Intersection',None,'ON ROADWAY NOT AT CROSSWALK',No,Yes,0.629988,0.831787,'Possible Injury'
MONTGOMERY,42248,17.55,'Maryland (State)',Pedestrian,'STRAIGHT MOVEMENT ANGLE',Clear,Dry,Daylight,'TRAFFIC SIGNAL','None Detected','None Detected','Cross/Enter at Intersection',None,'ON ROADWAY AT CROSSWALK',No,None,0.535468,0.941046,'Possible Injury'
MONTGOMERY,44854,19.067,County,Bicyclist,'HEAD ON LEFT TURN',Clear,Dry,'Dark - Lighted','NO CONTROLS','None Detected','None Detected','Cross/Enter at Intersection',None,'AT INTERSECTION BUT NO CROSSWALK',No,None,0.522189,0.96936,'Suspected Minor Injury'
MONTGOMERY,45420,21,Municipality,Pedestrian,'Single Vehicle',Clear,Dry,'Dark - Lighted','NO CONTROLS','None Detected','None Detected','Cross/Enter at Intersection',None,SIDEWALK,No,None,0.64118,0.884593,'Suspected Minor Injury'
MONTGOMERY,42027,7.25,'Maryland (State)',Bicyclist,'HEAD ON LEFT TURN',Clear,Wet,Dawn,'NO CONTROLS','None Detected','None Detected','Walking/Riding w/Traffic',None,'ON ROADWAY AT CROSSWALK',No,Yes,0.754444,0.897869,'Suspected Minor Injury'
MONTGOMERY,42183,11.333,County,Bicyclist,'STRAIGHT MOVEMENT ANGLE',Clear,Dry,Daylight,'TRAFFIC SIGNAL','None Detected','None Detected','Walking/Cycling on Sidewalk','FAILURE TO YIELD RIGHT OF WAY','ON ROADWAY AT CROSSWALK',No,None,0.614749,0.934664,'Suspected Minor Injury'
MONTGOMERY,42125,19.083,'Maryland (State)',Pedestrian,'STRAIGHT MOVEMENT ANGLE',Clear,Dry,Daylight,'TRAFFIC SIGNAL','None Detected','None Detected','Cross/Enter at Intersection',None,'ON ROADWAY AT CROSSWALK',No,None,0.55526,0.937894,'Possible Injury'
MONTGOMERY,42423,9.4,County,Pedestrian,'ANGLE MEETS LEFT TURN',Rain,Wet,Daylight,'TRAFFIC SIGNAL','None Detected','None Detected','Cross/Enter at Intersection',None,'ON ROADWAY AT CROSSWALK',No,None,0.499826,0.950134,'Suspected Minor Injury'
MONTGOMERY,42572,17.717,' Public Roadway',Bicyclist,'Single Vehicle',Clear,Dry,Daylight,'NO CONTROLS','None Detected','None Detected','Cross/Enter at Intersection','FAILURE TO YIELD RIGHT OF WAY','ON ROADWAY AT CROSSWALK',Yes,None,0.742076,0.850497,'Possible Injury'
GAITHERSBURG,42851,14.75,County,Pedestrian,'Single Vehicle',Clear,Dry,Daylight,'STOP SIGN','None Detected','None Detected','Cross/Enter at Intersection',None,'AT AT INTERSECTION MARKED CROSSWALK',No,None,0.657783,0.879196,'Possible Injury'
MONTGOMERY,42241,21.05,County,Bicyclist,'Single Vehicle',Clear,Dry,'Dark - Lighted','TRAFFIC SIGNAL','None Detected','None Detected','Cross/Enter at Intersection',None,'ON ROADWAY AT CROSSWALK',No,None,0.70542,0.870615,'Suspected Minor Injury'
MONTGOMERY,44644,13.583,County,Pedestrian,'STRAIGHT MOVEMENT ANGLE',Cloudy,Dry,Daylight,'STOP SIGN','None Detected','None Detected','Cross/Enter at Intersection',None,'ON ROADWAY AT CROSSWALK',No,None,0.453989,0.915908,'Suspected Minor Injury'
MONTGOMERY,44650,20.183,County,Pedestrian,'STRAIGHT MOVEMENT ANGLE',Clear,Dry,'Dark - Not Lighted','NO CONTROLS','None Detected','None Detected','Cross/Enter Not at Intersection',Dart/Dash,'ON ROADWAY NOT AT CROSSWALK',Yes,None,0.576949,0.926541,'Suspected Serious Injury'
MONTGOMERY,44690,17.083,'Maryland (State)',Bicyclist,'Single Vehicle',Clear,Dry,Daylight,'TRAFFIC SIGNAL','None Detected','None Detected','Cross/Enter Not at Intersection',Dart/Dash,'ON ROADWAY NOT AT CROSSWALK',Yes,Yes,0.536803,0.90622,'Suspected Serious Injury'
MONTGOMERY,43836,7,'Maryland (State)',Pedestrian,'Single Vehicle',Clear,Dry,'Dark - Lighted','NO CONTROLS','None Detected','None Detected','Walking to/from school',None,'DRIVEWAY ACCESS MARKED CROSSWALK',No,None,0.617038,0.940729,'Possible Injury'
MONTGOMERY,44753,18.45,County,Pedestrian,'HEAD ON LEFT TURN',Clear,Dry,Daylight,'TRAFFIC SIGNAL','None Detected','None Detected','Cross/Enter at Intersection',None,'ON ROADWAY AT CROSSWALK',No,None,0.563121,0.91445,'Suspected Minor Injury'
MONTGOMERY,44397,23.317,County,Pedestrian,'Single Vehicle',Clear,Dry,'Dark - Lighted','STOP SIGN','None Detected','None Detected',Standing,None,SHOULDER,No,Yes,0.574781,0.934912,'Possible Injury'
MONTGOMERY,42130,14.25,County,Pedestrian,'Single Vehicle',Clear,Dry,Daylight,'NO CONTROLS','None Detected','None Detected',' Working',None,'ON ROADWAY NOT AT CROSSWALK',No,None,0.566908,0.906153,'Suspected Serious Injury'
MONTGOMERY,42955,14,County,Pedestrian,'Single Vehicle',Cloudy,Dry,Daylight,'NO CONTROLS','None Detected','None Detected',Standing,'NOT VISIBLE',CURB,No,Yes,0.70826,0.865681,'Possible Injury'
TAKOMA,43279,8.5,County,Pedestrian,'Single Vehicle',Clear,Dry,Daylight,'NO CONTROLS','None Detected','None Detected',Standing,None,'ON ROADWAY AT CROSSWALK',No,None,0.495617,0.967056,'Suspected Minor Injury'
MONTGOMERY,43320,16.75,'Maryland (State)',Pedestrian,'Single Vehicle',Clear,Dry,Daylight,'TRAFFIC SIGNAL','None Detected','None Detected','Cross/Enter Not at Intersection',Dart/Dash,'ON ROADWAY NOT AT CROSSWALK',Yes,None,0.534441,0.95441,'Suspected Minor Injury'
MONTGOMERY,43390,5.55,'Maryland (State)',Pedestrian,'Single Vehicle',Clear,Dry,'Dark - Lighted','NO CONTROLS','None Detected','None Detected','Cross/Enter at Intersection','IN ROADWAY IMPROPERLY','ON ROADWAY NOT AT CROSSWALK',Yes,None,0.678401,0.896975,'Suspected Minor Injury'
GAITHERSBURG,43691,17.167,County,Pedestrian,'Single Vehicle',Clear,Dry,Daylight,'NO CONTROLS','None Detected','None Detected','Cross/Enter at Intersection',None,'AT INTERSECTION BUT NO CROSSWALK',No,None,0.641191,0.878527,'Suspected Minor Injury'
ROCKVILLE,43603,15.183,Municipality,Pedestrian,'Single Vehicle',Clear,Dry,Daylight,'NO CONTROLS','None Detected','None Detected','Cross/Enter at Intersection',None,'ON ROADWAY NOT AT CROSSWALK',No,None,0.607219,0.901917,'Suspected Minor Injury'
MONTGOMERY,43854,10.417,'Maryland (State)',Pedestrian,'Single Vehicle',Clear,Dry,'Dark - Lighted','TRAFFIC SIGNAL','None Detected','None Detected','Cross/Enter at Intersection',None,'AT AT INTERSECTION MARKED CROSSWALK',No,None,0.558245,0.939572,'No Apparent Injury'
ROCKVILLE,42991,8.917,Municipality,Pedestrian,'Single Vehicle',Rain,Wet,Daylight,'NO CONTROLS','None Detected','None Detected','Cross/Enter Not at Intersection',Dart/Dash,'OUTSIDE RIGHT OF WAY',Yes,None,0.600396,0.890987,'Suspected Minor Injury'
MONTGOMERY,42172,14.383,'Maryland (State)',' CONVEYANCE','STRAIGHT MOVEMENT ANGLE',Cloudy,Dry,Daylight,'TRAFFIC SIGNAL','None Detected','None Detected','Cross/Enter at Intersection','IN ROADWAY IMPROPERLY','ON ROADWAY NOT AT CROSSWALK',No,None,0.536352,0.970706,'Suspected Serious Injury'
MONTGOMERY,42368,22.5,County,Bicyclist,'STRAIGHT MOVEMENT ANGLE',Rain,Wet,'Dark - Lighted','TRAFFIC SIGNAL','None Detected','None Detected','Walking/Cycling on Sidewalk',None,'ON ROADWAY AT CROSSWALK',No,None,0.607184,0.98291,'Possible Injury'
MONTGOMERY,43074,18.75,'Maryland (State)',Pedestrian,'Single Vehicle',Rain,Wet,'Dark - Lighted','TRAFFIC SIGNAL','None Detected','None Detected','Cross/Enter at Intersection',Dart/Dash,'ON ROADWAY AT CROSSWALK',Yes,None,0.516405,0.911869,'Suspected Minor Injury'
MONTGOMERY,45349,9.15,County,Pedestrian,'Single Vehicle',Clear,Dry,Daylight,'NO CONTROLS','None Detected','None Detected','Cross/Enter at Intersection',None,'ON ROADWAY AT CROSSWALK',No,None,0.709228,0.843973,'Suspected Minor Injury'
MONTGOMERY,42661,9.5,County,Pedestrian,'Single Vehicle',Clear,Dry,Daylight,'NO CONTROLS','None Detected','None Detected','Cross/Enter at Intersection',None,'ON ROADWAY AT CROSSWALK',Yes,None,0.495985,0.950428,'Possible Injury'
ROCKVILLE,42685,19.867,'Maryland (State)',Pedestrian,'Single Vehicle',Clear,Dry,'Dark - Lighted','TRAFFIC SIGNAL','None Detected','None Detected','Cross/Enter at Intersection',None,'AT AT INTERSECTION MARKED CROSSWALK',No,None,0.604925,0.894988,'Suspected Minor Injury'
MONTGOMERY,43395,17.75,County,Pedestrian,'Single Vehicle',Clear,Dry,Daylight,'NO CONTROLS','None Detected','None Detected','Cross/Enter at Intersection','IN ROADWAY IMPROPERLY','ON ROADWAY NOT AT CROSSWALK',Yes,None,0.510624,0.964807,'Possible Injury'
GAITHERSBURG,44106,10.5,County,Pedestrian,'Single Vehicle',Clear,Dry,Daylight,'NO CONTROLS','None Detected','None Detected','Walking/Cycling on Sidewalk',None,SIDEWALK,No,None,0.676774,0.871809,'Possible Injury'
MONTGOMERY,42710,23.667,County,Bicyclist,'STRAIGHT MOVEMENT ANGLE',Rain,Wet,'Dark - Lighted','NO CONTROLS','None Detected','None Detected','Walking/Riding w/Traffic',None,'ON ROADWAY NOT AT CROSSWALK',No,None,0.59896,0.979434,'Suspected Minor Injury'
MONTGOMERY,44803,15.883,County,Pedestrian,'Single Vehicle',Rain,Wet,Daylight,'STOP SIGN','None Detected','None Detected','Approach/Leaving Schoolbus',None,'IN SCHOOL BUS ZONE',No,None,0.696229,0.871196,'Suspected Serious Injury'
MONTGOMERY,43329,14.717,'Maryland (State)',Bicyclist,'Single Vehicle',Clear,Dry,Daylight,'TRAFFIC SIGNAL','None Detected','None Detected','Walking/Cycling on Sidewalk','IN ROADWAY IMPROPERLY','AT AT INTERSECTION MARKED CROSSWALK',Yes,Yes,0.69545,0.837597,'Suspected Minor Injury'
MONTGOMERY,44649,8,County,Pedestrian,'Single Vehicle',Clear,Dry,Daylight,'NO CONTROLS','None Detected','None Detected','Cross/Enter at Intersection',None,SIDEWALK,No,None,0.541282,0.964604,'Possible Injury'
MONTGOMERY,42779,19,' Public Roadway',Pedestrian,'Single Vehicle',Clear,Dry,'Dark - Lighted','NO CONTROLS','None Detected','None Detected','Cross/Enter at Intersection',None,'ON ROADWAY AT CROSSWALK',No,None,0.578619,0.939828,'No Apparent Injury'
MONTGOMERY,42968,9.5,'Maryland (State)',Pedestrian,'Single Vehicle',Clear,Dry,Daylight,'TRAFFIC SIGNAL','None Detected','None Detected','Cross/Enter at Intersection',None,'AT AT INTERSECTION MARKED CROSSWALK',No,None,0.541566,0.951779,'Suspected Minor Injury'
MONTGOMERY,42312,17.583,County,Pedestrian,'Single Vehicle',Clear,Dry,Dusk,'TRAFFIC SIGNAL','None Detected','None Detected','Walking to/from school','FAILURE TO OBEY TRAFFIC SIGNS SIGNALS OR OFFICER','AT AT INTERSECTION MARKED CROSSWALK',Yes,None,0.721705,0.84012,'Suspected Minor Injury'
ROCKVILLE,42373,17.6,Municipality,Pedestrian,'Single Vehicle',Clear,Dry,'Dark - Lighted','TRAFFIC SIGNAL','None Detected','None Detected','Cross/Enter at Intersection',Dart/Dash,'ON ROADWAY NOT AT CROSSWALK',Yes,None,0.615142,0.893027,'Possible Injury'
MONTGOMERY,42053,7.35,County,Pedestrian,'Single Vehicle',Clear,Slush,Daylight,'NO CONTROLS','None Detected','None Detected','Cross/Enter at Intersection',None,'ON ROADWAY AT CROSSWALK',No,None,0.688252,0.872108,'Suspected Minor Injury'
MONTGOMERY,42895,16.5,'Maryland (State)',Bicyclist,'STRAIGHT MOVEMENT ANGLE',Clear,Dry,Daylight,'NO CONTROLS','None Detected','None Detected','Walking/Riding w/Traffic',None,'ON ROADWAY NOT AT CROSSWALK',No,Yes,0.496896,0.926659,'Suspected Minor Injury'
ROCKVILLE,44832,8.75,Municipality,Bicyclist,'HEAD ON LEFT TURN',Clear,Dry,Daylight,'NO CONTROLS','None Detected','None Detected','Walking/Cycling on Sidewalk',None,'AT INTERSECTION BUT NO CROSSWALK',No,Yes,0.644891,0.880573,'Suspected Serious Injury'
MONTGOMERY,45618,13.167,County,Pedestrian,'Single Vehicle',Cloudy,Dry,Daylight,'TRAFFIC SIGNAL','None Detected','None Detected','Walking/Riding w/Traffic',None,'AT AT INTERSECTION MARKED CROSSWALK',No,None,0.562804,0.912599,'Suspected Minor Injury'
GAITHERSBURG,44690,14,County,Pedestrian,'Single Vehicle',Clear,Dry,Daylight,'NO CONTROLS','None Detected','None Detected','Cross/Enter at Intersection',Dart/Dash,'ON ROADWAY AT CROSSWALK',Yes,None,0.698445,0.861346,'Possible Injury'
MONTGOMERY,44166,16,County,Pedestrian,'Single Vehicle',Clear,Dry,Daylight,'NO CONTROLS','None Detected','None Detected','Cross/Enter Not at Intersection',None,'ON ROADWAY NOT AT CROSSWALK',No,None,0.552071,0.940068,'Suspected Minor Injury'
MONTGOMERY,44217,18.5,County,Bicyclist,'Single Vehicle',Clear,Dry,'Dark - Lighted','STOP SIGN','None Detected','None Detected','Cross/Enter at Intersection',None,'ON ROADWAY AT CROSSWALK',No,None,0.576977,0.926494,'Possible Injury'
MONTGOMERY,42144,19.983,County,Pedestrian,'Single Vehicle',Clear,Dry,Dusk,'NO CONTROLS','None Detected','None Detected',Playing,Inattentive,'ON ROADWAY AT CROSSWALK',No,None,0.556236,0.964113,'No Apparent Injury'
TAKOMA,42307,16.25,'Maryland (State)',Pedestrian,'Single Vehicle',Clear,Dry,Daylight,'NO CONTROLS','None Detected','None Detected','Cross/Enter at Intersection',None,'ON ROADWAY AT CROSSWALK',No,None,0.498499,0.966071,'Suspected Minor Injury'
MONTGOMERY,42012,18,Municipality,Pedestrian,'Single Vehicle',Clear,Dry,'Dark - Lighted','STOP SIGN','None Detected','None Detected','Cross/Enter at Intersection',None,'ON ROADWAY AT CROSSWALK',No,None,0.469098,0.921852,'Suspected Minor Injury'
MONTGOMERY,45372,16.05,County,Pedestrian,'Single Vehicle',Clear,Dry,Daylight,'NO CONTROLS','None Detected','None Detected','Cross/Enter Not at Intersection',Inattentive,'ON ROADWAY NOT AT CROSSWALK',Yes,None,0.502055,0.915339,'Possible Injury'
GAITHERSBURG,42525,17.533,'Maryland (State)',Pedestrian,'Single Vehicle',Clear,Dry,Daylight,'NO CONTROLS','None Detected','ALCOHOL CONTRIBUTED','Cross/Enter Not at Intersection',Dart/Dash,SIDEWALK,Yes,None,0.693265,0.865074,'Possible Injury'
MONTGOMERY,44515,13.783,County,Pedestrian,'STRAIGHT MOVEMENT ANGLE',Clear,Dry,Daylight,'NO CONTROLS','None Detected','None Detected','Cross/Enter at Intersection',None,'ON ROADWAY AT CROSSWALK',No,None,0.551349,0.93687,'No Apparent Injury'
MONTGOMERY,44785,8.683,County,Pedestrian,'Single Vehicle',Clear,Dry,Daylight,'NO CONTROLS','None Detected','None Detected','Cross/Enter at Intersection',None,'ON ROADWAY AT CROSSWALK',No,None,0.690819,0.868136,'No Apparent Injury'
MONTGOMERY,43472,7.917,County,Pedestrian,'STRAIGHT MOVEMENT ANGLE',Cloudy,Dry,Daylight,'NO CONTROLS','None Detected','None Detected','Cross/Enter at Intersection',Inattentive,'ON ROADWAY AT CROSSWALK',Yes,None,0.580978,0.938001,'Possible Injury'
MONTGOMERY,42818,10.067,'Maryland (State)',Pedestrian,'Single Vehicle',Rain,Wet,Daylight,'TRAFFIC SIGNAL','None Detected','None Detected','Cross/Enter at Intersection',None,'AT AT INTERSECTION MARKED CROSSWALK',No,None,0.494738,0.918582,'Possible Injury'
GAITHERSBURG,42959,23.633,County,Pedestrian,'Single Vehicle',Clear,Dry,'Dark - Lighted','NO CONTROLS','None Detected','None Detected',Standing,None,'ON ROADWAY AT CROSSWALK',No,None,0.695089,0.864005,'Suspected Minor Injury'
MONTGOMERY,42029,21.067,County,Pedestrian,'Single Vehicle',Clear,Dry,'Dark - Lighted','TRAFFIC SIGNAL','None Detected','None Detected','Cross/Enter at Intersection',None,'ON ROADWAY AT CROSSWALK',No,None,0.491461,0.919461,'Suspected Minor Injury'
MONTGOMERY,43707,12.183,County,Pedestrian,'Single Vehicle',Clear,Dry,Daylight,'NO CONTROLS','None Detected','ALCOHOL PRESENT',Standing,'NOT VISIBLE','ON ROADWAY AT CROSSWALK',No,None,0.508496,0.959533,'Suspected Minor Injury'
GAITHERSBURG,45495,17.017,County,' CONVEYANCE','Single Vehicle',Clear,Dry,Daylight,'NO CONTROLS','None Detected','None Detected','Walking/Riding w/Traffic',None,'ON ROADWAY NOT AT CROSSWALK',No,None,0.677174,0.875928,'Suspected Minor Injury'
MONTGOMERY,42319,17.5,County,Pedestrian,'Single Vehicle',Clear,Dry,Dusk,'NO CONTROLS','None Detected','None Detected','Cross/Enter Not at Intersection','NOT VISIBLE','ON ROADWAY AT CROSSWALK',Yes,None,0.559515,0.966409,'Possible Injury'
MONTGOMERY,42422,11.3,County,Pedestrian,'Single Vehicle',Clear,Dry,Daylight,'NO CONTROLS','None Detected','None Detected','Cross/Enter at Intersection',None,'ON ROADWAY AT CROSSWALK',No,None,0.679793,0.937733,'Possible Injury'
ROCKVILLE,43905,12.417,'Maryland (State)',Pedestrian,'Single Vehicle',Clear,Dry,Daylight,'TRAFFIC SIGNAL','None Detected','None Detected','Cross/Enter at Intersection',None,'AT AT INTERSECTION MARKED CROSSWALK',No,None,0.606743,0.896128,'Suspected Minor Injury'
GAITHERSBURG,43368,10.733,'Maryland (State)',Pedestrian,'Single Vehicle',Rain,Wet,Daylight,'YIELD SIGN','None Detected','None Detected','Cross/Enter at Intersection',None,'ON ROADWAY AT CROSSWALK',No,None,0.653066,0.881309,'Suspected Minor Injury'
MONTGOMERY,45331,6.433,'Maryland (State)',Pedestrian,'Single Vehicle',Cloudy,Dry,'Dark - Lighted','TRAFFIC SIGNAL','None Detected','None Detected','Cross/Enter at Intersection',Inattentive,'ON ROADWAY AT CROSSWALK',Yes,None,0.565473,0.910966,'Suspected Minor Injury'
MONTGOMERY,42217,9.9,'Maryland (State)',Bicyclist,'Single Vehicle',Clear,Dry,Daylight,'TRAFFIC SIGNAL','None Detected','None Detected','Cross/Enter at Intersection',None,'AT AT INTERSECTION MARKED CROSSWALK',No,Yes,0.572285,0.938363,'Possible Injury'
ROCKVILLE,43304,14.167,County,Pedestrian,'Single Vehicle',Clear,Dry,Daylight,'NO CONTROLS','None Detected','None Detected','Cross/Enter at Intersection',None,SIDEWALK,No,None,0.585436,0.905,'Suspected Serious Injury'
ROCKVILLE,43621,14.5,'Maryland (State)',Pedestrian,'Single Vehicle',Clear,Dry,Daylight,'NO CONTROLS','None Detected','None Detected','Cross/Enter Not at Intersection','FAILURE TO YIELD RIGHT OF WAY','ON ROADWAY NOT AT CROSSWALK',Yes,None,0.639598,0.889426,'Suspected Serious Injury'
MONTGOMERY,44063,11.417,'Maryland (State)',Pedestrian,'Single Vehicle',Clear,Dry,Daylight,'TRAFFIC SIGNAL','None Detected','None Detected','Cross/Enter at Intersection',None,'AT AT INTERSECTION MARKED CROSSWALK',No,None,0.571685,0.938174,'Suspected Minor Injury'
MONTGOMERY,43274,21.25,County,Pedestrian,'Single Vehicle',Clear,Dry,'Dark - Lighted','NO CONTROLS','None Detected','None Detected','Cross/Enter Not at Intersection',Dart/Dash,'ON ROADWAY NOT AT CROSSWALK',Yes,None,0.604894,0.985048,'Suspected Serious Injury'