'Agency Name','Days after Jan 1','Hours past Midnight','Route Type','Related Non-Motorist','Collision Type',Weather,'Surface Condition',Light,'Traffic Control','Driver Substance Abuse','Non-Motorist Substance Abuse','Pedestrian Movement','Pedestrian Actions','Pedestrian Location','At Fault','Safety Equipment','Lat- Normalized','Long- Normalized','Injury Severity'
MONTGOMERY,43162,16,County,Pedestrian,'Single Vehicle',Clear,Dry,Daylight,'NO CONTROLS','None Detected','None Detected','Cross/Enter at Intersection',None,SIDEWALK,No,None,0.615633,0.927106,'Possible Injury'
GAITHERSBURG,45606,18.833,County,Pedestrian,'Single Vehicle',Clear,Dry,'Dark - Lighted','NO CONTROLS','None Detected','None Detected','Cross/Enter at Intersection','IN ROADWAY IMPROPERLY',SIDEWALK,Yes,None,0.643029,0.873672,'Suspected Minor Injury'
MONTGOMERY,44847,21.7,'Maryland (State)',Pedestrian,'Single Vehicle',Rain,Wet,'Dark - Lighted','TRAFFIC SIGNAL','None Detected','None Detected','Cross/Enter at Intersection',None,'ON ROADWAY AT CROSSWALK',No,None,0.503695,0.946535,'Suspected Minor Injury'
MONTGOMERY,42299,6.017,'US (State)',Pedestrian,'Single Vehicle',Clear,Dry,'Dark - Lighted','NO CONTROLS','None Detected','None Detected','Cross/Enter at Intersection','IN ROADWAY IMPROPERLY','ON ROADWAY AT CROSSWALK',Yes,None,0.557762,0.96234,'Fatal Injury'
MONTGOMERY,43308,15.333,County,Bicyclist,'Single Vehicle',Clear,Dry,Daylight,'TRAFFIC SIGNAL','None Detected','None Detected','Walking/Riding w/Traffic',None,'ON ROADWAY AT CROSSWALK',No,None,0.727127,0.849803,'Suspected Minor Injury'
MONTGOMERY,45497,21.267,'US (State)',' CONVEYANCE','HEAD ON',Clear,Dry,'Dark - Lighted','TRAFFIC SIGNAL','None Detected','None Detected','Cross/Enter at Intersection',None,CURB,No,None,0.53881,0.955783,'No Apparent Injury'
MONTGOMERY,44789,11.667,'Maryland (State)',Pedestrian,'Single Vehicle',Clear,Dry,Daylight,'NO CONTROLS','None Detected','None Detected','Walking/Cycling on Sidewalk',None,SIDEWALK,No,None,0.606364,0.926449,'Possible Injury'
MONTGOMERY,44361,8.65,County,Pedestrian,'Single Vehicle',Clear,Dry,Daylight,PERSON,'None Detected','None Detected',' Working',None,'DRIVEWAY ACCESS MARKED CROSSWALK',No,Yes,0.525932,0.910753,'Suspected Minor Injury'
MONTGOMERY,44479,14.583,County,Pedestrian,'Single Vehicle',Cloudy,Dry,Daylight,'NO CONTROLS','None Detected','None Detected','Walking/Riding w/Traffic',None,SHOULDER,No,None,0.575698,0.871645,'Suspected Serious Injury'
MONTGOMERY,43167,7.567,County,Pedestrian,'STRAIGHT MOVEMENT ANGLE',Clear,Dry,Daylight,'NO CONTROLS','None Detected','None Detected','Walking to/from school',Dart/Dash,'ON ROADWAY NOT AT CROSSWALK',Yes,None,0.564128,0.886332,'Possible Injury'
MONTGOMERY,43865,23.833,'Maryland (State)',Pedestrian,'STRAIGHT MOVEMENT ANGLE',Rain,Wet,'Dark - Lighted','NO CONTROLS','None Detected','None Detected','Cross/Enter at Intersection',None,'ON ROADWAY AT CROSSWALK',No,None,0.529392,0.970593,'Suspected Minor Injury'
MONTGOMERY,43685,18,Municipality,' CONVEYANCE','STRAIGHT MOVEMENT ANGLE',Clear,Dry,Daylight,'STOP SIGN','None Detected','None Detected','Cross/Enter at Intersection',None,'AT INTERSECTION BUT NO CROSSWALK',No,Yes,0.596409,0.911656,'Suspected Minor Injury'
MONTGOMERY,42502,5.583,'Maryland (State)','IN ANIMAL-DRAWN VEH','STRAIGHT MOVEMENT ANGLE',Foggy,Dry,Dawn,'NO CONTROLS','None Detected','None Detected','Cross/Enter at Intersection',Dart/Dash,SHOULDER,No,None,0.811314,0.894718,'No Apparent Injury'
ROCKVILLE,43734,15.433,Municipality,Bicyclist,'Single Vehicle',Clear,Dry,Daylight,'STOP SIGN','None Detected','None Detected','Cross/Enter at Intersection',None,'ON ROADWAY AT CROSSWALK',No,None,0.620633,0.876055,'No Apparent Injury'
MONTGOMERY,43322,20.75,County,Pedestrian,'Single Vehicle',Clear,Dry,'Dark - Lighted','NO CONTROLS','None Detected','None Detected','Cross/Enter at Intersection',None,'ON ROADWAY AT CROSSWALK',No,None,0.612957,0.990027,'No Apparent Injury'
GAITHERSBURG,44505,17.2,'Maryland (State)',Pedestrian,'Single Vehicle',Clear,Dry,Daylight,'TRAFFIC SIGNAL','None Detected','None Detected','Cross/Enter at Intersection',None,'ON ROADWAY AT CROSSWALK',No,None,0.674383,0.86334,'No Apparent Injury'
MONTGOMERY,45542,13.483,'Maryland (State)',Pedestrian,'Single Vehicle',Cloudy,Dry,Daylight,'NO CONTROLS','None Detected','None Detected','Cross/Enter at Intersection','FAILURE TO OBEY TRAFFIC SIGNS SIGNALS OR OFFICER','ON ROADWAY AT CROSSWALK',Yes,None,0.489633,0.919935,'Suspected Minor Injury'
MONTGOMERY,43617,22.45,County,Pedestrian,'Single Vehicle',Clear,Dry,'Dark - Lighted','TRAFFIC SIGNAL','None Detected','None Detected','Cross/Enter at Intersection',None,'AT AT INTERSECTION MARKED CROSSWALK',No,None,0.711906,0.849018,'Suspected Minor Injury'
MONTGOMERY,42878,19.383,County,Pedestrian,'Single Vehicle',Rain,Dry,'Dark - Lighted','NO CONTROLS','None Detected','None Detected','Cross/Enter at Intersection',None,'ON ROADWAY AT CROSSWALK',No,None,0.512004,0.964317,'Suspected Minor Injury'
MONTGOMERY,42516,20.033,County,Bicyclist,'HEAD ON LEFT TURN',Clear,Dry,Daylight,'TRAFFIC SIGNAL','None Detected','None Detected','Cross/Enter at Intersection',None,'ON ROADWAY AT CROSSWALK',No,Yes,0.510678,0.956022,'No Apparent Injury'
MONTGOMERY,44150,16.5,'Maryland (State)',Bicyclist,'STRAIGHT MOVEMENT ANGLE',Cloudy,Dry,Daylight,'TRAFFIC SIGNAL','None Detected','None Detected','Cross/Enter at Intersection',None,'ON ROADWAY AT CROSSWALK',No,None,0.516473,0.917919,'Suspected Minor Injury'
MONTGOMERY,42797,5.583,County,Pedestrian,'Single Vehicle',Clear,Wet,'Dark - Lighted','NO CONTROLS','None Detected','None Detected','Cross/Enter Not at Intersection','FAILURE TO YIELD RIGHT OF WAY','ON ROADWAY NOT AT CROSSWALK',Yes,None,0.614788,0.939609,'Possible Injury'
MONTGOMERY,44848,18.533,'Maryland (State)',Pedestrian,'Single Vehicle',Clear,Dry,'Dark - Not Lighted','NO CONTROLS','None Detected','ALCOHOL PRESENT','Walking/Riding w/Traffic',Dart/Dash,'ON ROADWAY NOT AT CROSSWALK',Yes,None,0.691781,0.954569,'Suspected Serious Injury'
MONTGOMERY,44581,14.5,'Maryland (State)',Bicyclist,'SAME DIRECTION SIDESWIPE',Cloudy,Wet,Daylight,'TRAFFIC SIGNAL','None Detected','None Detected','Cross/Enter at Intersection',None,'ON ROADWAY AT CROSSWALK',No,Yes,0.504423,0.946921,'No Apparent Injury'
TAKOMA,44629,7.533,County,Pedestrian,'Single Vehicle',Rain,Wet,Daylight,'SCHOOL ZONE SIGN DEVICE','None Detected','None Detected','Walking to/from school',None,'ON ROADWAY AT CROSSWALK',No,None,0.494971,0.954714,'Possible Injury'
MONTGOMERY,42767,17.517,County,Pedestrian,'Single Vehicle',Clear,Dry,Dusk,'TRAFFIC SIGNAL','None Detected','None Detected','Cross/Enter at Intersection',None,'ON ROADWAY AT CROSSWALK',No,None,0.492863,0.920023,'Suspected Minor Injury'
MONTGOMERY,44415,20.933,'Maryland (State)',Pedestrian,'SAME DIRECTION LEFT TURN',Clear,Dry,'Dark - Lighted','TRAFFIC SIGNAL','None Detected','None Detected','Walking/Riding w/Traffic',None,'AT AT INTERSECTION MARKED CROSSWALK',No,None,0.493675,0.920042,'Suspected Minor Injury'
MONTGOMERY,43005,9.433,County,Pedestrian,'Single Vehicle',Clear,Dry,Daylight,'TRAFFIC SIGNAL','None Detected','None Detected','Cross/Enter at Intersection','FAILURE TO OBEY TRAFFIC SIGNS SIGNALS OR OFFICER','ON ROADWAY AT CROSSWALK',Yes,None,0.508822,0.931588,'Suspected Minor Injury'
MONTGOMERY,43581,15.267,County,Pedestrian,'Single Vehicle',Rain,Wet,Daylight,'TRAFFIC SIGNAL','None Detected','None Detected','Cross/Enter at Intersection',None,'ON ROADWAY AT CROSSWALK',No,None,0.510681,0.948416,'Possible Injury'
'Maryland-National Capital',44068,7.883,Government,Bicyclist,'ANGLE MEETS RIGHT TURN',Clear,Dry,Daylight,'STOP SIGN','None Detected','None Detected','Walking/Riding w/Traffic',None,'AT INTERSECTION BUT NO CROSSWALK',No,Yes,0.552549,0.923462,'Possible Injury'
'Maryland-National Capital',42191,10.183,'Maryland (State)',Pedestrian,'Single Vehicle',Clear,Dry,Daylight,'TRAFFIC SIGNAL','None Detected','None Detected','Cross/Enter at Intersection',None,'ON ROADWAY AT CROSSWALK',Yes,None,0.595492,0.957418,'Suspected Minor Injury'
MONTGOMERY,44193,13.85,'US (State)',Pedestrian,'Single Vehicle',Clear,Dry,Daylight,'NO CONTROLS','None Detected','None Detected','Getting off/on Vehicle','ENTERING EXITING PARKED STANDING VEHICLE','ON ROADWAY AT CROSSWALK',Yes,None,0.541314,0.956016,'Suspected Minor Injury'
MONTGOMERY,44474,7.417,County,' CONVEYANCE','STRAIGHT MOVEMENT ANGLE',Clear,Dry,Daylight,'STOP SIGN','None Detected','None Detected','Cross/Enter at Intersection','FAILURE TO YIELD RIGHT OF WAY','ON ROADWAY AT CROSSWALK',Yes,None,0.71377,0.843431,'Suspected Minor Injury'
MONTGOMERY,45584,15.9,'Maryland (State)',Pedestrian,'Single Vehicle',Clear,Dry,Daylight,'TRAFFIC SIGNAL','None Detected','None Detected','Cross/Enter at Intersection',Dart/Dash,'ON ROADWAY AT CROSSWALK',Yes,None,0.504041,0.938034,'Suspected Minor Injury'
MONTGOMERY,42600,13,County,Bicyclist,'Single Vehicle',Clear,Dry,Daylight,'TRAFFIC SIGNAL','None Detected','None Detected','Cross/Enter at Intersection',None,'ON ROADWAY AT CROSSWALK',No,Yes,0.738371,0.852783,'Possible Injury'
MONTGOMERY,43343,9.917,County,Pedestrian,'Single Vehicle',Clear,Dry,Daylight,'TRAFFIC SIGNAL','None Detected','None Detected',' Working',None,'ON ROADWAY NOT AT CROSSWALK',Yes,Yes,0.576194,0.889555,'Suspected Minor Injury'
MONTGOMERY,44005,15.2,County,Bicyclist,'Single Vehicle',Clear,Dry,Daylight,'NO CONTROLS','None Detected','None Detected',Playing,'FAILURE TO YIELD RIGHT OF WAY','ON ROADWAY AT CROSSWALK',Yes,None,0.714948,0.845143,'Suspected Minor Injury'
MONTGOMERY,44196,23.2,'US (State)',Bicyclist,'SAME DIR REAR END',Clear,Dry,'Dark - Lighted','NO CONTROLS','None Detected','None Detected','Walking/Riding w/Traffic',None,SHOULDER,No,Yes,0.546221,0.958031,'Suspected Minor Injury'
MONTGOMERY,42131,10.333,County,Pedestrian,'Single Vehicle',Clear,Dry,Daylight,'NO CONTROLS','None Detected','None Detected','Cross/Enter at Intersection',None,'INSIDE BUILDING',No,None,0.827896,0.867065,'Suspected Minor Injury'
ROCKVILLE,45534,21,County,Pedestrian,'Single Vehicle',Clear,Dry,'Dark - Lighted','NO CONTROLS','None Detected','None Detected','Cross/Enter Not at Intersection',None,'ON ROADWAY NOT AT CROSSWALK',No,None,0.596247,0.900089,'No Apparent Injury'
MONTGOMERY,42230,3.333,'Maryland (State)',Pedestrian,'Single Vehicle',Clear,Dry,'Dark - Lighted','NO CONTROLS','None Detected','ALCOHOL PRESENT','Walking/Cycling on Sidewalk',None,SIDEWALK,No,None,0.571897,0.926715,'Suspected Minor Injury'
MONTGOMERY,44448,14.417,County,Pedestrian,'Single Vehicle',Cloudy,Dry,Daylight,'NO CONTROLS','None Detected','None Detected','Cross/Enter at Intersection',None,'ON ROADWAY AT CROSSWALK',No,None,0.737219,0.849635,'Possible Injury'
MONTGOMERY,42087,17.25,'Maryland (State)',Pedestrian,'Single Vehicle',Clear,Dry,Daylight,'TRAFFIC SIGNAL','None Detected','None Detected','Cross/Enter at Intersection',None,'ON ROADWAY AT CROSSWALK',No,None,0.534775,0.906853,'Possible Injury'
MONTGOMERY,45523,20,'Maryland (State)',Bicyclist,'Single Vehicle',Clear,Dry,'Dark - Lighted','TRAFFIC SIGNAL','None Detected','None Detected','Walking/Riding against Traffic','IN ROADWAY IMPROPERLY','ON ROADWAY AT CROSSWALK',Yes,None,0.673584,0.86497,'Suspected Minor Injury'
MONTGOMERY,43455,19,County,Pedestrian,'Single Vehicle',Clear,Dry,Dusk,'NO CONTROLS','None Detected','None Detected','Walking/Cycling on Sidewalk',None,SIDEWALK,No,None,0.601507,0.928845,'Possible Injury'
MONTGOMERY,43748,5.5,County,Pedestrian,'Single Vehicle',Clear,Dry,'Dark - Not Lighted','NO CONTROLS','None Detected','None Detected',Standing,'IN ROADWAY IMPROPERLY','ON ROADWAY NOT AT CROSSWALK',Yes,None,0.662121,0.88361,'Suspected Serious Injury'
MONTGOMERY,44596,22.717,County,Pedestrian,'HEAD ON',Clear,Dry,'Dark - Not Lighted','NO CONTROLS','None Detected','None Detected','Getting off/on Vehicle','IN ROADWAY IMPROPERLY','ON ROADWAY NOT AT CROSSWALK',Yes,None,0.574012,0.923335,'Suspected Serious Injury'
MONTGOMERY,43491,0.667,County,Pedestrian,'Single Vehicle',Clear,Dry,'Dark - Lighted','NO CONTROLS','None Detected','None Detected','Cross/Enter at Intersection',None,'ON ROADWAY AT CROSSWALK',No,None,0.836026,0.871413,'Suspected Minor Injury'
MONTGOMERY,43515,7.5,County,Pedestrian,'Single Vehicle',Clear,Dry,Daylight,'STOP SIGN','None Detected','None Detected','Cross/Enter at Intersection',None,'AT INTERSECTION BUT NO CROSSWALK',No,None,0.561225,0.947678,'Suspected Minor Injury'
MONTGOMERY,45310,12.017,County,Pedestrian,'Single Vehicle',Cloudy,Wet,Daylight,'STOP SIGN','None Detected','None Detected','Cross/Enter at Intersection',None,'ON ROADWAY AT CROSSWALK',No,None,0.711358,0.846589,'Possible Injury'
MONTGOMERY,42358,19.567,'Maryland (State)',Pedestrian,'Single Vehicle',Clear,Dry,'Dark - Lighted','TRAFFIC SIGNAL','None Detected','None Detected','Cross/Enter at Intersection',None,'ON ROADWAY AT CROSSWALK',No,None,0.582468,0.906041,'Suspected Minor Injury'
MONTGOMERY,44086,15.5,County,Pedestrian,'Single Vehicle',Clear,Dry,Daylight,'NO CONTROLS','None Detected','None Detected','Push/Work on Vehicle',None,'ON ROADWAY AT CROSSWALK',No,None,0.741933,0.851247,'Possible Injury'
MONTGOMERY,45549,18.817,County,Pedestrian,'STRAIGHT MOVEMENT ANGLE',Clear,Dry,Daylight,'NO CONTROLS','None Detected','None Detected',Playing,Dart/Dash,'ON ROADWAY NOT AT CROSSWALK',Yes,None,0.559235,0.920515,'Possible Injury'
MONTGOMERY,42980,13.85,'Maryland (State)',Pedestrian,'Single Vehicle',Rain,Wet,Daylight,'NO CONTROLS','None Detected','None Detected','Cross/Enter at Intersection',None,'ON ROADWAY AT CROSSWALK',No,None,0.564779,0.876683,'No Apparent Injury'
MONTGOMERY,43059,14.233,County,Bicyclist,'SAME DIR REAR END',Clear,Dry,Daylight,'NO CONTROLS','None Detected','None Detected','Walking/Riding w/Traffic',None,SHOULDER,No,Yes,0.603828,0.850375,'Suspected Minor Injury'
MONTGOMERY,43581,22,County,Pedestrian,'Single Vehicle',Clear,Dry,'Dark - Not Lighted','NO CONTROLS','None Detected','None Detected','Cross/Enter at Intersection',None,'ON ROADWAY AT CROSSWALK',No,None,0.778658,0.92874,'Possible Injury'
MONTGOMERY,45563,7.433,Municipality,Bicyclist,'SAME DIRECTION RIGHT TURN',Clear,Dry,Daylight,'NO CONTROLS','None Detected','None Detected','Walking/Riding w/Traffic',None,'ON ROADWAY NOT AT CROSSWALK',No,Yes,0.674417,0.861844,'Suspected Serious Injury'
MONTGOMERY,43334,8,County,Bicyclist,'Single Vehicle',Clear,Dry,Daylight,'TRAFFIC SIGNAL','None Detected','None Detected','Walking/Riding w/Traffic',None,SHOULDER,No,None,0.504775,0.947249,'Suspected Minor Injury'
MONTGOMERY,44092,16.667,County,Bicyclist,'STRAIGHT MOVEMENT ANGLE',Clear,Dry,Daylight,'STOP SIGN','None Detected','None Detected','Cross/Enter at Intersection','FAILURE TO OBEY TRAFFIC SIGNS SIGNALS OR OFFICER','AT INTERSECTION BUT NO CROSSWALK',Yes,Yes,0.722981,0.916292,'Suspected Minor Injury'
MONTGOMERY,43770,6.75,County,Pedestrian,'Single Vehicle',Clear,Dry,Dawn,'STOP SIGN','None Detected','None Detected','Getting off/on Vehicle',Dart/Dash,'ON ROADWAY AT CROSSWALK',Yes,None,0.523258,0.939366,'Suspected Minor Injury'
MONTGOMERY,44091,12.15,'Maryland (State)',Bicyclist,'Single Vehicle',Clear,Dry,Daylight,'TRAFFIC SIGNAL','None Detected','None Detected','Cross/Enter at Intersection',None,SIDEWALK,No,Yes,0.574039,0.90857,'Suspected Minor Injury'
MONTGOMERY,42943,17.117,County,Pedestrian,'Single Vehicle',Clear,Dry,Daylight,'NO CONTROLS','None Detected','None Detected','Cross/Enter Not at Intersection','NOT VISIBLE','ON ROADWAY NOT AT CROSSWALK',Yes,None,0.503165,0.949271,'Possible Injury'
MONTGOMERY,42347,14.333,County,Pedestrian,'Single Vehicle',Cloudy,Dry,Daylight,'NO CONTROLS','None Detected','None Detected','Cross/Enter at Intersection',None,'ON ROADWAY AT CROSSWALK',No,None,0.603085,0.926052,'Possible Injury'
MONTGOMERY,42433,7.917,County,Pedestrian,'Single Vehicle',Clear,Wet,Daylight,'NO CONTROLS','None Detected','None Detected','Cross/Enter at Intersection',None,'AT AT INTERSECTION MARKED CROSSWALK',No,None,0.586361,0.972279,'Fatal Injury'
MONTGOMERY,43762,6.083,'Maryland (State)',Pedestrian,'Single Vehicle',Cloudy,Dry,'Dark - Lighted','NO CONTROLS','None Detected','None Detected','Cross/Enter at Intersection',None,'AT INTERSECTION BUT NO CROSSWALK',No,None,0.690498,0.843658,'Suspected Minor Injury'
MONTGOMERY,44412,15.283,County,Bicyclist,'Single Vehicle',Clear,Dry,Daylight,'NO CONTROLS','None Detected','None Detected','Walking/Riding against Traffic',Inattentive,SIDEWALK,No,None,0.489566,0.919137,'Suspected Minor Injury'
GAITHERSBURG,44300,20.617,County,Pedestrian,'Single Vehicle',Rain,Wet,'Dark - Lighted','TRAFFIC SIGNAL','None Detected','None Detected','Cross/Enter at Intersection',None,'AT AT INTERSECTION MARKED CROSSWALK',No,None,0.685772,0.873268,'Suspected Minor Injury'
MONTGOMERY,44858,16.067,County,Pedestrian,'Single Vehicle',Clear,Dry,Daylight,'NO CONTROLS','None Detected','None Detected','Cross/Enter Not at Intersection',Dart/Dash,'ON ROADWAY NOT AT CROSSWALK',Yes,None,0.604659,0.986586,'Suspected Minor Injury'
MONTGOMERY,42309,17.867,'Maryland (State)',Bicyclist,'Single Vehicle',Clear,Dry,'Dark - Not Lighted','NO CONTROLS','None Detected','None Detected','Cross/Enter at Intersection',None,'ON ROADWAY AT CROSSWALK',No,None,0.505158,0.963762,'Suspected Minor Injury'
MONTGOMERY,45365,15.2,County,Pedestrian,'HEAD ON',Clear,Dry,Daylight,'NO CONTROLS','None Detected','None Detected','Getting off/on Vehicle',None,'ON ROADWAY AT CROSSWALK',Yes,None,0.573862,0.909866,'Suspected Serious Injury'
GAITHERSBURG,43618,22.167,'Maryland (State)',Bicyclist,'STRAIGHT MOVEMENT ANGLE',Cloudy,Wet,'Dark - Lighted','TRAFFIC SIGNAL','None Detected','ALCOHOL PRESENT','Cross/Enter at Intersection',None,'ON ROADWAY AT CROSSWALK',Yes,None,0.691879,0.87086,'Suspected Minor Injury'
MONTGOMERY,43079,13.9,'Maryland (State)',Pedestrian,'Single Vehicle',Clear,Dry,Daylight,'NO CONTROLS','None Detected','None Detected',Standing,None,'ON ROADWAY NOT AT CROSSWALK',No,None,0.467351,0.922476,'Possible Injury'
MONTGOMERY,42024,21.217,County,Pedestrian,'Single Vehicle',Clear,Dry,'Dark - Lighted','NO CONTROLS','None Detected','None Detected','Cross/Enter at Intersection',None,'OUTSIDE RIGHT OF WAY',No,None,0.65431,0.855435,'Possible Injury'
MONTGOMERY,42198,17.717,County,Bicyclist,'STRAIGHT MOVEMENT ANGLE',Clear,Wet,Daylight,'TRAFFIC SIGNAL','None Detected','None Detected','Cross/Enter at Intersection',None,'AT AT INTERSECTION MARKED CROSSWALK',No,Yes,0.538375,0.901016,'No Apparent Injury'
GAITHERSBURG,44574,19.583,Municipality,Pedestrian,'Single Vehicle',Clear,Dry,'Dark - Lighted','STOP SIGN','None Detected','None Detected','Cross/Enter at Intersection',None,'ON ROADWAY AT CROSSWALK',No,None,0.64316,0.870558,'Possible Injury'
MONTGOMERY,44278,16.583,County,Bicyclist,'Single Vehicle',Clear,Dry,Daylight,'NO CONTROLS','None Detected','None Detected','Cross/Enter at Intersection',None,'AT INTERSECTION BUT NO CROSSWALK',No,Yes,0.501316,0.917557,'Suspected Minor Injury'
MONTGOMERY,44689,23.75,County,Pedestrian,'Single Vehicle',Clear,Dry,'Dark - Not Lighted','NO CONTROLS','None Detected','None Detected','Cross/Enter Not at Intersection','IN ROADWAY IMPROPERLY','ON ROADWAY NOT AT CROSSWALK',Yes,None,0.574676,0.977683,'Suspected Minor Injury'
MONTGOMERY,45375,17.533,'Maryland (State)',Pedestrian,'Single Vehicle',Rain,Wet,Daylight,'NO CONTROLS','None Detected','None Detected','Cross/Enter Not at Intersection','IN ROADWAY IMPROPERLY','ON ROADWAY NOT AT CROSSWALK',Yes,None,0.684073,0.868312,'Possible Injury'
MONTGOMERY,44166,17.483,Municipality,Pedestrian,'Single Vehicle',Clear,Dry,'Dark - Lighted','NO CONTROLS','None Detected','None Detected','Walking/Cycling on Sidewalk',Inattentive,'AT AT INTERSECTION MARKED CROSSWALK',No,None,0.645475,0.867151,'Suspected Minor Injury'
MONTGOMERY,43399,16.483,'Maryland (State)',Pedestrian,'Single Vehicle',Clear,Dry,Daylight,'NO CONTROLS','None Detected','None Detected','Cross/Enter at Intersection',None,'ON ROADWAY AT CROSSWALK',No,None,0.497477,0.916743,'Possible Injury'
MONTGOMERY,43519,19.333,'Maryland (State)',Pedestrian,'Single Vehicle',Rain,Wet,'Dark - Lighted','TRAFFIC SIGNAL','None Detected','None Detected','Cross/Enter at Intersection','FAILURE TO OBEY TRAFFIC SIGNS SIGNALS OR OFFICER','ON ROADWAY AT CROSSWALK',Yes,None,0.689448,0.888038,'Suspected Minor Injury'
MONTGOMERY,43882,21.317,'Maryland (State)',Pedestrian,'Single Vehicle',Clear,Dry,'Dark - Lighted','NO CONTROLS','None Detected','ALCOHOL PRESENT','Cross/Enter Not at Intersection',None,'ON ROADWAY NOT AT CROSSWALK',Yes,None,0.659617,0.878377,'Fatal Injury'
MONTGOMERY,42516,14.1,County,Pedestrian,'Single Vehicle',Cloudy,Dry,Daylight,'NO CONTROLS','None Detected','ALCOHOL PRESENT','Cross/Enter at Intersection',Inattentive,'ON ROADWAY AT CROSSWALK',Yes,None,0.650295,0.95633,'Suspected Minor Injury'
MONTGOMERY,43503,22.2,County,Pedestrian,'Single Vehicle',Foggy,Dry,'Dark - Lighted','NO CONTROLS','None Detected','None Detected','Cross/Enter at Intersection',None,'ON ROADWAY AT CROSSWALK',No,None,0.54569,0.888732,'Possible Injury'
MONTGOMERY,42858,7.417,County,Bicyclist,'SAME DIRECTION SIDESWIPE',Clear,Dry,Daylight,'NO CONTROLS','None Detected','None Detected','Walking/Riding against Traffic','IMPROPER TURN MERGE','ON ROADWAY NOT AT CROSSWALK',Yes,None,0.493915,0.903872,'Suspected Minor Injury'
MONTGOMERY,43299,11.233,'Maryland (State)',Pedestrian,'Single Vehicle',Clear,Dry,Daylight,'NO CONTROLS','None Detected','None Detected','Cross/Enter at Intersection',None,'AT AT INTERSECTION MARKED CROSSWALK',No,None,0.509112,0.947222,'Possible Injury'
MONTGOMERY,43215,10.583,'Maryland (State)',Pedestrian,'Single Vehicle',Rain,Wet,Daylight,'TRAFFIC SIGNAL','None Detected','None Detected','Cross/Enter at Intersection',None,'ON ROADWAY AT CROSSWALK',No,None,0.51638,0.911885,'Suspected Minor Injury'
MONTGOMERY,45414,21.3,County,Pedestrian,'STRAIGHT MOVEMENT ANGLE',Clear,Wet,'Dark - Not Lighted','NO CONTROLS','None Detected','None Detected','Cross/Enter at Intersection',None,'ON ROADWAY AT CROSSWALK',No,None,0.710966,0.870218,'Possible Injury'
ROCKVILLE,43027,15.833,Municipality,Pedestrian,'Single Vehicle',Clear,Dry,Daylight,'TRAFFIC SIGNAL','None Detected','None Detected','Cross/Enter at Intersection',Dart/Dash,'AT INTERSECTION BUT NO CROSSWALK',Yes,None,0.608661,0.896102,'Suspected Minor Injury'
MONTGOMERY,45479,10.55,County,Pedestrian,'Single Vehicle',Clear,Dry,Daylight,'TRAFFIC SIGNAL','None Detected','None Detected','Cross/Enter at Intersection',None,'ON ROADWAY AT CROSSWALK',No,None,0.699232,0.891515,'Suspected Minor Injury'
MONTGOMERY,45422,17.017,Municipality,Pedestrian,'Single Vehicle',Clear,Dry,Daylight,'NO CONTROLS','None Detected','None Detected','Walking/Cycling on Sidewalk',None,SIDEWALK,No,None,0.621885,0.90107,'Possible Injury'
GAITHERSBURG,44693,8.617,County,Bicyclist,'Single Vehicle',Cloudy,Dry,Daylight,'TRAFFIC SIGNAL','None Detected','None Detected','Walking/Cycling on Sidewalk',None,'AT AT INTERSECTION MARKED CROSSWALK',No,None,0.636519,0.877779,'Possible Injury'
MONTGOMERY,44075,10.417,County,Pedestrian,'Single Vehicle',Cloudy,Dry,Daylight,'NO CONTROLS','None Detected','None Detected','Walking/Cycling on Sidewalk',None,SIDEWALK,No,None,0.57181,0.938678,'Possible Injury'
GAITHERSBURG,43532,7.833,County,Pedestrian,'Single Vehicle',Clear,Dry,Daylight,'NO CONTROLS','None Detected','None Detected','Cross/Enter at Intersection',None,'ON ROADWAY AT CROSSWALK',No,None,0.682094,0.875732,'Possible Injury'
MONTGOMERY,44169,19.833,County,Pedestrian,'Single Vehicle',Rain,Wet,'Dark - Lighted','TRAFFIC SIGNAL','None Detected','None Detected','Cross/Enter at Intersection',None,'AT AT INTERSECTION MARKED CROSSWALK',No,None,0.562795,0.910799,'Suspected Minor Injury'
MONTGOMERY,42909,19.833,'Maryland (State)',Bicyclist,'SAME DIR REAR END',Clear,Dry,Daylight,'TRAFFIC SIGNAL','None Detected','None Detected','Walking/Riding w/Traffic',None,'ON ROADWAY NOT AT CROSSWALK',No,Yes,0.528007,0.908543,'Suspected Minor Injury'
MONTGOMERY,43719,9.5,County,Pedestrian,'Single Vehicle',Clear,Dry,Daylight,'STOP SIGN','None Detected','None Detected','Cross/Enter at Intersection',None,'ON ROADWAY AT CROSSWALK',No,None,0.565892,0.914191,'Suspected Minor Injury'
MONTGOMERY,43943,20.467,County,Pedestrian,'HEAD ON LEFT TURN',Clear,Dry,'Dark - Lighted','NO CONTROLS','None Detected','None Detected','Cross/Enter at Intersection',None,'AT INTERSECTION BUT NO CROSSWALK',No,None,0.573118,0.972277,'Possible Injury'
MONTGOMERY,42855,15.5,'Maryland (State)',Bicyclist,'STRAIGHT MOVEMENT ANGLE',Clear,Dry,Daylight,'STOP SIGN','None Detected','None Detected','Cross/Enter at Intersection',None,'ON ROADWAY AT CROSSWALK',No,None,0.502549,0.964362,'Suspected Minor Injury'