'Agency Name','Days after Jan 1','Hours past Midnight','Route Type','Related Non-Motorist','Collision Type',Weather,'Surface Condition',Light,'Traffic Control','Driver Substance Abuse','Non-Motorist Substance Abuse','Pedestrian Movement','Pedestrian Actions','Pedestrian Location','At Fault','Safety Equipment','Lat- Normalized','Long- Normalized','Injury Severity'
MONTGOMERY,42870,16.867,County,Pedestrian,'Single Vehicle',Clear,Dry,Daylight,'TRAFFIC SIGNAL','None Detected','None Detected','Cross/Enter at Intersection',None,'ON ROADWAY AT CROSSWALK',No,None,0.530961,0.868135,'Suspected Minor Injury'
MONTGOMERY,43711,18.333,County,Bicyclist,'HEAD ON LEFT TURN',Clear,Dry,Daylight,'NO CONTROLS','None Detected','None Detected','Cross/Enter at Intersection',None,'AT INTERSECTION BUT NO CROSSWALK',No,Yes,0.494691,0.866962,'Suspected Minor Injury'
MONTGOMERY,42327,15.133,Municipality,Bicyclist,'Single Vehicle',Rain,Wet,Daylight,'TRAFFIC SIGNAL','None Detected','None Detected','Cross/Enter at Intersection','FAILURE TO OBEY TRAFFIC SIGNS SIGNALS OR OFFICER','ON ROADWAY AT CROSSWALK',Yes,None,0.639752,0.854764,'No Apparent Injury'
ROCKVILLE,43770,16.467,Municipality,Pedestrian,'Single Vehicle',Clear,Dry,Daylight,'NO CONTROLS','None Detected','None Detected','Cross/Enter at Intersection','FAILURE TO YIELD RIGHT OF WAY','ON ROADWAY NOT AT CROSSWALK',Yes,None,0.59601,0.902006,'Suspected Minor Injury'
ROCKVILLE,44862,20.983,'Maryland (State)',Pedestrian,'Single Vehicle',Clear,Dry,'Dark - Lighted','NO CONTROLS','None Detected','None Detected','Cross/Enter Not at Intersection','IN ROADWAY IMPROPERLY','ON ROADWAY NOT AT CROSSWALK',No,None,0.594809,0.901637,'Fatal Injury'
MONTGOMERY,42493,9.067,County,Bicyclist,'Single Vehicle',Cloudy,Wet,Daylight,'TRAFFIC SIGNAL','None Detected','None Detected','Cross/Enter at Intersection',None,'IN BIKEWAY',No,Yes,0.470398,0.900784,'Suspected Minor Injury'
MONTGOMERY,44378,12.483,County,Pedestrian,'Single Vehicle',Clear,Dry,Daylight,'NO CONTROLS','None Detected','None Detected','Cross/Enter at Intersection',None,'ON ROADWAY AT CROSSWALK',No,None,0.689302,0.868406,'Possible Injury'
MONTGOMERY,43816,18.067,'Maryland (State)',Pedestrian,'STRAIGHT MOVEMENT ANGLE',Clear,Wet,'Dark - Lighted','TRAFFIC SIGNAL','None Detected','None Detected','Walking/Riding w/Traffic',None,'ON ROADWAY AT CROSSWALK',No,None,0.545438,0.939653,'Possible Injury'
MONTGOMERY,45495,18.967,County,Pedestrian,'Single Vehicle',Clear,Dry,Daylight,'NO CONTROLS','None Detected','None Detected','Cross/Enter at Intersection','IN ROADWAY IMPROPERLY','ON ROADWAY NOT AT CROSSWALK',No,None,0.538653,0.895685,'Suspected Minor Injury'
ROCKVILLE,44582,15.517,Municipality,Pedestrian,'Single Vehicle',Cloudy,Dry,Daylight,'TRAFFIC SIGNAL','None Detected','None Detected','Walking/Cycling on Sidewalk',None,SIDEWALK,No,None,0.596474,0.880462,'Suspected Minor Injury'
MONTGOMERY,45507,10.567,'Maryland (State)',Pedestrian,'STRAIGHT MOVEMENT ANGLE',Clear,Dry,Daylight,'NO CONTROLS','None Detected','None Detected','Cross/Enter at Intersection',None,'ON ROADWAY AT CROSSWALK',No,None,0.72887,0.85427,'Suspected Minor Injury'
MONTGOMERY,42730,17,County,Pedestrian,'Single Vehicle',Clear,Dry,Dusk,PERSON,'None Detected','None Detected',' Working',None,'AT INTERSECTION BUT NO CROSSWALK',No,None,0.538606,0.897162,'Suspected Minor Injury'
GAITHERSBURG,43639,17.417,'Maryland (State)',Pedestrian,'Single Vehicle',Clear,Dry,Daylight,'TRAFFIC SIGNAL','None Detected','None Detected','Cross/Enter at Intersection',Dart/Dash,'AT INTERSECTION BUT NO CROSSWALK',Yes,None,0.677459,0.863805,'Possible Injury'
ROCKVILLE,43561,21.433,Municipality,Pedestrian,'Single Vehicle',Clear,Dry,'Dark - Lighted','WARNING SIGN','None Detected','None Detected','Cross/Enter at Intersection',None,'AT AT INTERSECTION MARKED CROSSWALK',No,None,0.61068,0.89401,'Possible Injury'
GAITHERSBURG,42356,15.9,County,Pedestrian,'Single Vehicle',Cloudy,Dry,Daylight,'NO CONTROLS','None Detected','None Detected','Cross/Enter Not at Intersection',Dart/Dash,'ON ROADWAY NOT AT CROSSWALK',Yes,None,0.676312,0.875785,'Possible Injury'
MONTGOMERY,43321,5.667,'Maryland (State)',Pedestrian,'SAME DIR REAR END',Clear,Dry,'Dark - Not Lighted','NO CONTROLS','None Detected','None Detected',Standing,None,'ON ROADWAY AT CROSSWALK',No,None,0.660433,0.855135,'Possible Injury'
MONTGOMERY,43246,18.9,County,Pedestrian,'Single Vehicle',Clear,Dry,Daylight,'NO CONTROLS','None Detected','None Detected',Standing,Inattentive,'ON ROADWAY AT CROSSWALK',No,None,0.510726,0.962405,'Possible Injury'
MONTGOMERY,42842,7.417,County,Pedestrian,'Single Vehicle',Cloudy,Dry,Daylight,'TRAFFIC SIGNAL','None Detected','None Detected','Cross/Enter at Intersection',None,'ON ROADWAY AT CROSSWALK',No,None,0.64952,0.890756,'Suspected Minor Injury'
MONTGOMERY,43706,17.6,'Maryland (State)',Bicyclist,'STRAIGHT MOVEMENT ANGLE',Clear,Dry,Daylight,'NO CONTROLS','None Detected','None Detected','Walking/Cycling on Sidewalk',None,SIDEWALK,No,Yes,0.654698,0.857876,'Suspected Minor Injury'
MONTGOMERY,43867,18.5,'Maryland (State)',Pedestrian,'Single Vehicle',Rain,Wet,'Dark - Lighted','TRAFFIC SIGNAL','None Detected','None Detected','Cross/Enter at Intersection',None,'ON ROADWAY AT CROSSWALK',Yes,None,0.826523,0.866132,'Suspected Serious Injury'
MONTGOMERY,44722,17.75,'Maryland (State)',Pedestrian,'Single Vehicle',Clear,Dry,Daylight,'NO CONTROLS','None Detected','None Detected','Cross/Enter at Intersection',None,'AT INTERSECTION BUT NO CROSSWALK',No,None,0.597797,0.899916,'Suspected Minor Injury'
MONTGOMERY,42942,16.167,County,Pedestrian,'STRAIGHT MOVEMENT ANGLE',Clear,Dry,Daylight,'NO CONTROLS','None Detected','None Detected','Cross/Enter at Intersection',None,'AT INTERSECTION BUT NO CROSSWALK',No,None,0.687137,0.872679,'Suspected Minor Injury'
MONTGOMERY,43116,18.767,Municipality,Pedestrian,'Single Vehicle',Clear,Dry,'Dark - Lighted','NO CONTROLS','None Detected','None Detected','Cross/Enter at Intersection',None,'ON ROADWAY AT CROSSWALK',No,None,0.495365,0.926628,'Suspected Serious Injury'
MONTGOMERY,42315,18.667,County,Pedestrian,'Single Vehicle',Cloudy,Dry,'Dark - Lighted','NO CONTROLS','None Detected','None Detected','Cross/Enter at Intersection',None,'ON ROADWAY AT CROSSWALK',No,None,0.656693,0.879513,'Suspected Minor Injury'
MONTGOMERY,42850,9.283,County,Pedestrian,'Single Vehicle',Cloudy,Dry,Daylight,'NO CONTROLS','None Detected','None Detected',Standing,'IN ROADWAY IMPROPERLY','ON ROADWAY NOT AT CROSSWALK',No,None,0.79684,0.857986,'Suspected Minor Injury'
MONTGOMERY,44146,19.833,County,Bicyclist,'Single Vehicle',Clear,Dry,'Dark - Not Lighted','NO CONTROLS','None Detected','None Detected','Walking/Riding w/Traffic',None,'ON ROADWAY NOT AT CROSSWALK',No,Yes,0.66076,0.921816,'No Apparent Injury'
MONTGOMERY,44134,18.233,County,Bicyclist,'STRAIGHT MOVEMENT ANGLE',Clear,Dry,Dusk,'STOP SIGN','None Detected','None Detected','Cross/Enter at Intersection','FAILURE TO YIELD RIGHT OF WAY','AT INTERSECTION BUT NO CROSSWALK',No,None,0.49129,0.950817,'Possible Injury'
MONTGOMERY,42329,18.367,County,Pedestrian,'Single Vehicle',Rain,Wet,'Dark - Lighted','TRAFFIC SIGNAL','None Detected','None Detected','Cross/Enter at Intersection',None,'ON ROADWAY AT CROSSWALK',No,None,0.501565,0.950106,'Suspected Minor Injury'
MONTGOMERY,44385,17.283,'Maryland (State)',Pedestrian,'Single Vehicle',Clear,Dry,Daylight,'TRAFFIC SIGNAL','None Detected','None Detected','Cross/Enter at Intersection',None,'ON ROADWAY AT CROSSWALK',No,None,0.575383,0.908186,'Suspected Minor Injury'
MONTGOMERY,44173,17.667,County,Pedestrian,'STRAIGHT MOVEMENT ANGLE',Clear,Dry,'Dark - Not Lighted','STOP SIGN','None Detected','None Detected','Cross/Enter at Intersection','NOT VISIBLE','AT INTERSECTION BUT NO CROSSWALK',No,None,0.759719,0.83032,'Possible Injury'
MONTGOMERY,45588,18.983,County,Pedestrian,'Single Vehicle',Clear,Dry,'Dark - Lighted','NO CONTROLS','None Detected','None Detected',Standing,None,'ON ROADWAY AT CROSSWALK',No,None,0.507029,0.95019,'Suspected Minor Injury'
MONTGOMERY,45524,21.433,County,Pedestrian,'Single Vehicle',Clear,Dry,'Dark - Lighted','TRAFFIC SIGNAL','None Detected','None Detected','Cross/Enter at Intersection',None,'AT AT INTERSECTION MARKED CROSSWALK',No,None,0.485642,0.918101,'Suspected Minor Injury'
MONTGOMERY,42260,11.833,County,Pedestrian,'HEAD ON LEFT TURN',Clear,Dry,Daylight,'NO CONTROLS','None Detected','None Detected',' Working',None,'ON ROADWAY AT CROSSWALK',No,Yes,0.724744,0.874669,'Possible Injury'
MONTGOMERY,45564,12,'Maryland (State)',Pedestrian,'SAME DIRECTION SIDESWIPE',Cloudy,Dry,Daylight,'NO CONTROLS','None Detected','None Detected','Cross/Enter at Intersection',None,'ON ROADWAY AT CROSSWALK',No,None,0.487862,0.926684,'No Apparent Injury'
MONTGOMERY,43638,12.267,County,Pedestrian,'HEAD ON',Clear,Dry,Daylight,'NO CONTROLS','None Detected','None Detected',Standing,None,SIDEWALK,No,None,0.556087,0.936877,'Suspected Minor Injury'
MONTGOMERY,42216,16.35,County,Pedestrian,'Single Vehicle',Clear,Dry,Daylight,'NO CONTROLS','None Detected','None Detected',Standing,None,SHOULDER,No,None,0.562033,0.942811,'Suspected Minor Injury'
MONTGOMERY,42461,14.783,'Maryland (State)',Pedestrian,'Single Vehicle',Clear,Dry,Daylight,'NO CONTROLS','None Detected','None Detected','Cross/Enter Not at Intersection','FAILURE TO YIELD RIGHT OF WAY','ON ROADWAY NOT AT CROSSWALK',Yes,None,0.55726,0.935974,'Possible Injury'
TAKOMA,42500,20.317,Municipality,Pedestrian,'Single Vehicle',Cloudy,Dry,'Dark - Lighted','TRAFFIC SIGNAL','None Detected','None Detected','Cross/Enter at Intersection',None,'ON ROADWAY AT CROSSWALK',No,None,0.489692,0.955601,'Suspected Minor Injury'
MONTGOMERY,44481,10.117,County,Pedestrian,'HEAD ON LEFT TURN',Cloudy,Dry,Daylight,'NO CONTROLS','None Detected','None Detected','Cross/Enter at Intersection',None,'ON ROADWAY AT CROSSWALK',No,None,0.775126,0.850482,'Possible Injury'
MONTGOMERY,45572,13.867,County,Bicyclist,'Single Vehicle',Clear,Dry,Daylight,'STOP SIGN','None Detected','None Detected','Cross/Enter at Intersection',None,'AT INTERSECTION BUT NO CROSSWALK',No,None,0.567809,0.937899,'Suspected Minor Injury'
MONTGOMERY,45632,10.933,County,Pedestrian,'STRAIGHT MOVEMENT ANGLE',Cloudy,Dry,Daylight,'TRAFFIC SIGNAL','None Detected','None Detected',Standing,None,SIDEWALK,No,None,0.489055,0.91729,'Suspected Serious Injury'
ROCKVILLE,45467,22.833,Municipality,Pedestrian,'Single Vehicle',Clear,Dry,'Dark - Lighted','TRAFFIC SIGNAL','None Detected','None Detected','Cross/Enter at Intersection',Dart/Dash,'OUTSIDE RIGHT OF WAY',Yes,None,0.605024,0.895018,'Suspected Minor Injury'
MONTGOMERY,43455,19,County,Pedestrian,'Single Vehicle',Clear,Dry,Dusk,'NO CONTROLS','None Detected','None Detected','Walking/Cycling on Sidewalk',None,SIDEWALK,No,None,0.601507,0.928845,'Possible Injury'
MONTGOMERY,44324,14.533,County,Bicyclist,'STRAIGHT MOVEMENT ANGLE',Cloudy,Dry,Daylight,'STOP SIGN','None Detected','None Detected','Cross/Enter at Intersection','FAILURE TO YIELD RIGHT OF WAY','AT INTERSECTION BUT NO CROSSWALK',Yes,Yes,0.530762,0.951158,'Possible Injury'
MONTGOMERY,44078,19,County,Bicyclist,'STRAIGHT MOVEMENT ANGLE',Clear,Dry,Dusk,'NO CONTROLS','None Detected','None Detected','Cross/Enter at Intersection',None,'ON ROADWAY NOT AT CROSSWALK',No,Yes,0.762895,0.832824,'Suspected Minor Injury'
MONTGOMERY,43399,21.133,'Maryland (State)',Pedestrian,'STRAIGHT MOVEMENT ANGLE',Rain,Wet,'Dark - Lighted','NO CONTROLS','None Detected','None Detected','Cross/Enter Not at Intersection','IN ROADWAY IMPROPERLY','OUTSIDE RIGHT OF WAY',Yes,None,0.503623,0.956654,'Suspected Minor Injury'
MONTGOMERY,42269,18.733,'Maryland (State)',Pedestrian,'Single Vehicle',Clear,Dry,Daylight,'TRAFFIC SIGNAL','None Detected','None Detected','Cross/Enter at Intersection','FAILURE TO YIELD RIGHT OF WAY','ON ROADWAY AT CROSSWALK',Yes,None,0.719677,0.84595,'Suspected Minor Injury'
MONTGOMERY,44902,16.283,County,'MACHINE OPERATOR/RIDER','STRAIGHT MOVEMENT ANGLE',Clear,Dry,'Dark - Lighted','NO CONTROLS','None Detected','None Detected','Cross/Enter at Intersection','FAILURE TO YIELD RIGHT OF WAY','ON ROADWAY AT CROSSWALK',Yes,None,0.56484,0.916816,'Suspected Minor Injury'
MONTGOMERY,42051,18.717,County,Pedestrian,'Single Vehicle',Snow,Dry,'Dark - Lighted','NO CONTROLS','None Detected','None Detected','Cross/Enter at Intersection',None,'ON ROADWAY AT CROSSWALK',No,None,0.57946,0.940721,'Possible Injury'
MONTGOMERY,43628,7.233,County,Pedestrian,'Single Vehicle',Clear,Dry,Dawn,'STOP SIGN','None Detected','None Detected','Cross/Enter at Intersection',None,'ON ROADWAY AT CROSSWALK',No,None,0.537366,0.953247,'No Apparent Injury'
MONTGOMERY,43397,13.5,County,Pedestrian,'Single Vehicle',Clear,Dry,Daylight,'NO CONTROLS','None Detected','None Detected','Cross/Enter at Intersection',None,'ON ROADWAY AT CROSSWALK',No,None,0.507915,0.9493,'Suspected Minor Injury'
MONTGOMERY,43271,21.3,County,Pedestrian,'Single Vehicle',Clear,Dry,'Dark - Not Lighted','NO CONTROLS','ILLEGAL DRUG PRESENT','None Detected',Standing,None,'ON ROADWAY NOT AT CROSSWALK',No,None,0.579363,0.869814,'Suspected Minor Injury'
MONTGOMERY,43557,18.5,'Maryland (State)',Pedestrian,'STRAIGHT MOVEMENT ANGLE',Rain,Wet,Daylight,'TRAFFIC SIGNAL','None Detected','None Detected','Cross/Enter at Intersection',Inattentive,'ON ROADWAY AT CROSSWALK',No,None,0.685362,0.932263,'Suspected Minor Injury'
MONTGOMERY,42713,11.85,County,Pedestrian,'Single Vehicle',Clear,Dry,Daylight,'NO CONTROLS','None Detected','None Detected','Cross/Enter at Intersection',None,'ON ROADWAY AT CROSSWALK',No,None,0.578033,0.939535,'Suspected Serious Injury'
MONTGOMERY,43884,12.067,County,Bicyclist,'Single Vehicle',Clear,Dry,Daylight,'NO CONTROLS','None Detected','None Detected','Walking/Riding w/Traffic',None,'ON ROADWAY NOT AT CROSSWALK',No,Yes,0.574819,0.889278,'Suspected Serious Injury'
MONTGOMERY,42659,16.267,County,Bicyclist,'Single Vehicle',Clear,Dry,Daylight,'TRAFFIC SIGNAL','None Detected','None Detected','Cross/Enter at Intersection',None,'ON ROADWAY AT CROSSWALK',No,Yes,0.572138,0.921397,'Possible Injury'
MONTGOMERY,43650,22.75,'Maryland (State)',Pedestrian,'Single Vehicle',Cloudy,Dry,'Dark - Lighted',PERSON,'None Detected','None Detected',Standing,None,'ON ROADWAY AT CROSSWALK',No,Yes,0.687825,0.834221,'Suspected Serious Injury'
MONTGOMERY,43357,14.85,County,Pedestrian,'Single Vehicle',Cloudy,Dry,Daylight,'TRAFFIC SIGNAL','None Detected','None Detected','Cross/Enter at Intersection',Dart/Dash,'ON ROADWAY AT CROSSWALK',No,None,0.57259,0.919179,'Possible Injury'
MONTGOMERY,42041,20.617,County,Pedestrian,'Single Vehicle',Clear,Dry,'Dark - Lighted','NO CONTROLS','None Detected','None Detected','Cross/Enter at Intersection',None,'AT AT INTERSECTION MARKED CROSSWALK',No,None,0.505176,0.949352,'Possible Injury'
MONTGOMERY,44806,22.767,'Maryland (State)','MACHINE OPERATOR/RIDER','HEAD ON LEFT TURN',Clear,Dry,Daylight,'NO CONTROLS','None Detected','None Detected','Cross/Enter at Intersection','IN ROADWAY IMPROPERLY','ON ROADWAY NOT AT CROSSWALK',Yes,None,0.711938,0.855642,'Possible Injury'
MONTGOMERY,44111,19,County,Pedestrian,'Single Vehicle',Clear,Dry,'Dark - Not Lighted','NO CONTROLS','None Detected','None Detected','Cross/Enter Not at Intersection',None,'ON ROADWAY AT CROSSWALK',No,None,0.486519,0.916725,'Suspected Minor Injury'
MONTGOMERY,45563,5.717,'Maryland (State)',Pedestrian,'SAME DIRECTION RIGHT TURN',Clear,Dry,'Dark - Lighted','TRAFFIC SIGNAL','None Detected','None Detected','Cross/Enter at Intersection',None,'ON ROADWAY AT CROSSWALK',No,None,0.549466,0.950287,'Suspected Minor Injury'
MONTGOMERY,43990,11.5,'Maryland (State)',Bicyclist,'SAME DIR REAR END',Clear,Dry,Daylight,'TRAFFIC SIGNAL','None Detected','None Detected',Standing,None,'ON ROADWAY NOT AT CROSSWALK',No,Yes,0.655431,0.928892,'Suspected Minor Injury'
MONTGOMERY,44652,17.167,County,Pedestrian,'STRAIGHT MOVEMENT ANGLE',Clear,Dry,Daylight,'NO CONTROLS','None Detected','None Detected',Standing,None,'ON ROADWAY AT CROSSWALK',No,None,0.572678,0.913682,'Suspected Serious Injury'
MONTGOMERY,42822,13.633,'Maryland (State)',Pedestrian,'Single Vehicle',Cloudy,Dry,Daylight,'TRAFFIC SIGNAL','None Detected','None Detected','Cross/Enter at Intersection',None,'ON ROADWAY AT CROSSWALK',No,None,0.503992,0.937677,'Possible Injury'
MONTGOMERY,44124,19.95,'Maryland (State)',Pedestrian,'SAME DIRECTION SIDESWIPE',Clear,Dry,'Dark - Lighted','NO CONTROLS','None Detected','ALCOHOL PRESENT','Cross/Enter Not at Intersection','FAILURE TO YIELD RIGHT OF WAY','ON ROADWAY NOT AT CROSSWALK',Yes,None,0.555741,0.937918,'Possible Injury'
MONTGOMERY,45466,20.95,'US (State)',Pedestrian,'Single Vehicle',Clear,Dry,'Dark - Lighted','TRAFFIC SIGNAL','None Detected','None Detected','Cross/Enter at Intersection',None,SIDEWALK,No,None,0.505858,0.948677,'Suspected Minor Injury'
MONTGOMERY,42087,17.25,'Maryland (State)',Pedestrian,'Single Vehicle',Clear,Dry,Daylight,'TRAFFIC SIGNAL','None Detected','None Detected','Cross/Enter at Intersection',None,'ON ROADWAY AT CROSSWALK',No,None,0.534775,0.906853,'Possible Injury'
MONTGOMERY,42327,17.783,'Maryland (State)',Pedestrian,'Single Vehicle',Rain,Wet,'Dark - Lighted','TRAFFIC SIGNAL','None Detected','None Detected','Cross/Enter at Intersection',None,'ON ROADWAY AT CROSSWALK',No,None,0.545722,0.927501,'Suspected Serious Injury'
MONTGOMERY,44092,11.5,County,Pedestrian,'Single Vehicle',Cloudy,Dry,Daylight,'NO CONTROLS','None Detected','None Detected',Standing,None,'ON ROADWAY NOT AT CROSSWALK',No,None,0.689955,0.866995,'No Apparent Injury'
MONTGOMERY,42965,21.883,'Maryland (State)',Pedestrian,'Single Vehicle',Clear,Dry,'Dark - Lighted','NO CONTROLS','None Detected','None Detected','Cross/Enter at Intersection','IN ROADWAY IMPROPERLY','ON ROADWAY NOT AT CROSSWALK',Yes,None,0.637617,0.927213,'Suspected Serious Injury'
MONTGOMERY,42099,0.633,County,Pedestrian,'Single Vehicle',Clear,Dry,'Dark - Lighted','NO CONTROLS','None Detected','None Detected','Cross/Enter at Intersection',None,'ON ROADWAY AT CROSSWALK',No,None,0.502774,0.963503,'Possible Injury'
MONTGOMERY,44797,6,County,Pedestrian,'Single Vehicle',Clear,Dry,'Dark - Lighted','NO CONTROLS','None Detected','None Detected','Cross/Enter at Intersection',None,'ON ROADWAY AT CROSSWALK',Yes,None,0.691026,0.871524,'Possible Injury'
MONTGOMERY,42263,16.833,Municipality,Bicyclist,'Single Vehicle',Clear,Dry,Daylight,'NO CONTROLS','None Detected','None Detected','Walking/Riding w/Traffic',None,SHOULDER,No,Yes,0.600015,0.874149,'Possible Injury'
MONTGOMERY,44701,18.667,County,Pedestrian,'Single Vehicle',Clear,Dry,Daylight,'NO CONTROLS','None Detected','None Detected','Cross/Enter Not at Intersection',Dart/Dash,'ON ROADWAY NOT AT CROSSWALK',Yes,None,0.719228,0.842056,'Possible Injury'
MONTGOMERY,42118,14.583,County,Pedestrian,'Single Vehicle',Clear,Dry,Daylight,'NO CONTROLS','None Detected','None Detected','Walking to/from school',None,SIDEWALK,No,None,0.585077,0.943782,'Suspected Minor Injury'
MONTGOMERY,44128,21.683,County,Pedestrian,'Single Vehicle',Clear,Dry,'Dark - Lighted','TRAFFIC SIGNAL','None Detected','None Detected','Cross/Enter Not at Intersection',Dart/Dash,'ON ROADWAY NOT AT CROSSWALK',Yes,None,0.694349,0.871531,'Suspected Serious Injury'
MONTGOMERY,44751,21.45,'Maryland (State)',Pedestrian,'Single Vehicle',Clear,Dry,'Dark - Lighted','TRAFFIC SIGNAL','None Detected','None Detected','Cross/Enter at Intersection','NOT VISIBLE','ON ROADWAY AT CROSSWALK',No,None,0.557101,0.965212,'Suspected Minor Injury'
ROCKVILLE,42710,11.3,'Maryland (State)',Pedestrian,'Single Vehicle',Rain,Wet,Daylight,'TRAFFIC SIGNAL','None Detected','None Detected','Cross/Enter at Intersection',None,SIDEWALK,No,None,0.616491,0.893249,'Possible Injury'
ROCKVILLE,42183,16,'Maryland (State)',Bicyclist,'STRAIGHT MOVEMENT ANGLE',Clear,Dry,Daylight,'TRAFFIC SIGNAL','None Detected','None Detected','Walking/Cycling on Sidewalk',None,'DRIVEWAY ACCESS MARKED CROSSWALK',No,Yes,0.590568,0.903148,'Suspected Minor Injury'
ROCKVILLE,45317,13.6,County,Pedestrian,'Single Vehicle',Cloudy,Dry,Daylight,'NO CONTROLS','None Detected','None Detected','Cross/Enter at Intersection',None,'ON ROADWAY AT CROSSWALK',No,None,0.598768,0.89991,'No Apparent Injury'
MONTGOMERY,43347,21.25,County,Pedestrian,'Single Vehicle',Clear,Dry,'Dark - Lighted','NO CONTROLS','None Detected','None Detected','Cross/Enter Not at Intersection',None,'ON ROADWAY AT CROSSWALK',No,Yes,0.509139,0.947996,'No Apparent Injury'
GAITHERSBURG,43628,12.6,Municipality,Bicyclist,'Single Vehicle',Clear,Dry,Daylight,'STOP SIGN','None Detected','None Detected','Walking/Cycling on Sidewalk','FAILURE TO YIELD RIGHT OF WAY',SIDEWALK,Yes,None,0.662513,0.876426,'Suspected Minor Injury'
MONTGOMERY,43033,21.167,County,Pedestrian,'SAME DIR REAR END',Clear,Dry,'Dark - Lighted','STOP SIGN','None Detected','None Detected','Getting off/on Vehicle',None,'ON ROADWAY AT CROSSWALK',Yes,None,0.736063,0.837863,'Suspected Minor Injury'
MONTGOMERY,43507,18.233,County,Pedestrian,'Single Vehicle',Rain,Wet,'Dark - Lighted','NO CONTROLS','None Detected','None Detected','Cross/Enter at Intersection',None,'AT INTERSECTION BUT NO CROSSWALK',No,None,0.703615,0.870215,'Possible Injury'
MONTGOMERY,43328,16.017,'Maryland (State)',Pedestrian,'Single Vehicle',Clear,Dry,Daylight,'TRAFFIC SIGNAL','None Detected','None Detected','Cross/Enter at Intersection',None,'ON ROADWAY AT CROSSWALK',No,None,0.614301,0.903887,'Fatal Injury'
TAKOMA,45388,20.167,County,Pedestrian,'Single Vehicle',Rain,Wet,'Dark - Lighted','NO CONTROLS','None Detected','None Detected','Cross/Enter at Intersection','IN ROADWAY IMPROPERLY','ON ROADWAY NOT AT CROSSWALK',Yes,None,0.508262,0.9592,'Suspected Minor Injury'
MONTGOMERY,44033,15.233,'US (State)',Pedestrian,'Single Vehicle',Clear,Dry,Daylight,'TRAFFIC SIGNAL','None Detected','None Detected','Cross/Enter at Intersection',None,'AT AT INTERSECTION MARKED CROSSWALK',No,None,0.54705,0.958727,'Suspected Minor Injury'
MONTGOMERY,42967,22.15,'Maryland (State)',Pedestrian,'Single Vehicle',Clear,Dry,'Dark - Lighted','TRAFFIC SIGNAL','None Detected','None Detected','Cross/Enter at Intersection',None,'ON ROADWAY AT CROSSWALK',No,None,0.504669,0.944666,'Possible Injury'
MONTGOMERY,44134,14.533,'Maryland (State)',Pedestrian,'Single Vehicle',Clear,Dry,Daylight,'TRAFFIC SIGNAL','None Detected','None Detected','Cross/Enter at Intersection','FAILURE TO YIELD RIGHT OF WAY','ON ROADWAY AT CROSSWALK',Yes,None,0.716128,0.842996,'Fatal Injury'
ROCKVILLE,44878,15.8,Municipality,Pedestrian,'STRAIGHT MOVEMENT ANGLE',Clear,Dry,Daylight,'TRAFFIC SIGNAL','None Detected','None Detected','Cross/Enter at Intersection',None,'AT AT INTERSECTION MARKED CROSSWALK',No,None,0.587709,0.904174,'No Apparent Injury'
MONTGOMERY,42914,21.983,'Maryland (State)',Pedestrian,'Single Vehicle',Clear,Dry,'Dark - Lighted','NO CONTROLS','None Detected','None Detected','Walking/Cycling on Sidewalk',None,SIDEWALK,No,None,0.558528,0.934979,'Possible Injury'
MONTGOMERY,42405,21.667,'Maryland (State)',Pedestrian,'Single Vehicle',Clear,Dry,'Dark - Lighted','NO CONTROLS','None Detected','None Detected','Cross/Enter Not at Intersection',Dart/Dash,'ON ROADWAY NOT AT CROSSWALK',Yes,None,0.652056,0.882115,'Suspected Minor Injury'
'Maryland-National Capital',42590,13.433,Government,Bicyclist,'SAME DIR REAR END',Clear,Dry,Daylight,'NO CONTROLS','None Detected','None Detected','Walking/Riding w/Traffic',None,'ON ROADWAY NOT AT CROSSWALK',No,Yes,0.545577,0.922368,'Suspected Minor Injury'
MONTGOMERY,43839,11.5,'Maryland (State)',Pedestrian,'Single Vehicle',Clear,Dry,Daylight,'NO CONTROLS','None Detected','None Detected','Cross/Enter at Intersection',None,SIDEWALK,No,None,0.510004,0.947032,'No Apparent Injury'
ROCKVILLE,43539,15.45,Municipality,Pedestrian,'Single Vehicle',Clear,Dry,Daylight,'NO CONTROLS','None Detected','None Detected','Cross/Enter at Intersection',None,'ON ROADWAY NOT AT CROSSWALK',Yes,None,0.598417,0.898972,'Suspected Minor Injury'
MONTGOMERY,43088,13.583,County,Pedestrian,'ANGLE MEETS RIGHT TURN',Clear,Dry,Daylight,'TRAFFIC SIGNAL','None Detected','None Detected','Cross/Enter at Intersection',None,'ON ROADWAY AT CROSSWALK',No,None,0.557787,0.939482,'Suspected Minor Injury'
MONTGOMERY,44739,8.783,County,Pedestrian,'Single Vehicle',Clear,Dry,Daylight,'NO CONTROLS','None Detected','None Detected',' Working',None,'ON ROADWAY AT CROSSWALK',No,Yes,0.583406,0.880535,'Suspected Minor Injury'
MONTGOMERY,42183,21.317,County,Bicyclist,'HEAD ON LEFT TURN',Clear,Dry,'Dark - Lighted','NO CONTROLS','None Detected','None Detected','Cross/Enter Not at Intersection','IN ROADWAY IMPROPERLY','ON ROADWAY NOT AT CROSSWALK',No,None,0.578732,0.932,'Suspected Minor Injury'