'Agency Name','Days after Jan 1','Hours past Midnight','Route Type','Related Non-Motorist','Collision Type',Weather,'Surface Condition',Light,'Traffic Control','Driver Substance Abuse','Non-Motorist Substance Abuse','Pedestrian Movement','Pedestrian Actions','Pedestrian Location','At Fault','Safety Equipment','Lat- Normalized','Long- Normalized','Injury Severity'
MONTGOMERY,43237,8.867,'US (State)',Pedestrian,'Single Vehicle',Rain,Wet,Daylight,'TRAFFIC SIGNAL','None Detected','None Detected','Cross/Enter at Intersection','FAILURE TO YIELD RIGHT OF WAY','ON ROADWAY NOT AT CROSSWALK',Yes,None,0.501473,0.949101,'Possible Injury'
MONTGOMERY,42863,12,'Maryland (State)',Pedestrian,'Single Vehicle',Clear,Dry,Daylight,'NO CONTROLS','None Detected','None Detected','Walking/Cycling on Sidewalk',None,SIDEWALK,No,None,0.605421,0.926681,'Possible Injury'
MONTGOMERY,42108,13.6,County,Pedestrian,'SAME DIR REAR END',Rain,Wet,Daylight,'TRAFFIC SIGNAL','None Detected','None Detected','Cross/Enter at Intersection','DISABLED VEHICLE RELATED','ON ROADWAY NOT AT CROSSWALK',No,None,0.639035,0.878267,'Suspected Serious Injury'
MONTGOMERY,42791,18.117,'Maryland (State)',Bicyclist,'SAME DIR REAR END',Clear,Dry,'Dark - Lighted','NO CONTROLS','None Detected','None Detected','Walking/Riding w/Traffic',None,'ON ROADWAY NOT AT CROSSWALK',No,None,0.539576,0.915293,'Possible Injury'
GAITHERSBURG,44363,16.667,'Maryland (State)',Bicyclist,'SAME DIRECTION SIDESWIPE',Clear,Dry,Daylight,'NO CONTROLS','None Detected','None Detected','Cross/Enter at Intersection',Inattentive,'ON ROADWAY AT CROSSWALK',Yes,None,0.672029,0.873532,'Possible Injury'
MONTGOMERY,43308,13.067,County,Pedestrian,'Single Vehicle',Clear,Dry,Daylight,'NO CONTROLS','None Detected','None Detected','Walking/Cycling on Sidewalk',None,SIDEWALK,No,None,0.578021,0.907192,'Possible Injury'
ROCKVILLE,45577,13.467,' Public Roadway',Bicyclist,'Single Vehicle',Clear,Dry,Daylight,'STOP SIGN','None Detected','None Detected','Cross/Enter at Intersection',Dart/Dash,'ON ROADWAY AT CROSSWALK',Yes,None,0.619997,0.893133,'No Apparent Injury'
ROCKVILLE,44143,8.833,Municipality,Pedestrian,'Single Vehicle',Clear,Dry,Daylight,'NO CONTROLS','None Detected','None Detected','Walking/Riding w/Traffic','IN ROADWAY IMPROPERLY','ON ROADWAY NOT AT CROSSWALK',Yes,None,0.624841,0.877057,'Suspected Minor Injury'
MONTGOMERY,44642,9.333,County,Pedestrian,'SAME DIR REAR END',Clear,Dry,Daylight,'NO CONTROLS','None Detected','None Detected',' Working',None,'ON ROADWAY NOT AT CROSSWALK',No,Yes,0.522787,0.864034,'Suspected Serious Injury'
MONTGOMERY,42985,18,County,Pedestrian,'Single Vehicle',Clear,Dry,Daylight,'NO CONTROLS','None Detected','None Detected',Standing,Inattentive,'ON ROADWAY NOT AT CROSSWALK',No,None,0.55441,0.948457,'Suspected Minor Injury'
MONTGOMERY,45572,20.967,County,Pedestrian,'Single Vehicle',Clear,Dry,'Dark - Not Lighted','NO CONTROLS','None Detected','ALCOHOL PRESENT','Cross/Enter Not at Intersection',Dart/Dash,'ON ROADWAY NOT AT CROSSWALK',Yes,None,0.700762,0.886156,'Fatal Injury'
MONTGOMERY,42541,19.1,County,Pedestrian,'Single Vehicle',Clear,Dry,Daylight,'NO CONTROLS','None Detected','None Detected','Cross/Enter Not at Intersection',None,'ON ROADWAY AT CROSSWALK',No,None,0.656382,0.884577,'Possible Injury'
MONTGOMERY,42325,9.367,County,Pedestrian,'Single Vehicle',Cloudy,Dry,Daylight,'TRAFFIC SIGNAL','None Detected','None Detected','Cross/Enter at Intersection',Dart/Dash,'AT AT INTERSECTION MARKED CROSSWALK',Yes,None,0.520157,0.919046,'Suspected Minor Injury'
MONTGOMERY,42384,16,County,Pedestrian,'Single Vehicle',Clear,Dry,Daylight,'NO CONTROLS','None Detected','None Detected','Walking/Riding w/Traffic','IN ROADWAY IMPROPERLY','OUTSIDE RIGHT OF WAY',Yes,None,0.514039,0.955758,'Suspected Minor Injury'
MONTGOMERY,43082,23.367,'Maryland (State)',Pedestrian,'Single Vehicle',Clear,Dry,'Dark - Lighted','TRAFFIC SIGNAL','None Detected','None Detected','Cross/Enter at Intersection','FAILURE TO OBEY TRAFFIC SIGNS SIGNALS OR OFFICER','ON ROADWAY AT CROSSWALK',No,None,0.606785,0.896043,'Fatal Injury'
MONTGOMERY,45557,18.25,'Maryland (State)',' PEDALCYCLIST','Single Vehicle',Clear,Dry,Daylight,'NO CONTROLS','None Detected','None Detected','Cross/Enter at Intersection',Inattentive,'ON ROADWAY NOT AT CROSSWALK',Yes,Yes,0.528927,0.936189,'No Apparent Injury'
MONTGOMERY,43031,19.067,County,Pedestrian,'Single Vehicle',Cloudy,Dry,'Dark - Not Lighted','NO CONTROLS','None Detected','None Detected','Cross/Enter Not at Intersection','IN ROADWAY IMPROPERLY','ON ROADWAY NOT AT CROSSWALK',Yes,None,0.695338,0.888786,'Possible Injury'
MONTGOMERY,44486,20.8,County,Bicyclist,'Single Vehicle',Clear,Dry,'Dark - Lighted','STOP SIGN','None Detected','None Detected','Cross/Enter at Intersection',None,'ON ROADWAY AT CROSSWALK',Yes,None,0.61438,0.9369,'Possible Injury'
MONTGOMERY,42509,14.75,County,Pedestrian,'Single Vehicle',Clear,Dry,Daylight,'NO CONTROLS','None Detected','None Detected','Cross/Enter at Intersection','NOT VISIBLE','ON ROADWAY AT CROSSWALK',No,None,0.500691,0.918835,'No Apparent Injury'
MONTGOMERY,42844,8.683,County,Pedestrian,'Single Vehicle',Clear,Dry,Daylight,'NO CONTROLS','None Detected','None Detected','Cross/Enter at Intersection',None,'INSIDE BUILDING',No,None,0.608792,0.926667,'Suspected Minor Injury'
ROCKVILLE,42319,17.767,Municipality,Pedestrian,'Single Vehicle',Clear,Dry,'Dark - Not Lighted','NO CONTROLS','None Detected','None Detected','Cross/Enter at Intersection',None,'AT INTERSECTION BUT NO CROSSWALK',No,None,0.600797,0.904346,'Suspected Serious Injury'
MONTGOMERY,43301,16.5,County,Pedestrian,'Single Vehicle',Clear,Dry,Daylight,'NO CONTROLS','None Detected','None Detected','Cross/Enter at Intersection',None,'ON ROADWAY AT CROSSWALK',No,None,0.61621,0.931674,'Possible Injury'
MONTGOMERY,44465,17.533,County,Bicyclist,'STRAIGHT MOVEMENT ANGLE',Clear,Dry,Daylight,'STOP SIGN','None Detected','None Detected','Walking/Riding w/Traffic',None,'ON ROADWAY AT CROSSWALK',No,Yes,0.513864,0.861106,'Suspected Serious Injury'
MONTGOMERY,42452,11.75,'Maryland (State)',Bicyclist,'STRAIGHT MOVEMENT ANGLE',Clear,Dry,Daylight,'STOP SIGN','None Detected','None Detected','Walking/Cycling on Sidewalk',None,'DRIVEWAY ACCESS MARKED CROSSWALK',No,None,0.598564,0.8997,'Suspected Minor Injury'
MONTGOMERY,43871,11,County,Pedestrian,'Single Vehicle',Clear,Dry,Daylight,'NO CONTROLS','None Detected','None Detected','Cross/Enter at Intersection',None,'ON ROADWAY AT CROSSWALK',No,None,0.528557,0.945546,'Possible Injury'
MONTGOMERY,44884,19.9,County,Pedestrian,'Single Vehicle',Clear,Dry,'Dark - Lighted','NO CONTROLS','None Detected','None Detected','Cross/Enter at Intersection','IN ROADWAY IMPROPERLY','AT INTERSECTION BUT NO CROSSWALK',Yes,None,0.499909,0.949313,'No Apparent Injury'
MONTGOMERY,44592,7.917,County,Pedestrian,'Single Vehicle',Clear,Dry,Daylight,PERSON,'None Detected','None Detected',' Working',Dart/Dash,'ON ROADWAY NOT AT CROSSWALK',Yes,Yes,0.565298,0.94762,'Suspected Minor Injury'
MONTGOMERY,44921,11.467,County,Pedestrian,'Single Vehicle',Clear,Dry,Daylight,'NO CONTROLS','None Detected','None Detected','Cross/Enter Not at Intersection','IN ROADWAY IMPROPERLY','ON ROADWAY NOT AT CROSSWALK',Yes,None,0.610968,0.987107,'Possible Injury'
MONTGOMERY,42094,15.917,'Maryland (State)',Pedestrian,'Single Vehicle',Clear,Dry,Daylight,'TRAFFIC SIGNAL','None Detected','None Detected','Cross/Enter at Intersection',Dart/Dash,'ON ROADWAY NOT AT CROSSWALK',No,None,0.714219,0.842006,'Suspected Serious Injury'
ROCKVILLE,43383,6.667,County,Pedestrian,'Single Vehicle',Clear,Dry,Dawn,'NO CONTROLS','None Detected','None Detected',Standing,Inattentive,'ON ROADWAY AT CROSSWALK',No,None,0.619073,0.903246,'Possible Injury'
ROCKVILLE,42073,19.617,Municipality,Pedestrian,'Single Vehicle',Rain,Wet,'Dark - Lighted','TRAFFIC SIGNAL','None Detected','None Detected','Cross/Enter at Intersection',None,'ON ROADWAY AT CROSSWALK',No,None,0.648282,0.881126,'Possible Injury'
MONTGOMERY,43192,6.2,'Maryland (State)',Pedestrian,'STRAIGHT MOVEMENT ANGLE',Rain,Wet,'Dark - Lighted','NO CONTROLS','None Detected','None Detected','Cross/Enter at Intersection',None,SIDEWALK,No,None,0.500733,0.947636,'Suspected Minor Injury'
ROCKVILLE,44224,13.5,Municipality,Pedestrian,'Single Vehicle',Clear,Dry,Daylight,'NO CONTROLS','None Detected','None Detected','Cross/Enter Not at Intersection',Dart/Dash,'ON ROADWAY NOT AT CROSSWALK',Yes,None,0.598485,0.911592,'Possible Injury'
MONTGOMERY,44405,19.567,Municipality,Bicyclist,'Single Vehicle',Clear,Dry,Daylight,'YIELD SIGN','None Detected','None Detected','Cross/Enter at Intersection',None,'ON ROADWAY AT CROSSWALK',No,Yes,0.652627,0.855641,'Suspected Serious Injury'
MONTGOMERY,44596,6.667,County,Pedestrian,'Single Vehicle',Rain,Wet,'Dark - Not Lighted','NO CONTROLS','None Detected','None Detected','Cross/Enter at Intersection','NOT VISIBLE','ON ROADWAY AT CROSSWALK',No,None,0.55577,0.948154,'Suspected Minor Injury'
ROCKVILLE,45446,11.833,Municipality,Pedestrian,'Single Vehicle',Clear,Dry,Daylight,'NO CONTROLS','None Detected','None Detected','Walking/Riding w/Traffic',None,CURB,No,None,0.607462,0.894574,'No Apparent Injury'
MONTGOMERY,43088,12.65,Municipality,Pedestrian,'Single Vehicle',Clear,Dry,Daylight,'STOP SIGN','None Detected','None Detected','Cross/Enter at Intersection',None,'AT AT INTERSECTION MARKED CROSSWALK',No,None,0.468888,0.921354,'Possible Injury'
MONTGOMERY,45445,18.783,'Maryland (State)',Pedestrian,'Single Vehicle',Clear,Dry,Daylight,'NO CONTROLS','None Detected','None Detected','Cross/Enter at Intersection','IN ROADWAY IMPROPERLY','ON ROADWAY AT CROSSWALK',Yes,None,0.537387,0.953257,'Suspected Serious Injury'
MONTGOMERY,44737,12.283,County,Pedestrian,'SAME DIRECTION SIDESWIPE',Clear,Dry,Daylight,'NO CONTROLS','ALCOHOL PRESENT ','None Detected','Cross/Enter at Intersection',None,'ON ROADWAY AT CROSSWALK',No,None,0.50916,0.958849,'Suspected Minor Injury'
ROCKVILLE,42487,17.733,Municipality,Pedestrian,'Single Vehicle',Cloudy,Dry,Daylight,'NO CONTROLS','None Detected','None Detected','Cross/Enter at Intersection',Inattentive,'ON ROADWAY NOT AT CROSSWALK',Yes,None,0.632404,0.881503,'Possible Injury'
MONTGOMERY,42112,9.55,'Maryland (State)',Pedestrian,'Single Vehicle',Clear,Dry,Daylight,'NO CONTROLS','None Detected','None Detected','Cross/Enter at Intersection',None,'ON ROADWAY AT CROSSWALK',No,None,0.624672,0.942102,'Possible Injury'
ROCKVILLE,42014,13.05,County,Pedestrian,'Single Vehicle',Clear,Dry,Daylight,'NO CONTROLS','None Detected','None Detected','Cross/Enter at Intersection',None,'ON ROADWAY AT CROSSWALK',No,None,0.608451,0.901171,'No Apparent Injury'
MONTGOMERY,44700,13.733,County,Pedestrian,'STRAIGHT MOVEMENT ANGLE',Clear,Dry,Daylight,'TRAFFIC SIGNAL','None Detected','None Detected','Cross/Enter at Intersection','FAILURE TO YIELD RIGHT OF WAY','ON ROADWAY AT CROSSWALK',Yes,None,0.652291,0.891581,'Suspected Minor Injury'
MONTGOMERY,44510,18,County,Pedestrian,'Single Vehicle',Clear,Dry,'Dark - Lighted','STOP SIGN','None Detected','None Detected','Walking/Cycling on Sidewalk',None,SIDEWALK,No,None,0.567103,0.91043,'Possible Injury'
MONTGOMERY,43885,9.033,County,Pedestrian,'STRAIGHT MOVEMENT ANGLE',Clear,Dry,Daylight,'STOP SIGN','None Detected','None Detected','Getting off/on Vehicle',None,'ON ROADWAY AT CROSSWALK',Yes,None,0.504041,0.866091,'Suspected Minor Injury'
MONTGOMERY,43421,16.117,County,Pedestrian,'Single Vehicle',Clear,Dry,Daylight,'NO CONTROLS','None Detected','None Detected','Cross/Enter at Intersection',None,'ON ROADWAY AT CROSSWALK',No,None,0.737347,0.849587,'Suspected Minor Injury'
MONTGOMERY,44389,14.55,County,Pedestrian,'Single Vehicle',Clear,Dry,Daylight,'NO CONTROLS','None Detected','None Detected','Cross/Enter at Intersection',None,'ON ROADWAY AT CROSSWALK',No,None,0.54299,0.926759,'Possible Injury'
MONTGOMERY,43358,11.933,County,Pedestrian,'Single Vehicle',Clear,Dry,Daylight,'NO CONTROLS','None Detected','None Detected','Getting off/on Vehicle','ENTERING EXITING PARKED STANDING VEHICLE','ON ROADWAY NOT AT CROSSWALK',No,None,0.506625,0.949784,'Possible Injury'
MONTGOMERY,42528,14.35,County,Bicyclist,'HEAD ON',Clear,Dry,Daylight,'NO CONTROLS','None Detected','None Detected',Playing,None,CURB,No,None,0.541355,0.955524,'Possible Injury'
MONTGOMERY,43381,15.85,'Maryland (State)',Pedestrian,'Single Vehicle',Clear,Dry,Daylight,'TRAFFIC SIGNAL','None Detected','None Detected','Cross/Enter at Intersection',None,'ON ROADWAY AT CROSSWALK',No,None,0.589093,0.933829,'Possible Injury'
MONTGOMERY,42751,18.183,County,Pedestrian,'Single Vehicle',Clear,Wet,'Dark - Lighted','NO CONTROLS','None Detected','None Detected','Cross/Enter at Intersection',None,'AT AT INTERSECTION MARKED CROSSWALK',No,None,0.643223,0.870486,'Possible Injury'
MONTGOMERY,43742,8.183,County,Pedestrian,'Single Vehicle',Clear,Dry,Daylight,'NO CONTROLS','None Detected','None Detected','Cross/Enter at Intersection',None,'ON ROADWAY AT CROSSWALK',No,None,0.575577,0.974677,'Possible Injury'
MONTGOMERY,42298,23.2,'Maryland (State)',Pedestrian,'Single Vehicle',Clear,Dry,'Dark - Not Lighted','NO CONTROLS','COMBINED SUBSTANCE PRESENT','None Detected',Standing,None,SHOULDER,No,None,0.689946,0.844197,'Suspected Minor Injury'
ROCKVILLE,43776,7.667,Municipality,Pedestrian,'Single Vehicle',Cloudy,Dry,Daylight,'NO CONTROLS','None Detected','None Detected','Cross/Enter at Intersection',None,'ON ROADWAY AT CROSSWALK',No,None,0.603221,0.893494,'Possible Injury'
MONTGOMERY,42713,13.267,County,Pedestrian,'Single Vehicle',Clear,Dry,Daylight,'NO CONTROLS','None Detected','None Detected','Cross/Enter Not at Intersection',None,'ON ROADWAY AT CROSSWALK',No,None,0.499184,0.917252,'Possible Injury'
TAKOMA,43630,22.25,County,Pedestrian,'Single Vehicle',Clear,Dry,'Dark - Lighted','NO CONTROLS','None Detected','None Detected',Standing,None,SIDEWALK,No,None,0.502724,0.964142,'Possible Injury'
MONTGOMERY,42598,10.5,County,Pedestrian,'Single Vehicle',Clear,Dry,Daylight,'NO CONTROLS','None Detected','None Detected','Getting off/on Vehicle',None,SHOULDER,No,None,0.683787,0.93549,'Suspected Minor Injury'
GAITHERSBURG,44743,10.733,County,Pedestrian,'SAME DIRECTION SIDESWIPE',Clear,Dry,Daylight,'NO CONTROLS','None Detected','None Detected',Standing,None,'ON ROADWAY AT CROSSWALK',No,None,0.67447,0.874851,'Possible Injury'
MONTGOMERY,43861,20.5,County,Pedestrian,'Single Vehicle',Clear,Dry,'Dark - Lighted','NO CONTROLS','None Detected','None Detected',' Working',None,'ON ROADWAY AT CROSSWALK',No,None,0.73907,0.850997,'Possible Injury'
MONTGOMERY,42873,13.467,County,Pedestrian,'Single Vehicle',Clear,Dry,Daylight,'STOP SIGN','None Detected','None Detected','Cross/Enter at Intersection',None,'AT AT INTERSECTION MARKED CROSSWALK',No,None,0.521859,0.92642,'Suspected Minor Injury'
GAITHERSBURG,43352,8,'Maryland (State)',Pedestrian,'STRAIGHT MOVEMENT ANGLE',Rain,Wet,Daylight,'TRAFFIC SIGNAL','None Detected','None Detected','Cross/Enter Not at Intersection','FAILURE TO YIELD RIGHT OF WAY','ON ROADWAY NOT AT CROSSWALK',Yes,None,0.672713,0.868999,'Possible Injury'
MONTGOMERY,45303,18.317,'Maryland (State)',Pedestrian,'Single Vehicle',Clear,Wet,'Dark - Lighted','TRAFFIC SIGNAL','None Detected','None Detected','Cross/Enter at Intersection','IN ROADWAY IMPROPERLY','ON ROADWAY NOT AT CROSSWALK',Yes,None,0.639677,0.889397,'Suspected Minor Injury'
MONTGOMERY,43360,19.783,'Maryland (State)',Bicyclist,'Single Vehicle',Rain,Wet,'Dark - Lighted','TRAFFIC SIGNAL','None Detected','None Detected','Cross/Enter at Intersection',None,'AT AT INTERSECTION MARKED CROSSWALK',No,Yes,0.467108,0.922602,'Possible Injury'
MONTGOMERY,43487,14.817,County,Pedestrian,'Single Vehicle',Clear,Dry,Daylight,'NO CONTROLS','None Detected','None Detected','Cross/Enter at Intersection',None,'ON ROADWAY AT CROSSWALK',Yes,None,0.508209,0.912391,'Suspected Minor Injury'
GAITHERSBURG,43774,15.75,Municipality,Pedestrian,'Single Vehicle',Clear,Dry,Daylight,'NO CONTROLS','None Detected','None Detected','Cross/Enter at Intersection',None,'AT INTERSECTION BUT NO CROSSWALK',No,None,0.693579,0.865758,'Possible Injury'
MONTGOMERY,42649,18.5,County,Pedestrian,'Single Vehicle',Clear,Dry,Dusk,'NO CONTROLS','None Detected','None Detected','Cross/Enter Not at Intersection','IN ROADWAY IMPROPERLY','ON ROADWAY NOT AT CROSSWALK',Yes,None,0.557941,0.966929,'Possible Injury'
TAKOMA,43040,23.2,'Maryland (State)',Pedestrian,'Single Vehicle',Clear,Dry,'Dark - Lighted','NO CONTROLS','ALCOHOL PRESENT','None Detected','Cross/Enter at Intersection',None,'ON ROADWAY AT CROSSWALK',No,None,0.483546,0.956733,'No Apparent Injury'
ROCKVILLE,42872,14.5,Municipality,Pedestrian,'Single Vehicle',Clear,Dry,Daylight,'TRAFFIC SIGNAL','None Detected','None Detected','Cross/Enter at Intersection',None,'AT AT INTERSECTION MARKED CROSSWALK',No,None,0.606819,0.895821,'Suspected Minor Injury'
MONTGOMERY,42377,10.35,'Maryland (State)',Pedestrian,'STRAIGHT MOVEMENT ANGLE',Clear,Dry,Daylight,'NO CONTROLS','None Detected','None Detected','Cross/Enter at Intersection',None,'ON ROADWAY AT CROSSWALK',No,None,0.535002,0.95403,'Possible Injury'
MONTGOMERY,44390,11.833,County,Pedestrian,'Single Vehicle',Clear,Dry,Daylight,'STOP SIGN','None Detected','None Detected','Cross/Enter at Intersection',None,'ON ROADWAY NOT AT CROSSWALK',No,None,0.510045,0.949762,'Possible Injury'
MONTGOMERY,43943,19.05,County,Pedestrian,'Single Vehicle',Clear,Dry,Daylight,'NO CONTROLS','None Detected','None Detected','Walking/Cycling on Sidewalk',None,SIDEWALK,No,None,0.577129,0.92557,'Suspected Minor Injury'
MONTGOMERY,45315,20.867,County,Pedestrian,'HEAD ON',Clear,Dry,'Dark - Lighted','NO CONTROLS','None Detected','None Detected','Cross/Enter at Intersection',None,'ON ROADWAY AT CROSSWALK',No,None,0.616457,0.93013,'Suspected Minor Injury'
GAITHERSBURG,43810,7.933,County,Pedestrian,'Single Vehicle',Clear,Wet,Daylight,'TRAFFIC SIGNAL','None Detected','None Detected','Cross/Enter at Intersection',None,'AT AT INTERSECTION MARKED CROSSWALK',No,None,0.684036,0.875882,'Suspected Minor Injury'
MONTGOMERY,43641,19,County,Pedestrian,'Single Vehicle',Clear,Dry,Dusk,'TRAFFIC SIGNAL','None Detected','None Detected','Cross/Enter at Intersection',None,'ON ROADWAY AT CROSSWALK',No,None,0.686115,0.88435,'Suspected Minor Injury'
MONTGOMERY,42305,18.733,County,Pedestrian,'HEAD ON LEFT TURN',Rain,Wet,'Dark - Not Lighted','STOP SIGN','None Detected','None Detected','Cross/Enter at Intersection',None,'AT AT INTERSECTION MARKED CROSSWALK',No,None,0.575786,0.913155,'Suspected Minor Injury'
MONTGOMERY,43822,18.017,County,Pedestrian,'Single Vehicle',Clear,Dry,'Dark - Lighted','NO CONTROLS','None Detected','None Detected',Standing,None,'ON ROADWAY AT CROSSWALK',No,None,0.556692,0.937103,'Suspected Serious Injury'
MONTGOMERY,44194,11.583,County,Pedestrian,'Single Vehicle',Clear,Dry,Daylight,'TRAFFIC SIGNAL','None Detected','None Detected','Cross/Enter at Intersection',None,'AT AT INTERSECTION MARKED CROSSWALK',No,None,0.555744,0.938834,'Possible Injury'
MONTGOMERY,44922,17.5,'Maryland (State)',Pedestrian,'Single Vehicle',Clear,Dry,'Dark - Lighted','TRAFFIC SIGNAL','None Detected','None Detected','Cross/Enter at Intersection','FAILURE TO OBEY TRAFFIC SIGNS SIGNALS OR OFFICER','ON ROADWAY AT CROSSWALK',Yes,None,0.591233,0.886232,'Suspected Minor Injury'
MONTGOMERY,43067,14.2,County,Pedestrian,'Single Vehicle',Clear,Dry,Daylight,'NO CONTROLS','None Detected','None Detected','Cross/Enter Not at Intersection',Inattentive,'ON ROADWAY NOT AT CROSSWALK',Yes,None,0.494412,0.905132,'Suspected Minor Injury'
TAKOMA,42613,13.917,'Maryland (State)',Pedestrian,'Single Vehicle',Clear,Dry,Daylight,'TRAFFIC SIGNAL','None Detected','None Detected','Cross/Enter Not at Intersection','IN ROADWAY IMPROPERLY','ON ROADWAY NOT AT CROSSWALK',Yes,None,0.500334,0.965279,'Suspected Minor Injury'
MONTGOMERY,42314,18,'Maryland (State)',Pedestrian,'Single Vehicle',Clear,Dry,'Dark - Lighted','TRAFFIC SIGNAL','None Detected','None Detected','Cross/Enter at Intersection',None,'ON ROADWAY AT CROSSWALK',No,None,0.517345,0.950389,'Suspected Minor Injury'
ROCKVILLE,42719,17.267,Municipality,Pedestrian,'Single Vehicle',Clear,Dry,'Dark - Lighted','STOP SIGN','None Detected','None Detected','Walking to/from school',None,'AT AT INTERSECTION MARKED CROSSWALK',No,None,0.603269,0.896341,'Possible Injury'
MONTGOMERY,45329,22.1,'Maryland (State)',Pedestrian,'Single Vehicle',Clear,Dry,'Dark - Lighted','NO CONTROLS','None Detected','None Detected','Cross/Enter Not at Intersection',None,'ON ROADWAY AT CROSSWALK',No,None,0.505469,0.944679,'Suspected Serious Injury'
MONTGOMERY,44349,21.417,County,Pedestrian,'Single Vehicle',Clear,Dry,'Dark - Lighted','NO CONTROLS','None Detected','None Detected','Cross/Enter at Intersection',None,'ON ROADWAY AT CROSSWALK',No,None,0.731271,0.851686,'Possible Injury'
MONTGOMERY,43728,6.417,County,Pedestrian,'SAME DIRECTION SIDESWIPE',Clear,Dry,'Dark - Not Lighted','NO CONTROLS','None Detected','None Detected','Walking/Riding w/Traffic','NOT VISIBLE','ON ROADWAY NOT AT CROSSWALK',Yes,None,0.868237,0.855614,'Suspected Serious Injury'
MONTGOMERY,43787,13.4,County,Bicyclist,'STRAIGHT MOVEMENT ANGLE',Cloudy,Dry,Daylight,'NO CONTROLS','None Detected','None Detected','Cross/Enter at Intersection',None,'ON ROADWAY AT CROSSWALK',No,None,0.610715,0.928018,'Possible Injury'
MONTGOMERY,44657,8.367,County,Pedestrian,'Single Vehicle',Rain,Wet,Daylight,'NO CONTROLS','None Detected','None Detected','Cross/Enter at Intersection',None,'ON ROADWAY AT CROSSWALK',No,None,0.536706,0.914384,'No Apparent Injury'
MONTGOMERY,43573,13.267,County,Pedestrian,'Single Vehicle',Cloudy,Dry,Daylight,'NO CONTROLS','None Detected','None Detected','Cross/Enter Not at Intersection','IN ROADWAY IMPROPERLY','ON ROADWAY NOT AT CROSSWALK',Yes,None,0.489096,0.91783,'Suspected Minor Injury'
MONTGOMERY,44581,15.667,County,Pedestrian,'Single Vehicle',Clear,Dry,Daylight,'NO CONTROLS','None Detected','None Detected',Standing,None,'ON ROADWAY AT CROSSWALK',No,None,0.574275,0.909943,'Possible Injury'
MONTGOMERY,45354,20.417,'Maryland (State)',Pedestrian,'Single Vehicle',Rain,Wet,'Dark - Lighted','NO CONTROLS','ALCOHOL PRESENT','None Detected','Cross/Enter at Intersection',None,'ON ROADWAY AT CROSSWALK',No,None,0.484754,0.920637,'Suspected Minor Injury'
MONTGOMERY,43964,14.7,County,Pedestrian,'Single Vehicle',Clear,Dry,Daylight,'NO CONTROLS','None Detected','None Detected','Cross/Enter at Intersection',Dart/Dash,'ON ROADWAY AT CROSSWALK',No,None,0.574599,0.980778,'Possible Injury'
MONTGOMERY,44596,17.933,County,Pedestrian,'Single Vehicle',Rain,Dry,'Dark - Lighted','NO CONTROLS','None Detected','None Detected','Cross/Enter at Intersection',None,'ON ROADWAY AT CROSSWALK',No,None,0.639331,0.989957,'Possible Injury'
MONTGOMERY,44754,11.75,'Maryland (State)',Bicyclist,'STRAIGHT MOVEMENT ANGLE',Clear,Dry,Daylight,'STOP SIGN','None Detected','None Detected','Cross/Enter at Intersection',None,SIDEWALK,No,Yes,0.501644,0.92678,'Suspected Minor Injury'
MONTGOMERY,43397,15.75,'Maryland (State)',Pedestrian,'Single Vehicle',Clear,Dry,Daylight,'TRAFFIC SIGNAL','None Detected','None Detected','Cross/Enter at Intersection',Dart/Dash,'ON ROADWAY AT CROSSWALK',No,None,0.540216,0.940342,'Possible Injury'
MONTGOMERY,45447,17.317,Municipality,Pedestrian,'Single Vehicle',Clear,Dry,Daylight,'NO CONTROLS','None Detected','None Detected','Cross/Enter Not at Intersection',Dart/Dash,'ON ROADWAY NOT AT CROSSWALK',Yes,None,0.673981,0.875269,'Suspected Serious Injury'
MONTGOMERY,43107,18.833,County,Pedestrian,'Single Vehicle',Clear,Dry,'Dark - Lighted','NO CONTROLS','None Detected','None Detected','Cross/Enter Not at Intersection','ENTERING EXITING PARKED STANDING VEHICLE','ON ROADWAY NOT AT CROSSWALK',No,None,0.569286,0.929399,'Possible Injury'
MONTGOMERY,43890,17,'Maryland (State)',Bicyclist,'STRAIGHT MOVEMENT ANGLE',Clear,Dry,Daylight,'NO CONTROLS','None Detected','None Detected','Walking/Riding against Traffic',None,SIDEWALK,No,None,0.598635,0.95995,'Possible Injury'
MONTGOMERY,44622,11.833,County,Pedestrian,'Single Vehicle',Cloudy,Dry,Daylight,PERSON,'None Detected','None Detected','Cross/Enter at Intersection',None,'ON ROADWAY AT CROSSWALK',No,None,0.536864,0.906341,'Suspected Minor Injury'
ROCKVILLE,43600,16.583,County,Pedestrian,'Single Vehicle',Clear,Dry,Daylight,'NO CONTROLS','None Detected','None Detected','Cross/Enter at Intersection',None,'AT INTERSECTION BUT NO CROSSWALK',No,None,0.587056,0.90963,'Suspected Minor Injury'
MONTGOMERY,42492,8.8,County,Pedestrian,'Single Vehicle',Rain,Dry,Daylight,'STOP SIGN','None Detected','None Detected','Cross/Enter at Intersection',None,'ON ROADWAY AT CROSSWALK',No,None,0.56832,0.966327,'No Apparent Injury'