'Agency Name','Days after Jan 1','Hours past Midnight','Route Type','Related Non-Motorist','Collision Type',Weather,'Surface Condition',Light,'Traffic Control','Driver Substance Abuse','Non-Motorist Substance Abuse','Pedestrian Movement','Pedestrian Actions','Pedestrian Location','At Fault','Safety Equipment','Lat- Normalized','Long- Normalized','Injury Severity'
MONTGOMERY,43747,16.3,County,Pedestrian,'Single Vehicle',Clear,Dry,Daylight,'STOP SIGN','None Detected','None Detected','Cross/Enter at Intersection','IN ROADWAY IMPROPERLY','ON ROADWAY NOT AT CROSSWALK',Yes,None,0.626821,0.928035,'Suspected Minor Injury'
MONTGOMERY,42717,18.483,'Maryland (State)',Pedestrian,'Single Vehicle',Clear,Dry,'Dark - Lighted','TRAFFIC SIGNAL','None Detected','None Detected','Cross/Enter at Intersection','IN ROADWAY IMPROPERLY','ON ROADWAY NOT AT CROSSWALK',Yes,None,0.565077,0.910999,'Suspected Serious Injury'
MONTGOMERY,43589,2.617,County,Pedestrian,'Single Vehicle',Clear,Dry,'Dark - Lighted','NO CONTROLS','None Detected','ALCOHOL PRESENT',Standing,None,'ON ROADWAY AT CROSSWALK',No,None,0.50075,0.949607,'Possible Injury'
MONTGOMERY,42621,6.783,'Maryland (State)',Bicyclist,'STRAIGHT MOVEMENT ANGLE',Clear,Dry,Daylight,'NO CONTROLS','None Detected','None Detected','Walking/Riding w/Traffic',None,'IN BIKEWAY',No,Yes,0.603307,0.960068,'Suspected Minor Injury'
MONTGOMERY,42361,19.017,County,Pedestrian,'Single Vehicle',Rain,Wet,'Dark - Lighted','STOP SIGN','None Detected','None Detected','Cross/Enter at Intersection',None,'ON ROADWAY AT CROSSWALK',No,None,0.643742,0.867414,'Suspected Serious Injury'
MONTGOMERY,42172,7.017,'Maryland (State)',Pedestrian,'Single Vehicle',Clear,Dry,Daylight,'TRAFFIC SIGNAL','None Detected','None Detected','Cross/Enter Not at Intersection','IN ROADWAY IMPROPERLY','ON ROADWAY NOT AT CROSSWALK',No,None,0.571265,0.938332,'Suspected Serious Injury'
MONTGOMERY,43760,7.583,County,Bicyclist,'Single Vehicle',Cloudy,Dry,Dawn,'NO CONTROLS','None Detected','None Detected','Walking/Cycling on Sidewalk',None,SIDEWALK,No,Yes,0.54125,0.904387,'Suspected Minor Injury'
MONTGOMERY,42768,9.017,'Maryland (State)',Bicyclist,'STRAIGHT MOVEMENT ANGLE',Cloudy,Dry,Daylight,'NO CONTROLS','None Detected','None Detected','Cross/Enter at Intersection','FAILURE TO YIELD RIGHT OF WAY','AT INTERSECTION BUT NO CROSSWALK',Yes,Yes,0.520823,0.91752,'Possible Injury'
MONTGOMERY,44202,22.383,'Maryland (State)',Pedestrian,'Single Vehicle',Clear,Dry,'Dark - Lighted',PERSON,'None Detected','ALCOHOL CONTRIBUTED','Cross/Enter Not at Intersection',Dart/Dash,'AT INTERSECTION BUT NO CROSSWALK',Yes,None,0.716367,0.855702,'Possible Injury'
MONTGOMERY,42748,12.233,'Maryland (State)',Pedestrian,'Single Vehicle',Clear,Dry,Daylight,'TRAFFIC SIGNAL','None Detected','None Detected','Cross/Enter at Intersection',None,'ON ROADWAY AT CROSSWALK',No,None,0.596312,0.987141,'Possible Injury'
MONTGOMERY,45626,18.217,County,Pedestrian,'SAME DIRECTION SIDESWIPE',Clear,Dry,'Dark - Lighted','TRAFFIC SIGNAL','None Detected','None Detected','Cross/Enter at Intersection',None,'ON ROADWAY AT CROSSWALK',No,None,0.664197,0.891079,'No Apparent Injury'
MONTGOMERY,43527,18.833,County,Pedestrian,'Single Vehicle',Rain,Wet,'Dark - Lighted','NO CONTROLS','None Detected','None Detected','Cross/Enter at Intersection',None,'AT INTERSECTION BUT NO CROSSWALK',No,None,0.558666,0.886379,'Possible Injury'
MONTGOMERY,43711,8.8,Municipality,Pedestrian,'Single Vehicle',Clear,Dry,Daylight,'STOP SIGN','None Detected','None Detected','Cross/Enter at Intersection',None,'AT AT INTERSECTION MARKED CROSSWALK',No,None,0.59764,0.89379,'Suspected Minor Injury'
MONTGOMERY,42073,19.75,County,Pedestrian,'Single Vehicle',Rain,Wet,'Dark - Lighted','TRAFFIC SIGNAL','None Detected','None Detected','Cross/Enter at Intersection','IN ROADWAY IMPROPERLY','ON ROADWAY NOT AT CROSSWALK',No,None,0.565088,0.91093,'Suspected Minor Injury'
MONTGOMERY,43423,6.25,County,Pedestrian,'Single Vehicle',Clear,Dry,'Dark - Not Lighted','NO CONTROLS','None Detected','None Detected','Cross/Enter at Intersection',None,'ON ROADWAY AT CROSSWALK',No,None,0.617211,0.927686,'Suspected Minor Injury'
MONTGOMERY,43812,7.3,County,Pedestrian,'Single Vehicle',Cloudy,Dry,Daylight,'NO CONTROLS','None Detected','None Detected','Approach/Leaving Schoolbus',None,'ON ROADWAY AT CROSSWALK',Yes,None,0.572108,0.902526,'Suspected Serious Injury'
MONTGOMERY,42874,18.917,County,Pedestrian,'Single Vehicle',Clear,Dry,Daylight,'NO CONTROLS','None Detected','None Detected','Cross/Enter Not at Intersection',Inattentive,'ON ROADWAY NOT AT CROSSWALK',No,None,0.574107,0.980087,'Suspected Minor Injury'
MONTGOMERY,45611,6.483,'Maryland (State)',Bicyclist,'STRAIGHT MOVEMENT ANGLE',Clear,Dry,'Dark - Not Lighted','STOP SIGN','None Detected','None Detected','Walking/Riding w/Traffic',None,'IN BIKEWAY',No,None,0.632086,1.000009,'Suspected Minor Injury'
GAITHERSBURG,45403,10.417,County,Pedestrian,'Single Vehicle',Clear,Dry,Daylight,'NO CONTROLS','None Detected','None Detected','Cross/Enter at Intersection',None,'ON ROADWAY AT CROSSWALK',No,None,0.690813,0.86691,'Possible Injury'
MONTGOMERY,44501,13.983,'Maryland (State)',Pedestrian,'SAME DIRECTION SIDESWIPE',Clear,Dry,Daylight,PERSON,'None Detected','None Detected',Standing,Dart/Dash,'ON ROADWAY AT CROSSWALK',No,Yes,0.753696,0.897914,'Possible Injury'
TAKOMA,45355,15,'Maryland (State)',Pedestrian,'Single Vehicle',Clear,Dry,Daylight,'TRAFFIC SIGNAL','None Detected','None Detected','Cross/Enter at Intersection',Dart/Dash,'ON ROADWAY NOT AT CROSSWALK',Yes,None,0.48285,0.963289,'No Apparent Injury'
MONTGOMERY,42893,10.2,'US (State)',Pedestrian,'HEAD ON LEFT TURN',Clear,Dry,Daylight,'TRAFFIC SIGNAL','None Detected','None Detected','Cross/Enter at Intersection',None,'ON ROADWAY AT CROSSWALK',No,None,0.503768,0.948966,'Suspected Minor Injury'
MONTGOMERY,43382,19.033,County,Bicyclist,'STRAIGHT MOVEMENT ANGLE',Cloudy,Dry,Dusk,'STOP SIGN','None Detected','None Detected','Walking/Riding w/Traffic','FAILURE TO OBEY TRAFFIC SIGNS SIGNALS OR OFFICER','ON ROADWAY NOT AT CROSSWALK',Yes,None,0.681122,0.878489,'Suspected Minor Injury'
MONTGOMERY,43411,18.433,County,Bicyclist,'Single Vehicle',Clear,Dry,'Dark - Not Lighted','NO CONTROLS','None Detected','None Detected','Cross/Enter at Intersection','IN ROADWAY IMPROPERLY','ON ROADWAY NOT AT CROSSWALK',No,None,0.577941,0.929336,'Fatal Injury'
MONTGOMERY,43451,9.133,County,Pedestrian,'Single Vehicle',Clear,Dry,'Dark - Lighted','TRAFFIC SIGNAL','None Detected','None Detected','Cross/Enter at Intersection',None,'ON ROADWAY AT CROSSWALK',No,None,0.578268,0.938727,'Possible Injury'
MONTGOMERY,44640,8.45,'Maryland (State)',Bicyclist,'Single Vehicle',Clear,Dry,Daylight,'TRAFFIC SIGNAL','None Detected','None Detected','Cross/Enter at Intersection',None,'ON ROADWAY AT CROSSWALK',No,Yes,0.516177,0.917884,'Possible Injury'
MONTGOMERY,42205,22.35,'Maryland (State)',Pedestrian,'Single Vehicle',Clear,Dry,'Dark - Lighted','NO CONTROLS','None Detected','None Detected','Cross/Enter Not at Intersection','IN ROADWAY IMPROPERLY','ON ROADWAY NOT AT CROSSWALK',Yes,None,0.730643,0.852936,'Suspected Serious Injury'
MONTGOMERY,44518,8.5,County,Pedestrian,'Single Vehicle',Clear,Dry,Daylight,'TRAFFIC SIGNAL','None Detected','None Detected','Cross/Enter at Intersection','IN ROADWAY IMPROPERLY','ON ROADWAY AT CROSSWALK',Yes,None,0.710899,0.868936,'Suspected Minor Injury'
MONTGOMERY,42678,8.817,County,Pedestrian,'Single Vehicle',Clear,Dry,Daylight,'NO CONTROLS','None Detected','None Detected','Cross/Enter at Intersection',None,'ON ROADWAY NOT AT CROSSWALK',Yes,None,0.605287,0.865311,'Possible Injury'
TAKOMA,43117,9.55,County,Pedestrian,'Single Vehicle',Cloudy,Dry,Daylight,'NO CONTROLS','None Detected','None Detected','Getting off/on Vehicle','ENTERING EXITING PARKED STANDING VEHICLE','ON ROADWAY AT CROSSWALK',No,None,0.496008,0.965484,'Possible Injury'
MONTGOMERY,44051,13.883,County,Bicyclist,'Single Vehicle',Cloudy,Dry,Daylight,'TRAFFIC SIGNAL','None Detected','None Detected','Walking/Cycling on Sidewalk',None,'AT AT INTERSECTION MARKED CROSSWALK',No,None,0.664079,0.891089,'Suspected Minor Injury'
MONTGOMERY,45354,19.5,County,Pedestrian,'Single Vehicle',Rain,Wet,'Dark - Not Lighted','TRAFFIC SIGNAL','None Detected','None Detected','Cross/Enter Not at Intersection',None,'ON ROADWAY AT CROSSWALK',No,None,0.577787,0.938594,'Possible Injury'
MONTGOMERY,44032,18.5,'Maryland (State)',Bicyclist,'Single Vehicle',Clear,Dry,Dusk,'NO CONTROLS','None Detected','None Detected','Cross/Enter at Intersection',None,'ON ROADWAY AT CROSSWALK',No,None,0.511874,0.948521,'Possible Injury'
ROCKVILLE,43021,16.367,'Maryland (State)',' CONVEYANCE','Single Vehicle',Cloudy,Dry,Daylight,'NO CONTROLS','None Detected','None Detected','Cross/Enter at Intersection','FAILURE TO YIELD RIGHT OF WAY',SIDEWALK,Yes,None,0.581588,0.906269,'Possible Injury'
MONTGOMERY,43899,14,County,Pedestrian,'Single Vehicle',Clear,Dry,Daylight,'NO CONTROLS','None Detected','None Detected','Cross/Enter at Intersection',None,'DRIVEWAY ACCESS MARKED CROSSWALK',No,None,0.598008,0.959632,'Suspected Minor Injury'
MONTGOMERY,45354,18.5,County,Pedestrian,'Single Vehicle',Rain,Wet,'Dark - Lighted','STOP SIGN','None Detected','None Detected','Cross/Enter at Intersection',None,'ON ROADWAY AT CROSSWALK',No,None,0.642165,0.870188,'No Apparent Injury'
MONTGOMERY,44838,6.5,'Maryland (State)',Bicyclist,'STRAIGHT MOVEMENT ANGLE',Rain,Wet,Dawn,'TRAFFIC SIGNAL','None Detected','None Detected','Cross/Enter at Intersection','IN ROADWAY IMPROPERLY','AT AT INTERSECTION MARKED CROSSWALK',Yes,None,0.50492,0.944875,'Possible Injury'
MONTGOMERY,43067,20.3,County,Pedestrian,'Single Vehicle',Clear,Dry,'Dark - Lighted','TRAFFIC SIGNAL','None Detected','None Detected','Cross/Enter at Intersection',None,'AT AT INTERSECTION MARKED CROSSWALK',No,None,0.490565,0.951859,'Suspected Minor Injury'
MONTGOMERY,44301,20.217,'Maryland (State)',Pedestrian,'Single Vehicle',Clear,Dry,'Dark - Lighted','NO CONTROLS','None Detected','None Detected','Cross/Enter at Intersection',None,'ON ROADWAY AT CROSSWALK',No,None,0.534282,0.867198,'Suspected Minor Injury'
ROCKVILLE,43393,16.883,Municipality,Pedestrian,'HEAD ON LEFT TURN',Clear,Dry,Daylight,'TRAFFIC SIGNAL','None Detected','None Detected','Cross/Enter at Intersection',None,'ON ROADWAY AT CROSSWALK',No,None,0.611004,0.893278,'Possible Injury'
MONTGOMERY,45405,3.083,'Interstate (State)',Pedestrian,'SAME DIR REAR END',Clear,Dry,'Dark - Lighted','NO CONTROLS','None Detected','None Detected','Push/Work on Vehicle','DISABLED VEHICLE RELATED','ON ROADWAY AT CROSSWALK',No,None,0.60367,0.885575,'Suspected Minor Injury'
MONTGOMERY,43242,18,'Maryland (State)',Pedestrian,'Single Vehicle',Rain,Wet,Daylight,'NO CONTROLS','None Detected','None Detected','Cross/Enter at Intersection',Dart/Dash,'AT INTERSECTION BUT NO CROSSWALK',Yes,None,0.760875,0.93682,'Suspected Minor Injury'
MONTGOMERY,43032,19.25,County,Pedestrian,'Single Vehicle',Clear,Dry,'Dark - Not Lighted','STOP SIGN','None Detected','None Detected','Cross/Enter at Intersection',None,'AT AT INTERSECTION MARKED CROSSWALK',No,None,0.629703,0.93669,'Suspected Minor Injury'
MONTGOMERY,43136,7.417,County,Pedestrian,'SAME DIRECTION SIDESWIPE',SLEET,ICE,Daylight,'NO CONTROLS','None Detected','None Detected','Getting off/on Vehicle',None,'ON ROADWAY NOT AT CROSSWALK',No,None,0.677807,0.964384,'Suspected Serious Injury'
MONTGOMERY,45368,19.933,County,Pedestrian,'Single Vehicle',Clear,Dry,'Dark - Lighted','NO CONTROLS','None Detected','None Detected',Playing,Dart/Dash,'ON ROADWAY AT CROSSWALK',Yes,None,0.510549,0.872118,'Suspected Minor Injury'
MONTGOMERY,43375,6.883,County,Pedestrian,'STRAIGHT MOVEMENT ANGLE',Clear,Dry,Dawn,'NO CONTROLS','None Detected','None Detected','Cross/Enter at Intersection',Dart/Dash,'ON ROADWAY NOT AT CROSSWALK',Yes,None,0.508037,0.931803,'Suspected Minor Injury'
MONTGOMERY,42219,18.217,County,Pedestrian,'Single Vehicle',Clear,Dry,Daylight,'NO CONTROLS','None Detected','None Detected','Cross/Enter Not at Intersection',Inattentive,'ON ROADWAY AT CROSSWALK',Yes,None,0.632734,0.997553,'No Apparent Injury'
MONTGOMERY,44617,16.1,Municipality,Pedestrian,'Single Vehicle',Clear,Dry,Daylight,'TRAFFIC SIGNAL','None Detected','None Detected','Cross/Enter at Intersection',None,'ON ROADWAY AT CROSSWALK',No,None,0.643131,0.88207,'Possible Injury'
MONTGOMERY,42927,21.317,Municipality,Bicyclist,'Single Vehicle',Clear,Dry,'Dark - Lighted','TRAFFIC SIGNAL','None Detected','None Detected','Cross/Enter at Intersection',None,'AT AT INTERSECTION MARKED CROSSWALK',No,None,0.485707,0.926672,'No Apparent Injury'
MONTGOMERY,44536,17.133,' Public Roadway',Pedestrian,'Single Vehicle',Cloudy,Dry,'Dark - Lighted','TRAFFIC SIGNAL','None Detected','None Detected','Cross/Enter at Intersection',None,'ON ROADWAY AT CROSSWALK',No,None,0.570745,0.908439,'Suspected Minor Injury'
MONTGOMERY,42314,11.25,County,Pedestrian,'Single Vehicle',Clear,Dry,Daylight,'NO CONTROLS','None Detected','None Detected','Cross/Enter at Intersection',None,'ON ROADWAY AT CROSSWALK',No,None,0.550482,0.93939,'Suspected Minor Injury'
MONTGOMERY,43088,14.017,'Maryland (State)',Pedestrian,'HEAD ON LEFT TURN',Clear,Dry,Daylight,'TRAFFIC SIGNAL','None Detected','None Detected','Cross/Enter at Intersection',None,'ON ROADWAY AT CROSSWALK',No,None,0.506606,0.926661,'Possible Injury'
MONTGOMERY,45650,18.517,County,Pedestrian,'Single Vehicle',Clear,Dry,'Dark - Lighted','NO CONTROLS','None Detected','None Detected','Cross/Enter at Intersection','NOT VISIBLE','ON ROADWAY AT CROSSWALK',No,Yes,0.841813,0.870447,'Possible Injury'
GAITHERSBURG,45378,15.917,County,Pedestrian,'Single Vehicle',Clear,Dry,Daylight,'NO CONTROLS','None Detected','None Detected','Cross/Enter at Intersection',None,'INSIDE BUILDING',No,None,0.655258,0.870408,'Possible Injury'
MONTGOMERY,43632,22,County,Pedestrian,'STRAIGHT MOVEMENT ANGLE',Clear,Dry,'Dark - Lighted','NO CONTROLS','None Detected','None Detected','Cross/Enter Not at Intersection',None,'ON ROADWAY AT CROSSWALK',No,None,0.582657,0.91874,'Suspected Minor Injury'
TAKOMA,44148,18.667,Municipality,Bicyclist,'Single Vehicle',Clear,Dry,'Dark - Lighted','NO CONTROLS','None Detected','None Detected','Cross/Enter at Intersection',None,'ON ROADWAY AT CROSSWALK',No,None,0.491896,0.954109,'Possible Injury'
MONTGOMERY,42888,20.367,County,Pedestrian,'Single Vehicle',Clear,Dry,Daylight,'NO CONTROLS','None Detected','None Detected','Cross/Enter at Intersection',None,'ON ROADWAY AT CROSSWALK',No,None,0.560741,0.939604,'Suspected Minor Injury'
MONTGOMERY,44592,16.5,County,Pedestrian,'Single Vehicle',Clear,Dry,Daylight,'NO CONTROLS','None Detected','None Detected','Cross/Enter at Intersection',None,SIDEWALK,No,None,0.493869,0.922251,'Possible Injury'
MONTGOMERY,45335,15.817,County,Pedestrian,'Single Vehicle',Clear,Dry,Daylight,'TRAFFIC SIGNAL','None Detected','None Detected','Cross/Enter at Intersection',None,'ON ROADWAY AT CROSSWALK',No,None,0.575549,0.92433,'Suspected Minor Injury'
MONTGOMERY,42850,10.533,'Maryland (State)',Pedestrian,'STRAIGHT MOVEMENT ANGLE',Rain,Wet,'Dark - Lighted','NO CONTROLS','None Detected','None Detected','Walking/Riding against Traffic','IN ROADWAY IMPROPERLY','ON ROADWAY NOT AT CROSSWALK',Yes,None,0.717303,0.844152,'No Apparent Injury'
MONTGOMERY,42228,20.283,'Maryland (State)',Bicyclist,'STRAIGHT MOVEMENT ANGLE',Clear,Dry,Dusk,'TRAFFIC SIGNAL','None Detected','None Detected','Cross/Enter at Intersection',None,'ON ROADWAY AT CROSSWALK',No,Yes,0.514436,0.912296,'Suspected Minor Injury'
TAKOMA,42571,18.333,'Maryland (State)',Pedestrian,'Single Vehicle',Clear,Dry,Daylight,'TRAFFIC SIGNAL','None Detected','None Detected','Cross/Enter at Intersection',Dart/Dash,'ON ROADWAY AT CROSSWALK',Yes,None,0.489937,0.956499,'Suspected Serious Injury'
MONTGOMERY,43599,14.233,County,Pedestrian,'Single Vehicle',Clear,Dry,Daylight,'NO CONTROLS','None Detected','None Detected','Cross/Enter at Intersection',None,'ON ROADWAY AT CROSSWALK',No,None,0.57077,0.938653,'Suspected Minor Injury'
MONTGOMERY,42693,17.667,County,Pedestrian,'Single Vehicle',Rain,Wet,'Dark - Not Lighted','NO CONTROLS','None Detected','None Detected','Cross/Enter Not at Intersection',Dart/Dash,'ON ROADWAY NOT AT CROSSWALK',Yes,None,0.690998,0.876157,'Possible Injury'
MONTGOMERY,42600,14.067,County,Bicyclist,'Single Vehicle',Clear,Dry,Daylight,'NO CONTROLS','None Detected','None Detected','Cross/Enter at Intersection',None,'ON ROADWAY AT CROSSWALK',No,Yes,0.545254,0.911093,'Suspected Minor Injury'
MONTGOMERY,44803,16.667,County,Pedestrian,'Single Vehicle',Clear,Dry,Daylight,'NO CONTROLS','None Detected','None Detected','Cross/Enter at Intersection',None,'ON ROADWAY AT CROSSWALK',No,None,0.534485,0.957044,'Possible Injury'
MONTGOMERY,44306,9.95,County,Pedestrian,'Single Vehicle',Clear,Dry,Daylight,'NO CONTROLS','None Detected','None Detected','Cross/Enter at Intersection',None,'ON ROADWAY AT CROSSWALK',No,None,0.579661,0.939893,'Possible Injury'
MONTGOMERY,44904,13.5,County,Pedestrian,'Single Vehicle',Cloudy,Dry,Daylight,'TRAFFIC SIGNAL','None Detected','None Detected','Cross/Enter at Intersection',None,CURB,No,None,0.562125,0.91139,'Possible Injury'
MONTGOMERY,43487,7.95,County,Pedestrian,'Single Vehicle',Clear,Dry,Daylight,'NO CONTROLS','None Detected','None Detected','Cross/Enter at Intersection',None,'ON ROADWAY AT CROSSWALK',No,None,0.543276,0.954089,'No Apparent Injury'
MONTGOMERY,42613,20.933,County,Pedestrian,'Single Vehicle',Clear,Dry,'Dark - Lighted','NO CONTROLS','None Detected','None Detected','Walking/Riding against Traffic','IN ROADWAY IMPROPERLY','ON ROADWAY NOT AT CROSSWALK',No,None,0.546126,0.883862,'Fatal Injury'
MONTGOMERY,45371,20.067,County,' CONVEYANCE','Single Vehicle',Clear,Dry,'Dark - Lighted','NO CONTROLS','None Detected','None Detected','Cross/Enter Not at Intersection','IN ROADWAY IMPROPERLY','ON ROADWAY NOT AT CROSSWALK',Yes,None,0.562097,0.95075,'Suspected Minor Injury'
ROCKVILLE,45448,14.633,'Maryland (State)',' PEDALCYCLIST','Single Vehicle',Clear,Dry,Daylight,'TRAFFIC SIGNAL','None Detected','None Detected','Cross/Enter at Intersection',None,'AT AT INTERSECTION MARKED CROSSWALK',No,None,0.596313,0.900888,'Suspected Minor Injury'
MONTGOMERY,43848,14.317,County,Pedestrian,'Single Vehicle',Rain,Wet,Daylight,'YIELD SIGN','None Detected','None Detected','Cross/Enter at Intersection',None,'ON ROADWAY AT CROSSWALK',No,None,0.70813,0.849722,'Possible Injury'
MONTGOMERY,42919,22.217,'Maryland (State)',Pedestrian,'Single Vehicle',Clear,Dry,'Dark - Lighted','TRAFFIC SIGNAL','None Detected','None Detected','Cross/Enter at Intersection',None,'AT AT INTERSECTION MARKED CROSSWALK',No,None,0.693918,0.839557,'Suspected Minor Injury'
MONTGOMERY,44773,16.55,'Maryland (State)',Pedestrian,'Single Vehicle',Rain,Wet,Daylight,'NO CONTROLS','None Detected','None Detected','Cross/Enter at Intersection',None,'ON ROADWAY AT CROSSWALK',No,None,0.681919,0.936178,'No Apparent Injury'
MONTGOMERY,42966,12.083,'Maryland (State)',Bicyclist,'Single Vehicle',Clear,Dry,Daylight,'NO CONTROLS','None Detected','None Detected','Cross/Enter at Intersection',None,'ON ROADWAY NOT AT CROSSWALK',Yes,None,0.698401,0.924678,'No Apparent Injury'
MONTGOMERY,42520,18.25,County,Pedestrian,'Single Vehicle',Clear,Dry,Daylight,'NO CONTROLS','None Detected','None Detected','Getting off/on Vehicle',None,'ON ROADWAY NOT AT CROSSWALK',No,Yes,0.454541,0.910096,'Suspected Minor Injury'
MONTGOMERY,43567,20.5,County,Pedestrian,'Single Vehicle',Rain,Wet,'Dark - Lighted','TRAFFIC SIGNAL','None Detected','None Detected','Cross/Enter at Intersection',None,'AT AT INTERSECTION MARKED CROSSWALK',No,None,0.562494,0.912665,'Suspected Minor Injury'
MONTGOMERY,44060,14.75,County,Bicyclist,'STRAIGHT MOVEMENT ANGLE',Cloudy,Dry,Daylight,'NO CONTROLS','None Detected','None Detected','Walking/Cycling on Sidewalk','WRONG WAY RIDING OR WALKING','ON ROADWAY AT CROSSWALK',Yes,None,0.608454,0.926259,'Suspected Minor Injury'
MONTGOMERY,43900,22.117,County,Pedestrian,'Single Vehicle',Clear,Dry,'Dark - Lighted','NO CONTROLS','None Detected','None Detected','Cross/Enter at Intersection',None,'ON ROADWAY AT CROSSWALK',No,None,0.502468,0.948877,'Possible Injury'
MONTGOMERY,42257,8.5,County,Pedestrian,'Single Vehicle',Clear,Dry,Daylight,'NO CONTROLS','None Detected','None Detected','Walking to/from school',None,SIDEWALK,No,None,0.5058,0.964519,'Suspected Minor Injury'
MONTGOMERY,44788,15.5,'Maryland (State)',Pedestrian,'Single Vehicle',Clear,Dry,Daylight,'NO CONTROLS','None Detected','None Detected','Cross/Enter at Intersection',None,'ON ROADWAY AT CROSSWALK',No,None,0.496725,0.917543,'Possible Injury'
MONTGOMERY,43453,11.75,'Maryland (State)',Pedestrian,'SAME DIR REAR END',Clear,Dry,Daylight,'TRAFFIC SIGNAL','None Detected','None Detected','Cross/Enter at Intersection','IN ROADWAY IMPROPERLY','ON ROADWAY AT CROSSWALK',No,None,0.504382,0.944659,'Possible Injury'
MONTGOMERY,43404,20.683,County,Pedestrian,'Single Vehicle',Clear,Dry,Dusk,'NO CONTROLS','None Detected','None Detected','Cross/Enter at Intersection',None,'ON ROADWAY AT CROSSWALK',No,None,0.649778,0.882302,'Suspected Minor Injury'
ROCKVILLE,43421,21.333,Municipality,Pedestrian,'Single Vehicle',Clear,Dry,'Dark - Not Lighted','TRAFFIC SIGNAL','None Detected','None Detected','Cross/Enter at Intersection',None,'ON ROADWAY AT CROSSWALK',No,None,0.608865,0.895294,'No Apparent Injury'
MONTGOMERY,42960,12.117,County,Pedestrian,'Single Vehicle',Clear,Dry,Daylight,'NO CONTROLS','None Detected','None Detected','Cross/Enter at Intersection',None,'ON ROADWAY AT CROSSWALK',Yes,None,0.542574,0.887559,'Suspected Serious Injury'
MONTGOMERY,45475,14.3,County,Pedestrian,'Single Vehicle',Clear,Dry,Daylight,'NO CONTROLS','None Detected','ALCOHOL PRESENT','Cross/Enter at Intersection',None,'ON ROADWAY AT CROSSWALK',No,None,0.643101,0.872799,'Suspected Serious Injury'
ROCKVILLE,42613,15.583,'Maryland (State)',Pedestrian,'Single Vehicle',Clear,Dry,Daylight,'NO CONTROLS','None Detected','None Detected','Cross/Enter Not at Intersection','IN ROADWAY IMPROPERLY','ON ROADWAY NOT AT CROSSWALK',Yes,None,0.579416,0.906866,'Suspected Minor Injury'
MONTGOMERY,44690,18.667,'Maryland (State)',Pedestrian,'Single Vehicle',Clear,Dry,Daylight,'TRAFFIC SIGNAL','None Detected','None Detected','Cross/Enter at Intersection',None,'AT AT INTERSECTION MARKED CROSSWALK',No,None,0.498142,0.918824,'Possible Injury'
MONTGOMERY,42917,10.25,'Maryland (State)',Bicyclist,'SAME DIRECTION SIDESWIPE',Clear,Dry,Daylight,'TRAFFIC SIGNAL','None Detected','None Detected','Cross/Enter at Intersection',None,'IN BIKEWAY',No,Yes,0.639716,0.934673,'Possible Injury'
MONTGOMERY,44085,8.833,County,Bicyclist,'Single Vehicle',Clear,Dry,Daylight,'STOP SIGN','None Detected','None Detected','Walking/Riding against Traffic','IN ROADWAY IMPROPERLY','ON ROADWAY NOT AT CROSSWALK',Yes,None,0.541675,0.904355,'Suspected Minor Injury'
MONTGOMERY,42905,15.333,County,Pedestrian,'Single Vehicle',Rain,Wet,Daylight,'TRAFFIC SIGNAL','None Detected','None Detected','Cross/Enter at Intersection',None,'ON ROADWAY NOT AT CROSSWALK',No,None,0.46778,0.921356,'Suspected Minor Injury'
MONTGOMERY,44354,11.417,County,Pedestrian,'Single Vehicle',Clear,Dry,Daylight,'NO CONTROLS','None Detected','None Detected','Cross/Enter at Intersection',None,'ON ROADWAY AT CROSSWALK',No,None,0.712458,0.848775,'Possible Injury'
MONTGOMERY,42756,16.917,'Maryland (State)',Bicyclist,'Single Vehicle',Cloudy,Dry,Dusk,'TRAFFIC SIGNAL','None Detected','None Detected','Walking/Riding w/Traffic','IMPROPER PASSING','ON ROADWAY NOT AT CROSSWALK',Yes,Yes,0.48642,0.920495,'Possible Injury'
MONTGOMERY,42677,13.333,County,Pedestrian,'Single Vehicle',Rain,Wet,Daylight,'NO CONTROLS','None Detected','None Detected',' Working',None,'OUTSIDE RIGHT OF WAY',No,None,0.508081,0.912501,'Suspected Minor Injury'
MONTGOMERY,42496,15.95,County,Pedestrian,'Single Vehicle',Rain,Dry,Daylight,'NO CONTROLS','None Detected','None Detected','Cross/Enter at Intersection',None,'ON ROADWAY AT CROSSWALK',No,None,0.602751,0.928867,'Suspected Minor Injury'
MONTGOMERY,42549,13.25,County,Pedestrian,'Single Vehicle',Cloudy,Dry,Daylight,'TRAFFIC SIGNAL','None Detected','None Detected','Cross/Enter at Intersection',None,'ON ROADWAY AT CROSSWALK',No,None,0.572006,0.938343,'No Apparent Injury'
MONTGOMERY,43015,11.617,County,Bicyclist,'Single Vehicle',Clear,Dry,Daylight,'TRAFFIC SIGNAL','None Detected','None Detected','Cross/Enter at Intersection',None,'ON ROADWAY AT CROSSWALK',No,None,0.6496,0.890765,'Suspected Minor Injury'