'Agency Name','Days after Jan 1','Hours past Midnight','Route Type','Related Non-Motorist','Collision Type',Weather,'Surface Condition',Light,'Traffic Control','Driver Substance Abuse','Non-Motorist Substance Abuse','Pedestrian Movement','Pedestrian Actions','Pedestrian Location','At Fault','Safety Equipment','Lat- Normalized','Long- Normalized','Injury Severity'
TAKOMA,42716,15.333,'Maryland (State)',Pedestrian,'Single Vehicle',Clear,Dry,Daylight,'NO CONTROLS','None Detected','None Detected','Cross/Enter at Intersection',Inattentive,'AT AT INTERSECTION MARKED CROSSWALK',No,None,0.495626,0.951205,'Suspected Minor Injury'
MONTGOMERY,42516,19.133,County,Pedestrian,'Single Vehicle',Clear,Dry,Daylight,'NO CONTROLS','None Detected','None Detected','Cross/Enter at Intersection',None,SIDEWALK,No,None,0.521106,0.961276,'Possible Injury'
MONTGOMERY,43322,20.75,County,Pedestrian,'Single Vehicle',Clear,Dry,'Dark - Lighted','NO CONTROLS','None Detected','None Detected','Cross/Enter at Intersection',None,'ON ROADWAY AT CROSSWALK',No,None,0.612957,0.990027,'No Apparent Injury'
ROCKVILLE,42145,15.117,Municipality,Pedestrian,'STRAIGHT MOVEMENT ANGLE',Cloudy,Wet,Daylight,'TRAFFIC SIGNAL','None Detected','None Detected','Cross/Enter Not at Intersection','IN ROADWAY IMPROPERLY','OUTSIDE RIGHT OF WAY',No,None,0.607027,0.8932,'Suspected Minor Injury'
MONTGOMERY,43649,14.967,County,Pedestrian,'Single Vehicle',Clear,Dry,Daylight,'NO CONTROLS','None Detected','None Detected','Cross/Enter at Intersection',None,'ON ROADWAY AT CROSSWALK',Yes,None,0.601433,0.925503,'Suspected Minor Injury'
MONTGOMERY,44667,21.75,County,Pedestrian,'Single Vehicle',Clear,Dry,'Dark - Lighted','TRAFFIC SIGNAL','None Detected','None Detected','Cross/Enter at Intersection',None,'AT AT INTERSECTION MARKED CROSSWALK',No,None,0.623803,0.985225,'Suspected Minor Injury'
MONTGOMERY,43420,9.583,'Maryland (State)',Pedestrian,'Single Vehicle',Clear,Wet,Daylight,'TRAFFIC SIGNAL','None Detected','ALCOHOL CONTRIBUTED','Cross/Enter at Intersection',Dart/Dash,'ON ROADWAY NOT AT CROSSWALK',Yes,None,0.636716,0.927017,'No Apparent Injury'
MONTGOMERY,44040,17.583,'Maryland (State)',Pedestrian,'Single Vehicle',Clear,Dry,Daylight,'TRAFFIC SIGNAL','None Detected','None Detected',Standing,None,SIDEWALK,No,None,0.643668,0.88753,'Suspected Serious Injury'
MONTGOMERY,44314,23.033,'Maryland (State)',Pedestrian,'Single Vehicle',Clear,Dry,'Dark - Lighted','NO CONTROLS','None Detected','MEDICATION PRESENT','Cross/Enter Not at Intersection',None,'ON ROADWAY NOT AT CROSSWALK',No,None,0.594252,0.932168,'Fatal Injury'
MONTGOMERY,42080,6.7,County,Pedestrian,'Single Vehicle',Clear,Dry,'Dark - Lighted','NO CONTROLS','None Detected','None Detected','Approach/Leaving Schoolbus',Dart/Dash,'ON ROADWAY AT CROSSWALK',No,None,0.605623,0.985414,'Suspected Minor Injury'
MONTGOMERY,42068,10.683,County,Pedestrian,'Single Vehicle',Snow,Dry,Daylight,'NO CONTROLS','None Detected','None Detected','Cross/Enter at Intersection',None,'ON ROADWAY AT CROSSWALK',No,None,0.468554,0.92212,'Possible Injury'
MONTGOMERY,43134,23.567,County,Pedestrian,'Single Vehicle',Cloudy,Dry,'Dark - Lighted','TRAFFIC SIGNAL','None Detected','ALCOHOL CONTRIBUTED','Cross/Enter at Intersection','FAILURE TO OBEY TRAFFIC SIGNS SIGNALS OR OFFICER','ON ROADWAY AT CROSSWALK',Yes,None,0.651046,0.882473,'Suspected Minor Injury'
MONTGOMERY,44223,9.333,County,Pedestrian,'Single Vehicle',Cloudy,Dry,Daylight,'NO CONTROLS','None Detected','None Detected','Cross/Enter at Intersection',None,'ON ROADWAY AT CROSSWALK',No,None,0.591579,0.95981,'Suspected Minor Injury'
MONTGOMERY,42539,13.083,County,Pedestrian,'Single Vehicle',Clear,Dry,Daylight,'STOP SIGN','None Detected','None Detected','Cross/Enter at Intersection',None,'AT AT INTERSECTION MARKED CROSSWALK',No,None,0.454278,0.907639,'Possible Injury'
MONTGOMERY,45607,19.633,County,Pedestrian,'Single Vehicle',Clear,Dry,'Dark - Lighted','NO CONTROLS','None Detected','None Detected','Cross/Enter at Intersection',None,'ON ROADWAY AT CROSSWALK',No,None,0.551278,0.93729,'Possible Injury'
MONTGOMERY,44810,14.5,County,Bicyclist,'STRAIGHT MOVEMENT ANGLE',Clear,Dry,Daylight,'STOP SIGN','None Detected','None Detected','Cross/Enter at Intersection',None,SHOULDER,No,Yes,0.504842,0.91286,'Possible Injury'
MONTGOMERY,42313,17.383,'Maryland (State)',Bicyclist,'Single Vehicle',Clear,Dry,'Dark - Lighted','STOP SIGN','None Detected','None Detected','Cross/Enter at Intersection',None,'ON ROADWAY AT CROSSWALK',No,None,0.684813,0.932689,'Suspected Minor Injury'
MONTGOMERY,44329,18.933,County,Bicyclist,'STRAIGHT MOVEMENT ANGLE',Clear,Dry,Daylight,'TRAFFIC SIGNAL','None Detected','None Detected','Cross/Enter at Intersection',None,'AT AT INTERSECTION MARKED CROSSWALK',No,Yes,0.627855,0.968578,'Suspected Minor Injury'
MONTGOMERY,43216,7.5,County,Bicyclist,'HEAD ON LEFT TURN',Clear,Dry,Daylight,'NO CONTROLS','None Detected','None Detected','Walking/Riding w/Traffic',None,SHOULDER,No,Yes,0.50265,0.916803,'Suspected Minor Injury'
MONTGOMERY,44394,11.15,'Maryland (State)',Bicyclist,'SAME DIRECTION SIDESWIPE',Clear,Dry,Daylight,'TRAFFIC SIGNAL','None Detected','None Detected','Walking/Riding w/Traffic',None,'ON ROADWAY NOT AT CROSSWALK',No,Yes,0.65862,0.856638,'Suspected Minor Injury'
MONTGOMERY,43852,15.05,'Maryland (State)',Pedestrian,'Single Vehicle',Clear,Dry,Daylight,'TRAFFIC SIGNAL','None Detected','None Detected','Walking/Riding against Traffic','IN ROADWAY IMPROPERLY','ON ROADWAY AT CROSSWALK',Yes,None,0.589138,0.933894,'Possible Injury'
MONTGOMERY,44354,16.767,County,Pedestrian,'Single Vehicle',Clear,Dry,Daylight,'NO CONTROLS','None Detected','None Detected','Cross/Enter at Intersection',None,'ON ROADWAY AT CROSSWALK',No,None,0.599055,0.959074,'Suspected Minor Injury'
MONTGOMERY,42921,20.183,County,Bicyclist,'STRAIGHT MOVEMENT ANGLE',Rain,Wet,Dawn,'TRAFFIC SIGNAL','None Detected','None Detected','Walking/Cycling on Sidewalk','NOT VISIBLE','AT AT INTERSECTION MARKED CROSSWALK',Yes,None,0.724575,0.840233,'Suspected Minor Injury'
MONTGOMERY,44747,9.033,County,Bicyclist,'SAME DIRECTION SIDESWIPE',Cloudy,Dry,Daylight,'NO CONTROLS','None Detected','None Detected','Walking/Riding w/Traffic',None,'ON ROADWAY NOT AT CROSSWALK',No,Yes,0.597768,0.86278,'Suspected Serious Injury'
GAITHERSBURG,44115,17.483,County,Pedestrian,'Single Vehicle',Rain,Dry,Daylight,'NO CONTROLS','None Detected','None Detected','Cross/Enter at Intersection',None,'ON ROADWAY AT CROSSWALK',No,None,0.65171,0.856143,'Possible Injury'
MONTGOMERY,44191,17.55,County,Bicyclist,'Single Vehicle',Cloudy,Dry,'Dark - Lighted','TRAFFIC SIGNAL','None Detected','None Detected','Cross/Enter at Intersection',None,'ON ROADWAY AT CROSSWALK',No,Yes,0.633046,0.891042,'Suspected Minor Injury'
MONTGOMERY,42973,12.783,County,Bicyclist,'Single Vehicle',Clear,Dry,Daylight,'TRAFFIC SIGNAL','None Detected','None Detected','Walking/Riding against Traffic','FAILURE TO OBEY TRAFFIC SIGNS SIGNALS OR OFFICER','ON ROADWAY AT CROSSWALK',Yes,Yes,0.518494,0.917775,'Suspected Minor Injury'
MONTGOMERY,43854,13,'Maryland (State)',Pedestrian,'Single Vehicle',Clear,Dry,Daylight,'NO CONTROLS','None Detected','None Detected','Cross/Enter at Intersection',None,'ON ROADWAY AT CROSSWALK',No,None,0.577243,0.961766,'No Apparent Injury'
MONTGOMERY,44380,8.5,Municipality,Pedestrian,'Single Vehicle',Clear,Dry,Daylight,'TRAFFIC SIGNAL','None Detected','None Detected','Cross/Enter at Intersection',None,'ON ROADWAY AT CROSSWALK',No,None,0.693964,0.86418,'Suspected Minor Injury'
MONTGOMERY,42705,6.85,'Maryland (State)',Pedestrian,'Single Vehicle',Clear,Dry,'Dark - Lighted','NO CONTROLS','None Detected','None Detected','Cross/Enter at Intersection',Dart/Dash,'ON ROADWAY NOT AT CROSSWALK',Yes,None,0.568914,0.928751,'Suspected Serious Injury'
MONTGOMERY,45367,6.533,County,Pedestrian,'Single Vehicle',Clear,Dry,'Dark - Lighted','TRAFFIC SIGNAL','None Detected','None Detected','Cross/Enter at Intersection',None,'ON ROADWAY AT CROSSWALK',No,None,0.577895,0.974453,'Possible Injury'
MONTGOMERY,43263,20.65,'Maryland (State)',Bicyclist,'STRAIGHT MOVEMENT ANGLE',Clear,Dry,'Dark - Lighted','TRAFFIC SIGNAL','None Detected','None Detected','Cross/Enter at Intersection',None,'ON ROADWAY AT CROSSWALK',No,None,0.574175,0.908583,'Suspected Minor Injury'
MONTGOMERY,42987,23.183,County,Pedestrian,'Single Vehicle',Clear,Dry,'Dark - Not Lighted','WARNING SIGN','None Detected','None Detected','Cross/Enter at Intersection',Inattentive,'ON ROADWAY AT CROSSWALK',No,None,0.689363,0.872614,'Possible Injury'
MONTGOMERY,44713,10.333,County,Pedestrian,'Single Vehicle',Clear,Dry,Daylight,'NO CONTROLS','None Detected','None Detected','Cross/Enter at Intersection',None,'INSIDE BUILDING',No,None,0.496709,0.948034,'No Apparent Injury'
MONTGOMERY,42671,17.067,County,Pedestrian,'Single Vehicle',Clear,Dry,Daylight,'NO CONTROLS','None Detected','None Detected','Cross/Enter at Intersection',None,'ON ROADWAY AT CROSSWALK',No,None,0.627758,0.92729,'Possible Injury'
MONTGOMERY,42856,13.083,County,Bicyclist,'Single Vehicle',Clear,Dry,Daylight,'STOP SIGN','None Detected','None Detected','Cross/Enter at Intersection','FAILURE TO YIELD RIGHT OF WAY','ON ROADWAY AT CROSSWALK',Yes,Yes,0.51854,0.911513,'Suspected Minor Injury'
MONTGOMERY,43750,16.5,County,' CONVEYANCE','STRAIGHT MOVEMENT ANGLE',Clear,Dry,Daylight,'NO CONTROLS','None Detected','None Detected','Cross/Enter at Intersection',None,'MIDBLOCK MARKED CROSSWALK',No,None,0.686191,0.873265,'Suspected Serious Injury'
MONTGOMERY,42296,17.8,County,Pedestrian,'Single Vehicle',Clear,Dry,Daylight,'STOP SIGN','None Detected','None Detected','Cross/Enter at Intersection',None,'ON ROADWAY AT CROSSWALK',No,None,0.614329,0.937047,'No Apparent Injury'
MONTGOMERY,44407,22.15,County,Pedestrian,'Single Vehicle',Clear,Dry,'Dark - Not Lighted','NO CONTROLS','None Detected','None Detected','Getting off/on Vehicle',None,'ON ROADWAY AT CROSSWALK',Yes,None,0.533321,0.883596,'Suspected Minor Injury'
MONTGOMERY,43316,5,County,Bicyclist,'SAME DIR REAR END',Cloudy,Wet,'Dark - Lighted','NO CONTROLS','None Detected','None Detected','Walking/Riding w/Traffic',None,SHOULDER,No,Yes,0.786486,0.841742,'Suspected Serious Injury'
MONTGOMERY,42170,19.8,Municipality,Bicyclist,'Single Vehicle',Clear,Dry,Daylight,'NO CONTROLS','None Detected','None Detected','Cross/Enter at Intersection','IN ROADWAY IMPROPERLY','ON ROADWAY NOT AT CROSSWALK',No,None,0.627382,0.889777,'Suspected Minor Injury'
MONTGOMERY,44111,9.35,'Maryland (State)',Pedestrian,'Single Vehicle',Clear,Dry,Daylight,'TRAFFIC SIGNAL','None Detected','None Detected',' Working',None,'ON ROADWAY NOT AT CROSSWALK',No,Yes,0.600066,0.960037,'Suspected Minor Injury'
MONTGOMERY,43750,17.817,'US (State)',Pedestrian,'Single Vehicle',Clear,Dry,Daylight,'NO CONTROLS','None Detected','None Detected','Getting off/on Vehicle',None,SIDEWALK,No,None,0.496102,0.948952,'Possible Injury'
MONTGOMERY,44451,11.667,County,Pedestrian,'Single Vehicle',Clear,Dry,Daylight,'NO CONTROLS','None Detected','None Detected',Standing,None,'ON ROADWAY AT CROSSWALK',No,None,0.505942,0.926475,'Suspected Minor Injury'
MONTGOMERY,43067,17.483,County,Pedestrian,'Single Vehicle',Clear,Dry,'Dark - Lighted','TRAFFIC SIGNAL','None Detected','None Detected','Cross/Enter at Intersection',None,'AT AT INTERSECTION MARKED CROSSWALK',No,None,0.644974,0.887902,'Possible Injury'
MONTGOMERY,44134,6.883,'Maryland (State)',Pedestrian,'STRAIGHT MOVEMENT ANGLE',Rain,Wet,'Dark - Lighted','TRAFFIC SIGNAL','None Detected','None Detected','Cross/Enter at Intersection',Dart/Dash,'ON ROADWAY AT CROSSWALK',Yes,None,0.611592,0.925666,'Possible Injury'
MONTGOMERY,42638,9.567,'Maryland (State)',Bicyclist,'ANGLE MEETS LEFT TURN',Clear,Dry,Daylight,'STOP SIGN','None Detected','None Detected','Walking/Riding w/Traffic',None,SHOULDER,No,Yes,0.828257,0.889864,'Suspected Minor Injury'
GAITHERSBURG,44677,15.5,Municipality,Pedestrian,'Single Vehicle',Cloudy,Wet,Daylight,'NO CONTROLS','None Detected','None Detected','Cross/Enter Not at Intersection',Dart/Dash,'ON ROADWAY NOT AT CROSSWALK',Yes,None,0.673881,0.876593,'Suspected Minor Injury'
MONTGOMERY,43551,19.417,County,Pedestrian,'Single Vehicle',Clear,Dry,Dusk,'NO CONTROLS','None Detected','None Detected',Playing,Dart/Dash,'ON ROADWAY NOT AT CROSSWALK',Yes,None,0.611678,0.932639,'Possible Injury'
ROCKVILLE,43563,10,Municipality,Pedestrian,'Single Vehicle',Clear,Dry,Daylight,'NO CONTROLS','None Detected','None Detected','Getting off/on Vehicle',Inattentive,'ON ROADWAY AT CROSSWALK',No,None,0.577895,0.901827,'Possible Injury'
MONTGOMERY,44824,18.583,County,Bicyclist,'SAME DIR REAR END',Clear,Dry,Daylight,'NO CONTROLS','None Detected','None Detected','Walking/Riding w/Traffic',None,'ON ROADWAY NOT AT CROSSWALK',No,Yes,0.829239,0.898587,'Suspected Serious Injury'
MONTGOMERY,44547,6.733,County,Pedestrian,'Single Vehicle',Clear,Dry,'Dark - Lighted','NO CONTROLS','None Detected','None Detected','Cross/Enter at Intersection',None,'ON ROADWAY AT CROSSWALK',No,None,0.558165,0.966298,'Suspected Minor Injury'
ROCKVILLE,44063,10.1,Municipality,Pedestrian,'Single Vehicle',Clear,Dry,Daylight,'NO CONTROLS','None Detected','None Detected','Cross/Enter at Intersection',None,'AT AT INTERSECTION MARKED CROSSWALK',No,None,0.619048,0.902288,'Suspected Minor Injury'
MONTGOMERY,43035,8.867,' Public Roadway',Pedestrian,'Single Vehicle',Clear,Dry,Daylight,'NO CONTROLS','None Detected','None Detected','Cross/Enter at Intersection','IN ROADWAY IMPROPERLY','ON ROADWAY NOT AT CROSSWALK',Yes,None,0.723191,0.857026,'Suspected Minor Injury'
MONTGOMERY,43382,6.933,'Maryland (State)',Pedestrian,'ANGLE MEETS RIGHT TURN',Clear,Dry,Dawn,'NO CONTROLS','None Detected','None Detected',Standing,None,SIDEWALK,No,None,0.601585,0.928734,'Possible Injury'
MONTGOMERY,42273,17.667,County,Pedestrian,'Single Vehicle',Clear,Dry,Daylight,'NO CONTROLS','None Detected','None Detected','Cross/Enter at Intersection',None,'ON ROADWAY AT CROSSWALK',No,None,0.509006,0.943934,'Suspected Minor Injury'
MONTGOMERY,43017,6.55,County,Pedestrian,'Single Vehicle',Rain,Wet,'Dark - Lighted','TRAFFIC SIGNAL','None Detected','None Detected','Cross/Enter at Intersection',None,'AT AT INTERSECTION MARKED CROSSWALK',No,None,0.584082,0.909586,'Suspected Minor Injury'
MONTGOMERY,43390,6.633,County,Pedestrian,'STRAIGHT MOVEMENT ANGLE',Clear,Dry,'Dark - Lighted','STOP SIGN','None Detected','None Detected','Cross/Enter at Intersection','IN ROADWAY IMPROPERLY','ON ROADWAY NOT AT CROSSWALK',Yes,None,0.452374,0.90774,'Suspected Minor Injury'
MONTGOMERY,45565,19.733,County,Pedestrian,'SAME DIR REAR END',Clear,Dry,'Dark - Lighted','NO CONTROLS','ILLEGAL DRUG CONTRIBUTED','None Detected','Walking/Cycling on Sidewalk',None,SIDEWALK,No,None,0.614948,0.941236,'Suspected Serious Injury'
MONTGOMERY,43045,18.083,'Maryland (State)',Pedestrian,'Single Vehicle',Cloudy,Wet,'Dark - Lighted','TRAFFIC SIGNAL','None Detected','None Detected','Cross/Enter at Intersection',None,'AT AT INTERSECTION MARKED CROSSWALK',No,None,0.58403,0.938866,'Suspected Minor Injury'
ROCKVILLE,44518,19.217,Municipality,Pedestrian,'STRAIGHT MOVEMENT ANGLE',Rain,Wet,'Dark - Lighted','TRAFFIC SIGNAL','None Detected','None Detected','Cross/Enter at Intersection','NOT VISIBLE','ON ROADWAY AT CROSSWALK',No,None,0.608426,0.894226,'Suspected Minor Injury'
MONTGOMERY,42099,13,'Maryland (State)',Pedestrian,'Single Vehicle',Clear,Dry,Daylight,PERSON,'None Detected','None Detected',Standing,None,'AT INTERSECTION BUT NO CROSSWALK',No,Yes,0.672193,0.900765,'Suspected Minor Injury'
MONTGOMERY,43040,19.817,'Maryland (State)',Pedestrian,'Single Vehicle',Clear,Dry,'Dark - Lighted','TRAFFIC SIGNAL','None Detected','None Detected','Cross/Enter at Intersection',None,'ON ROADWAY AT CROSSWALK',No,None,0.485549,0.964264,'Fatal Injury'
MONTGOMERY,44673,16.3,'Maryland (State)',Bicyclist,'STRAIGHT MOVEMENT ANGLE',Clear,Dry,Daylight,'TRAFFIC SIGNAL','None Detected','None Detected','Cross/Enter at Intersection','FAILURE TO YIELD RIGHT OF WAY','ON ROADWAY AT CROSSWALK',Yes,None,0.619042,0.893264,'Suspected Serious Injury'
MONTGOMERY,44587,20,County,Pedestrian,'Single Vehicle',Clear,Dry,'Dark - Lighted','TRAFFIC SIGNAL','None Detected','None Detected','Cross/Enter at Intersection',None,'AT AT INTERSECTION MARKED CROSSWALK',No,None,0.579028,0.933309,'Suspected Minor Injury'
ROCKVILLE,42664,12.967,'Maryland (State)',Pedestrian,'Single Vehicle',Clear,Dry,Daylight,'TRAFFIC SIGNAL','None Detected','None Detected','Cross/Enter at Intersection',Dart/Dash,'AT AT INTERSECTION MARKED CROSSWALK',Yes,None,0.633351,0.890225,'Suspected Minor Injury'
MONTGOMERY,45435,13.4,County,Pedestrian,'Single Vehicle',Clear,Dry,Daylight,'STOP SIGN','None Detected','None Detected','Cross/Enter at Intersection',None,'ON ROADWAY AT CROSSWALK',No,None,0.537982,0.940739,'Suspected Minor Injury'
MONTGOMERY,42581,12.817,'Maryland (State)',Bicyclist,'Single Vehicle',Cloudy,Dry,Daylight,'TRAFFIC SIGNAL','None Detected','None Detected','Cross/Enter at Intersection',None,'AT AT INTERSECTION MARKED CROSSWALK',No,None,0.545315,0.927061,'Suspected Minor Injury'
MONTGOMERY,42050,0,County,Pedestrian,'SAME DIR REAR END',Snow,Snow,'Dark - Not Lighted','NO CONTROLS','None Detected','None Detected','Getting off/on Vehicle','ENTERING EXITING PARKED STANDING VEHICLE','ON ROADWAY NOT AT CROSSWALK',No,None,0.58845,0.92165,'Suspected Minor Injury'
MONTGOMERY,42978,18,County,Bicyclist,'Single Vehicle',Clear,Dry,Daylight,'NO CONTROLS','None Detected','None Detected','Cross/Enter at Intersection','FAILURE TO YIELD RIGHT OF WAY','OUTSIDE RIGHT OF WAY',Yes,None,0.597046,0.958534,'Suspected Minor Injury'
ROCKVILLE,43091,14.667,Municipality,Bicyclist,'STRAIGHT MOVEMENT ANGLE',Clear,Dry,Daylight,'STOP SIGN','None Detected','ALCOHOL PRESENT','Walking/Riding w/Traffic',None,'ON ROADWAY NOT AT CROSSWALK',No,None,0.614584,0.897912,'Suspected Minor Injury'
MONTGOMERY,44803,14.5,'Maryland (State)',Bicyclist,'SAME DIR REAR END',Clear,Dry,Daylight,'NO CONTROLS','None Detected','None Detected','Walking/Riding w/Traffic',None,'ON ROADWAY AT CROSSWALK',No,Yes,0.554968,0.935868,'No Apparent Injury'
MONTGOMERY,44411,15.25,County,Pedestrian,'Single Vehicle',Clear,Dry,Daylight,'STOP SIGN','None Detected','None Detected','Cross/Enter Not at Intersection',None,'DRIVEWAY ACCESS MARKED CROSSWALK',No,None,0.534986,0.971478,'Possible Injury'
MONTGOMERY,44029,20.25,County,Pedestrian,'Single Vehicle',Clear,Dry,Daylight,'STOP SIGN','None Detected','None Detected','Cross/Enter Not at Intersection','IN ROADWAY IMPROPERLY','ON ROADWAY NOT AT CROSSWALK',Yes,None,0.562749,0.935393,'Suspected Minor Injury'
MONTGOMERY,42044,20.533,County,Pedestrian,'Single Vehicle','WINTRY MIX',Wet,'Dark - Lighted','TRAFFIC SIGNAL','None Detected','None Detected','Cross/Enter at Intersection',Dart/Dash,'ON ROADWAY AT CROSSWALK',No,None,0.741623,0.849223,'Suspected Minor Injury'
ROCKVILLE,42794,19,Municipality,Pedestrian,'Single Vehicle',Rain,Wet,'Dark - Lighted','TRAFFIC SIGNAL','None Detected','None Detected','Cross/Enter at Intersection',None,'ON ROADWAY AT CROSSWALK',No,None,0.615339,0.893033,'Suspected Minor Injury'
MONTGOMERY,42757,18.933,County,Pedestrian,'Single Vehicle',Cloudy,Dry,'Dark - Lighted','NO CONTROLS','None Detected','None Detected','Cross/Enter at Intersection',Dart/Dash,'ON ROADWAY AT CROSSWALK',Yes,None,0.648764,0.880513,'Possible Injury'
MONTGOMERY,44801,13.35,'Maryland (State)',Pedestrian,'Single Vehicle',Clear,Dry,Daylight,'TRAFFIC SIGNAL','None Detected','None Detected','Walking/Riding against Traffic',None,SIDEWALK,No,None,0.558397,0.939185,'Possible Injury'
MONTGOMERY,44679,10.017,County,Pedestrian,'Single Vehicle',Clear,Dry,Daylight,'TRAFFIC SIGNAL','None Detected','None Detected','Cross/Enter Not at Intersection','FAILURE TO OBEY TRAFFIC SIGNS SIGNALS OR OFFICER','ON ROADWAY AT CROSSWALK',Yes,None,0.545527,0.910896,'Fatal Injury'
MONTGOMERY,45591,21.233,County,Pedestrian,'Single Vehicle',Clear,Dry,'Dark - Not Lighted','NO CONTROLS','None Detected','None Detected','Cross/Enter at Intersection',None,CURB,No,None,0.621774,0.858033,'Possible Injury'
MONTGOMERY,42685,16.033,'Maryland (State)',Pedestrian,'Single Vehicle',Clear,Dry,Daylight,'TRAFFIC SIGNAL','None Detected','None Detected','Cross/Enter at Intersection',None,'AT AT INTERSECTION MARKED CROSSWALK',No,None,0.558188,0.93722,'Possible Injury'
MONTGOMERY,42716,6.417,County,Pedestrian,'Single Vehicle',Rain,Wet,'Dark - Lighted','TRAFFIC SIGNAL','None Detected','None Detected','Cross/Enter at Intersection',None,'AT AT INTERSECTION MARKED CROSSWALK',No,None,0.645308,0.888176,'Suspected Minor Injury'
ROCKVILLE,42740,22.05,Municipality,Pedestrian,'Single Vehicle',Cloudy,Dry,'Dark - Lighted','NO CONTROLS','None Detected','None Detected','Walking/Cycling on Sidewalk',None,SIDEWALK,No,Yes,0.596544,0.902755,'Suspected Minor Injury'
MONTGOMERY,44551,15.417,County,Pedestrian,'Single Vehicle',Clear,Dry,Daylight,'NO CONTROLS','None Detected','None Detected','Cross/Enter at Intersection',None,'ON ROADWAY NOT AT CROSSWALK',No,None,0.558079,0.891128,'Suspected Minor Injury'
MONTGOMERY,44587,9.317,County,Pedestrian,'SAME DIRECTION SIDESWIPE',Clear,Dry,Daylight,'NO CONTROLS','None Detected','None Detected','Cross/Enter at Intersection','IN ROADWAY IMPROPERLY','ON ROADWAY AT CROSSWALK',No,None,0.650243,0.881997,'Possible Injury'
MONTGOMERY,42289,6.983,'Maryland (State)',Pedestrian,'Single Vehicle',Clear,Dry,Dawn,'TRAFFIC SIGNAL','None Detected','None Detected','Cross/Enter at Intersection',Inattentive,'ON ROADWAY AT CROSSWALK',Yes,None,0.568377,0.938667,'Suspected Minor Injury'
MONTGOMERY,44033,9.433,County,Bicyclist,'Single Vehicle',Clear,Dry,Daylight,'STOP SIGN','None Detected','None Detected','Walking/Cycling on Sidewalk',None,'MIDBLOCK MARKED CROSSWALK',No,None,0.713542,0.841988,'Possible Injury'
MONTGOMERY,45515,13.167,County,' CONVEYANCE','Single Vehicle',Clear,Dry,Daylight,'NO CONTROLS','None Detected','None Detected','Cross/Enter at Intersection',None,'ON ROADWAY AT CROSSWALK',No,None,0.499779,0.951981,'Suspected Minor Injury'
MONTGOMERY,43287,16.5,County,'MACHINE OPERATOR/RIDER','OPPOSITE DIRECTION SIDESWIPE',Clear,Dry,Daylight,'NO CONTROLS','None Detected','None Detected','Walking/Riding w/Traffic',None,'ON ROADWAY NOT AT CROSSWALK',No,None,0.555592,0.936126,'Possible Injury'
MONTGOMERY,43710,9.917,County,Pedestrian,'Single Vehicle',Cloudy,Dry,Daylight,'TRAFFIC SIGNAL','None Detected','None Detected','Cross/Enter at Intersection',None,'AT AT INTERSECTION MARKED CROSSWALK',No,None,0.614636,0.939659,'Suspected Minor Injury'
ROCKVILLE,44815,15.367,County,Pedestrian,'SAME DIRECTION SIDESWIPE',Cloudy,Dry,Daylight,'NO CONTROLS','None Detected','None Detected',Standing,None,'ON ROADWAY AT CROSSWALK',No,None,0.622366,0.876023,'Suspected Minor Injury'
MONTGOMERY,44807,20.8,'US (State)',Pedestrian,'Single Vehicle',Clear,Dry,'Dark - Lighted','STOP SIGN','None Detected','None Detected','Cross/Enter at Intersection',None,'ON ROADWAY AT CROSSWALK',No,None,0.535739,0.95544,'Suspected Minor Injury'
MONTGOMERY,43546,5.833,County,Pedestrian,'Single Vehicle',Cloudy,Wet,Dawn,'TRAFFIC SIGNAL','None Detected','None Detected','Cross/Enter at Intersection',None,'AT INTERSECTION BUT NO CROSSWALK',No,None,0.519013,0.969154,'Suspected Serious Injury'
MONTGOMERY,42022,18.717,'Maryland (State)','MACHINE OPERATOR/RIDER','HEAD ON LEFT TURN',Clear,Wet,'Dark - Lighted','TRAFFIC SIGNAL','None Detected','None Detected','Cross/Enter at Intersection',None,'AT AT INTERSECTION MARKED CROSSWALK',No,None,0.58183,0.906058,'Possible Injury'
MONTGOMERY,42600,13.167,County,Bicyclist,'Single Vehicle',Clear,Dry,Daylight,'NO CONTROLS','None Detected','None Detected','Walking/Cycling on Sidewalk','WRONG WAY RIDING OR WALKING',SIDEWALK,No,Yes,0.532954,0.954442,'Possible Injury'
MONTGOMERY,44502,20.25,'Maryland (State)',Pedestrian,'Single Vehicle',Rain,Wet,'Dark - Lighted','TRAFFIC SIGNAL','None Detected','None Detected','Cross/Enter at Intersection',None,'ON ROADWAY AT CROSSWALK',No,None,0.511205,0.962881,'Possible Injury'
MONTGOMERY,42236,20.717,County,' CONVEYANCE','STRAIGHT MOVEMENT ANGLE',Snow,Wet,'Dark - Lighted','STOP SIGN','None Detected','None Detected','Cross/Enter at Intersection','IN ROADWAY IMPROPERLY','AT INTERSECTION BUT NO CROSSWALK',Yes,None,0.604647,0.984497,'Suspected Minor Injury'
MONTGOMERY,44901,18.233,County,Pedestrian,'Single Vehicle',Rain,Dry,'Dark - Lighted','NO CONTROLS','None Detected','None Detected','Walking/Riding against Traffic',None,'ON ROADWAY AT CROSSWALK',No,None,0.538455,0.906003,'Possible Injury'